statement,label
"Exactly 2 of the following cities are in North Korea: Nizhniy Novgorod, Xingtai, and Hamhung.",0
"Exactly 2 of the following cities are in China: Anshan, Antalya, and Taicang.",1
"Exactly 1 of the following cities are in Russia: Khabarovsk Vtoroy, Guntur, and Aleppo.",1
"Exactly 1 of the following cities are in China: Kitakyushu, Zhaotong, and Zibo.",0
"Exactly 1 of the following cities are in India: Thane, Muzaffarabad, and Fushun.",1
"Exactly 1 of the following cities are in South Africa: Malatya, Tembisa, and Pietermaritzburg.",0
"Exactly 2 of the following cities are in India: Tashkent, Ludhiana, and Tianjin.",0
"Exactly 1 of the following cities are in China: Tanggu, Tianjin, and Bareilly.",0
"Exactly 2 of the following cities are in China: Zibo, Chennai, and Kakamega.",0
"Exactly 1 of the following cities are in China: Yangjiang, Cucuta, and Jeonju.",1
"Exactly 2 of the following cities are in China: Guangzhou, Rawalpindi, and Heze.",1
"Exactly 2 of the following cities are in China: Dushanbe, Joao Pessoa, and Zhumadian.",0
"Exactly 2 of the following cities are in Mexico: Saitama, Kumamoto, and Acapulco de Juarez.",0
"Exactly 1 of the following cities are in China: Yangjiang, Nanchang, and Dammam.",0
"Exactly 2 of the following cities are in China: Jilin, Mandalay, and Zhaotong.",1
"Exactly 1 of the following cities are in China: Ziyang, Jiaxing, and Sendai.",0
"Exactly 1 of the following cities are in China: Johannesburg, Shihezi, and Hebi.",0
"Exactly 2 of the following cities are in China: Baotou, Xianning, and Theni.",1
"Exactly 1 of the following cities are in Japan: Matsuyama, Albuquerque, and Muzaffarabad.",1
"Exactly 2 of the following cities are in China: Suez, Jieyang, and Shuangyashan.",1
"Exactly 2 of the following cities are in Japan: Chelyabinsk, Saitama, and Nowrangapur.",0
"Exactly 2 of the following cities are in India: Chengdu, Almaty, and Kozhikode.",0
"Exactly 1 of the following cities are in India: Borivli, Tirunelveli, and Rajshahi.",0
"Exactly 2 of the following cities are in China: Kawaguchi, Chongqing, and Yinchuan.",1
"Exactly 2 of the following cities are in Japan: Hamamatsu, Kumasi, and Longyan.",0
"Exactly 1 of the following cities are in South Korea: Changwon, Shangluo, and Tiruppur.",1
"Exactly 2 of the following cities are in India: Jeonju, Poznan, and Nagpur.",0
"Exactly 1 of the following cities are in Mongolia: Lubumbashi, Ulan Bator, and Kampung Baru Subang.",1
"Exactly 1 of the following cities are in Guatemala: Guatemala City, Kozhikode, and Naucalpan de Juarez.",1
"Exactly 1 of the following cities are in the United States: Mukalla, Fort Worth, and Rio de Janeiro.",1
"Exactly 2 of the following cities are in China: Sanming, Kozhikode, and Weifang.",1
"Exactly 2 of the following cities are in China: Shah Alam, Xuzhou, and Wanxian.",1
"Exactly 1 of the following cities are in India: Ludhiana, Mazar-e Sharif, and Borivli.",0
"Exactly 2 of the following cities are in India: Lome, Kolkata, and Chandigarh.",1
"Exactly 1 of the following cities are in Venezuela: Maracaibo, Sokoto, and Rui'an.",1
"Exactly 1 of the following cities are in China: Shaoguan, Bahcelievler, and Hebi.",0
"Exactly 1 of the following cities are in Bangladesh: Rangpur, Ashgabat, and Marseille.",1
"Exactly 1 of the following cities are in Poland: Krakow, Chizhou, and Balikpapan.",1
"Exactly 1 of the following cities are in Morocco: Cuttack, Pasig City, and Casablanca.",1
"Exactly 2 of the following cities are in Brazil: Teresina, Kanayannur, and Al Mawsil al Jadidah.",0
"Exactly 1 of the following cities are in China: Mukalla, Krasnoyarsk, and Harbin.",1
"Exactly 1 of the following cities are in the United States: Zaria, Bagcilar, and New South Memphis.",1
"Exactly 1 of the following cities are in China: Jiaozuo, Chelyabinsk, and Siping.",0
"Exactly 2 of the following cities are in China: Bouake, Santo Domingo Este, and Baoji.",0
"Exactly 2 of the following cities are in India: Jalandhar, Hubli, and Rangpur.",1
"Exactly 2 of the following cities are in Ukraine: Kumasi, Kayseri, and Zaporizhzhya.",0
"Exactly 1 of the following cities are in China: Makassar, Korla, and Bayannur.",0
"Exactly 2 of the following cities are in Mexico: Tlaquepaque, Ciudad Guayana, and Jingmen.",0
"Exactly 1 of the following cities are in China: Islamabad, Nanchang, and Hebi.",0
"Exactly 2 of the following cities are in India: Konya, Nowrangapur, and Karachi.",0
"Exactly 1 of the following cities are in China: Krasnoyarsk, Pikine, and Shantou.",1
"Exactly 1 of the following cities are in China: Liupanshui, Xiangtan, and Kuantan.",0
"Exactly 2 of the following cities are in China: Xingtai, Gaziantep, and Yunfu.",1
"Exactly 2 of the following cities are in Togo: Shangqiu, Lome, and Ciudad Guayana.",0
"Exactly 1 of the following cities are in Brazil: South Tangerang, Curitiba, and Meknes.",1
"Exactly 2 of the following cities are in China: Xingtai, Pimpri, and Belo Horizonte.",0
"Exactly 2 of the following cities are in India: Coimbatore, Kanayannur, and Zarqa.",1
"Exactly 1 of the following cities are in Russia: Ryazan', Tolyatti, and Latakia.",0
"Exactly 1 of the following cities are in Turkey: Diyarbakir, Nairobi, and Chizhou.",1
"Exactly 2 of the following cities are in the United States: Oklahoma City, Seongnam-si, and Varanasi.",0
"Exactly 2 of the following cities are in China: Pingdingshan, Batam, and Rui'an.",1
"Exactly 2 of the following cities are in China: Harbin, Lianyungang, and Abu Dhabi.",1
"Exactly 1 of the following cities are in India: Agadir, Cochin, and Samarinda.",1
"Exactly 2 of the following cities are in Iraq: Al Basrah al Qadimah, Maiduguri, and Abu Ghurayb.",1
"Exactly 2 of the following cities are in China: Shah Alam, Xining, and Zigong.",1
"Exactly 1 of the following cities are in South Korea: Cimahi, Calgary, and Anyang-si.",1
"Exactly 1 of the following cities are in Mexico: Mexicali, Ankara, and Coimbatore.",1
"Exactly 1 of the following cities are in China: Kathmandu, Fuxin, and Zhaotong.",0
"Exactly 1 of the following cities are in Bangladesh: Omsk, Isfahan, and Rangpur.",1
"Exactly 2 of the following cities are in Russia: Bishkek, Novokuznetsk, and Boumerdes.",0
"Exactly 1 of the following cities are in China: South Tangerang, Benxi, and Qinzhou.",0
"Exactly 2 of the following cities are in India: Antwerpen, Batam, and Najafgarh.",0
"Exactly 2 of the following cities are in India: Denpasar, Ya'an, and Ranchi.",0
"Exactly 2 of the following cities are in South Korea: Cheongju-si, Kano, and Ulsan.",1
"Exactly 1 of the following cities are in Pakistan: Rawalpindi, Surakarta, and Faisalabad.",0
"Exactly 2 of the following cities are in India: Zaporizhzhya, Dehra Dun, and Bilimora.",1
"Exactly 1 of the following cities are in Indonesia: Perm, Pekanbaru, and Semarang.",0
"Exactly 2 of the following cities are in China: Wanning, Lilongwe, and Tanggu.",1
"Exactly 1 of the following cities are in South Africa: Hamamatsu, Johannesburg, and Konya.",1
"Exactly 1 of the following cities are in Cameroon: Yaounde, Lahore, and Meerut.",1
"Exactly 1 of the following cities are in Ukraine: Dnipro, Jalandhar, and Coyoacan.",1
"Exactly 2 of the following cities are in Syria: Antwerpen, Homs, and Mosul.",0
"Exactly 1 of the following cities are in China: Santo Domingo Este, Zaozhuang, and Linyi.",0
"Exactly 1 of the following cities are in China: Matola, Zhabei, and Xuzhou.",0
"Exactly 1 of the following cities are in Iran: Astrakhan, Arak, and Surakarta.",1
"Exactly 2 of the following cities are in Ghana: Faisalabad, Uberlandia, and Accra.",0
"Exactly 1 of the following cities are in Saudi Arabia: Huainan, Fushun, and Najran.",1
"Exactly 2 of the following cities are in China: Nanchang, Ulsan, and Sanming.",1
"Exactly 1 of the following cities are in India: Seoul, Ludhiana, and Leipzig.",1
"Exactly 1 of the following cities are in China: Detroit, Sharjah, and Shangluo.",1
"Exactly 2 of the following cities are in China: Shantou, Xining, and Yekaterinburg.",1
"Exactly 1 of the following cities are in the United States: Shangqiu, Pekanbaru, and Albuquerque.",1
"Exactly 1 of the following cities are in Brazil: Quebec, Sorocaba, and Fortaleza.",0
"Exactly 1 of the following cities are in India: Soweto, Faridabad, and Vadodara.",0
"Exactly 2 of the following cities are in China: Paranaque City, Zhaotong, and Jingmen.",1
"Exactly 2 of the following cities are in Ukraine: Tianjin, Dar es Salaam, and Kharkiv.",0
"Exactly 2 of the following cities are in China: Wanzhou, Wanning, and Thiruvananthapuram.",1
"Exactly 2 of the following cities are in China: Qingdao, Baghdad, and Tucson.",0
"Exactly 1 of the following cities are in Kuwait: Kathmandu, Al Ahmadi, and Vadodara.",1
"Exactly 2 of the following cities are in Brazil: Tijuana, Mysore, and Teresina.",0
"Exactly 2 of the following cities are in China: Sofia, Laiwu, and Hangzhou.",1
"Exactly 1 of the following cities are in China: Ningbo, Peshawar, and Maoming.",0
"Exactly 1 of the following cities are in Oman: Siping, Qinhuangdao, and Muscat.",1
"Exactly 1 of the following cities are in India: Pune, Tolyatti, and Bhilai.",0
"Exactly 2 of the following cities are in China: Yongzhou, Saitama, and Perm.",0
"Exactly 1 of the following cities are in Nigeria: Sargodha, Jos, and Krakow.",1
"Exactly 1 of the following cities are in China: Jalandhar, Qinzhou, and Mudanjiang.",0
"Exactly 1 of the following cities are in China: Qinhuangdao, Las Pinas, and Weihai.",0
"Exactly 1 of the following cities are in China: Latakia, Zhangjiagang, and Dalian.",0
"Exactly 2 of the following cities are in China: Hezhou, Coimbatore, and Lome.",0
"Exactly 1 of the following cities are in Australia: Gold Coast, Balikpapan, and Langfang.",1
"Exactly 1 of the following cities are in Brazil: Thuan An, Brasilia, and Nanded.",1
"Exactly 2 of the following cities are in China: Multan, South Tangerang, and Zhangzhou.",0
"Exactly 2 of the following cities are in China: Kathmandu, Fuxin, and Zhaotong.",1
"Exactly 1 of the following cities are in Niger: Niamey, Chuzhou, and Sorocaba.",1
"Exactly 2 of the following cities are in India: Rajkot, Vijayawada, and Yiwu.",1
"Exactly 2 of the following cities are in China: Guiyang, Luancheng, and Curitiba.",1
"Exactly 1 of the following cities are in Brazil: Uberlandia, Zibo, and Asmara.",1
"Exactly 2 of the following cities are in China: Yongzhou, Yunfu, and Bien Hoa.",1
"Exactly 1 of the following cities are in Morocco: Casablanca, Stockholm, and Nanded.",1
"Exactly 1 of the following cities are in Russia: Kemerovo, Aden, and Naberezhnyye Chelny.",0
"Exactly 1 of the following cities are in Yemen: Albuquerque, Jiujiang, and Al Hudaydah.",1
"Exactly 1 of the following cities are in India: Nagpur, Daqing, and Jamshedpur.",0
"Exactly 1 of the following cities are in India: Ar Raqqah, Surat, and Navi Mumbai.",0
"Exactly 1 of the following cities are in India: Theni, Nova Iguacu, and Surat.",0
"Exactly 2 of the following cities are in Brazil: Ganzhou, Ilorin, and Rio de Janeiro.",0
"Exactly 2 of the following cities are in China: Chongqing, Dongying, and Busan.",1
"Exactly 1 of the following cities are in Madagascar: Durban, Bucharest, and Antananarivo.",1
"Exactly 2 of the following cities are in India: Cebu City, Bengaluru, and Jabalpur.",1
"Exactly 1 of the following cities are in China: Bekasi, Wanning, and Hegang.",0
"Exactly 2 of the following cities are in China: Harbin, Rui'an, and Taiz.",1
"Exactly 2 of the following cities are in India: Al Basrah al Qadimah, Meerut, and Chennai.",1
"Exactly 2 of the following cities are in India: Pikine, Bucheon-si, and Siliguri.",0
"Exactly 2 of the following cities are in Saudi Arabia: Manaus, Jeddah, and Kumasi.",0
"Exactly 2 of the following cities are in China: Qinhuangdao, Qiqihar, and Narela.",1
"Exactly 2 of the following cities are in Oman: Sevastopol, Muscat, and Santo Domingo Este.",0
"Exactly 1 of the following cities are in South Korea: Bucheon-si, Wuhan, and Abu Dhabi.",1
"Exactly 1 of the following cities are in China: Bucaramanga, Zhengzhou, and Huaibei.",0
"Exactly 1 of the following cities are in China: Guatemala City, Bijie, and Hezhou.",0
"Exactly 1 of the following cities are in China: Asyut, Cixi, and Zhangye.",0
"Exactly 2 of the following cities are in Mexico: Putian, Torreon, and Acapulco de Juarez.",1
"Exactly 1 of the following cities are in Egypt: Ipoh, Giza, and N'Djamena.",1
"Exactly 1 of the following cities are in China: Xingtai, Lianyungang, and Malacca.",0
"Exactly 1 of the following cities are in China: Paranaque City, Zhaotong, and Jingmen.",0
"Exactly 2 of the following cities are in India: Tirunelveli, Cochin, and Caloocan City.",1
"Exactly 1 of the following cities are in South Africa: Nanded, Durban, and Meerut.",1
"Exactly 1 of the following cities are in Indonesia: Banjarmasin, Kemerovo, and Ibague.",1
"Exactly 2 of the following cities are in China: Sevastopol, Hefei, and Ankara.",0
"Exactly 2 of the following cities are in India: Meerut, Chennai, and Kalininskiy.",1
"Exactly 2 of the following cities are in China: Mogadishu, Chenzhou, and Shangluo.",1
"Exactly 1 of the following cities are in India: Moradabad, Juiz de Fora, and Bhiwandi.",0
"Exactly 2 of the following cities are in China: Tianjin, Santiago de Cuba, and Shuangyashan.",1
"Exactly 1 of the following cities are in India: Bareilly, Borivli, and Callao.",0
"Exactly 2 of the following cities are in India: Bhubaneswar, New Kingston, and Tiruppur.",1
"Exactly 1 of the following cities are in China: Guankou, Lusaka, and Almaty.",1
"Exactly 1 of the following cities are in Nigeria: Zhangjiakou, Oyo, and Indore.",1
"Exactly 2 of the following cities are in Mexico: Mexico City, Neijiang, and Coyoacan.",1
"Exactly 2 of the following cities are in India: Lianyungang, Amritsar, and Vadodara.",1
"Exactly 1 of the following cities are in China: Ulsan, Zunyi, and Xuanzhou.",0
"Exactly 2 of the following cities are in China: Baise, Zapopan, and Jingmen.",1
"Exactly 1 of the following cities are in India: Ranchi, Sargodha, and Osaka.",1
"Exactly 1 of the following cities are in China: Mexicali, Zhenjiang, and Turin.",1
"Exactly 2 of the following cities are in China: Hangzhou, Borivli, and Hefei.",1
"Exactly 2 of the following cities are in India: Sargodha, Huaihua, and Karol Bagh.",0
"Exactly 1 of the following cities are in China: Zhangjiakou, Neijiang, and Batam.",0
"Exactly 2 of the following cities are in China: Zunyi, Maoming, and Tolyatti.",1
"Exactly 1 of the following cities are in Mexico: Mexico City, Neijiang, and Coyoacan.",0
"Exactly 1 of the following cities are in China: Qinhuangdao, Qiqihar, and Narela.",0
"Exactly 1 of the following cities are in India: Kumasi, Visakhapatnam, and Puducherry.",0
"Exactly 2 of the following cities are in the Philippines: Kitakyushu, Aguascalientes, and Makati City.",0
"Exactly 1 of the following cities are in Mexico: Culiacan, Guilin, and Palembang.",1
"Exactly 1 of the following cities are in Cuba: Tabriz, Santiago de Cuba, and New South Memphis.",1
"Exactly 2 of the following cities are in China: E'zhou, Budapest, and Yiwu.",1
"Exactly 2 of the following cities are in China: Shihezi, Paranaque City, and Lianyungang.",1
"Exactly 2 of the following cities are in Croatia: Phnom Penh, Zagreb, and Khabarovsk.",0
"Exactly 2 of the following cities are in Nigeria: Suizhou, Bhilai, and Warri.",0
"Exactly 2 of the following cities are in India: Santa Maria Chimalhuacan, Gaziantep, and Shivaji Nagar.",0
"Exactly 2 of the following cities are in Poland: Krakow, Chizhou, and Balikpapan.",0
"Exactly 2 of the following cities are in Iraq: Basrah, Wuzhou, and Ulhasnagar.",0
"Exactly 2 of the following cities are in Turkey: Ankara, Ibague, and Chizhou.",0
"Exactly 1 of the following cities are in China: Shenzhen, Diyarbakir, and Hengyang.",0
"Exactly 1 of the following cities are in Iran: Shubra al Khaymah, Zhangjiagang, and Qom.",1
"Exactly 2 of the following cities are in Saudi Arabia: Ta'if, Mexicali, and Acapulco de Juarez.",0
"Exactly 1 of the following cities are in India: Tangier, Puducherry, and Shubra al Khaymah.",1
"Exactly 2 of the following cities are in China: Yichang, Panzhihua, and Karachi.",1
"Exactly 1 of the following cities are in China: Zhaoqing, Huzhou, and Tehran.",0
"Exactly 1 of the following cities are in China: Lianyungang, Krasnoyarsk, and Panzhihua.",0
"Exactly 1 of the following cities are in Morocco: Tijuana, Tangier, and Manaus.",1
"Exactly 1 of the following cities are in the United States: Subang Jaya, Hachioji, and Chicago.",1
"Exactly 1 of the following cities are in Yemen: Nay Pyi Taw, Goeteborg, and Mukalla.",1
"Exactly 2 of the following cities are in China: Korla, Huaibei, and Marseille.",1
"Exactly 2 of the following cities are in Turkey: Xianning, Eskisehir, and Ajmer.",0
"Exactly 2 of the following cities are in China: Daqing, Mosul, and Wanzhou.",1
"Exactly 2 of the following cities are in China: Pekanbaru, Wuwei, and Kashgar.",1
"Exactly 2 of the following cities are in China: Beirut, Linyi, and Tianshui.",1
"Exactly 2 of the following cities are in India: Chandigarh, Tiruchirappalli, and Pretoria.",1
"Exactly 1 of the following cities are in China: Shijiazhuang, Shuangyashan, and New South Memphis.",0
"Exactly 2 of the following cities are in China: Zhuzhou, Bahawalpur, and Kolhapur.",0
"Exactly 2 of the following cities are in Ukraine: Kryvyy Rih, Serang, and Chenzhou.",0
"Exactly 2 of the following cities are in China: Handan, Lianyungang, and Jos.",1
"Exactly 1 of the following cities are in Pakistan: Lahore, Seongnam-si, and Kunming.",1
"Exactly 1 of the following cities are in China: Cangzhou, Kanayannur, and Tonghua.",0
"Exactly 2 of the following cities are in Belgium: Antwerpen, Kanpur, and Jiujiang.",0
"Exactly 1 of the following cities are in China: Yangquan, Jinan, and Ajmer.",0
"Exactly 1 of the following cities are in China: Jiaxing, Karol Bagh, and Wanxian.",0
"Exactly 1 of the following cities are in Brazil: Feira de Santana, Duque de Caxias, and Handan.",0
"Exactly 2 of the following cities are in Ukraine: Naucalpan de Juarez, Asmara, and Dnipro.",0
"Exactly 1 of the following cities are in China: Solapur, Beijing, and Ya'an.",0
"Exactly 2 of the following cities are in China: Feira de Santana, Fushun, and Nanchong.",1
"Exactly 2 of the following cities are in Zimbabwe: Port Said, Bulawayo, and Casablanca.",0
"Exactly 2 of the following cities are in India: Davao, Bobo-Dioulasso, and Theni.",0
"Exactly 1 of the following cities are in China: Jieyang, Ibague, and Palembang.",1
"Exactly 2 of the following cities are in China: Narela, Panshan, and Jiamusi.",1
"Exactly 1 of the following cities are in China: Huainan, Copenhagen, and Guigang.",0
"Exactly 2 of the following cities are in Russia: Yekaterinburg, Khabarovsk Vtoroy, and Baoji.",1
"Exactly 2 of the following cities are in India: Zaria, Jeddah, and Mysore.",0
"Exactly 1 of the following cities are in Indonesia: Bahawalpur, Makassar, and Omsk.",1
"Exactly 1 of the following cities are in China: Weinan, Ha'il, and Huzhou.",0
"Exactly 1 of the following cities are in Iraq: Zhangjiagang, Abu Ghurayb, and Huzhou.",1
"Exactly 1 of the following cities are in China: Osaka, Weifang, and Shijiazhuang.",0
"Exactly 2 of the following cities are in China: Zunyi, Chattogram, and Yangquan.",1
"Exactly 1 of the following cities are in China: Chenzhou, Chelyabinsk, and Shaoxing.",0
"Exactly 1 of the following cities are in China: Beirut, Linyi, and Tianshui.",0
"Exactly 2 of the following cities are in Mauritania: Luancheng, Baoji, and Nouakchott.",0
"Exactly 1 of the following cities are in Germany: Bikaner, Nuernberg, and Hegang.",1
"Exactly 2 of the following cities are in China: E'zhou, Tianjin, and San Luis Potosi.",1
"Exactly 1 of the following cities are in China: Lipetsk, Zhanjiang, and Qinzhou.",0
"Exactly 2 of the following cities are in China: Sokoto, Xingtai, and Liaocheng.",1
"Exactly 2 of the following cities are in Germany: Kuantan, Tlaquepaque, and Hannover.",0
"Exactly 2 of the following cities are in Kenya: Cuiaba, Abuja, and Mombasa.",0
"Exactly 1 of the following cities are in China: Kemerovo, Seoul, and Shijiazhuang.",1
"Exactly 1 of the following cities are in Brazil: Linfen, Campos dos Goytacazes, and Fortaleza.",0
"Exactly 1 of the following cities are in China: Jiamusi, Calgary, and Can Tho.",1
"Exactly 2 of the following cities are in India: Cebu City, Shaoguan, and Shivaji Nagar.",0
"Exactly 1 of the following cities are in Turkey: Diyarbakir, Kryvyy Rih, and Malatya.",0
"Exactly 1 of the following cities are in China: Lu'an, Xining, and Saratov.",0
"Exactly 1 of the following cities are in China: Sanming, Kozhikode, and Weifang.",0
"Exactly 1 of the following cities are in India: Bulawayo, Warangal, and Nanded.",0
"Exactly 2 of the following cities are in China: Shaoguan, Baku, and Qiqihar.",1
"Exactly 1 of the following cities are in China: Shangrao, Sanya, and Kaduna.",0
"Exactly 2 of the following cities are in India: Daejeon, Kalyan, and Nanded.",1
"Exactly 2 of the following cities are in India: Chengdu, Vijayawada, and Ya'an.",0
"Exactly 1 of the following cities are in China: Xianyang, Puente Alto, and Xinyang.",0
"Exactly 2 of the following cities are in China: Sangli, Weinan, and Qujing.",1
"Exactly 1 of the following cities are in China: Zhabei, Mianzhu, Deyang, Sichuan, and Nashik.",0
"Exactly 2 of the following cities are in China: Kunshan, Krasnoyarsk, and Neijiang.",1
"Exactly 2 of the following cities are in China: Wuzhou, Kashgar, and Asmara.",1
"Exactly 1 of the following cities are in Mongolia: Guntur, Quzhou, and Ulan Bator.",1
"Exactly 1 of the following cities are in China: Kobe, Huaibei, and Huaihua.",0
"Exactly 2 of the following cities are in China: Jiaxing, Karol Bagh, and Wanxian.",1
"Exactly 2 of the following cities are in China: Kitakyushu, Sanming, and Jilin.",1
"Exactly 2 of the following cities are in Japan: Kagoshima, Kobe, and Warri.",1
"Exactly 1 of the following cities are in China: Anshun, Mumbai, and Abobo.",1
"Exactly 1 of the following cities are in China: Kunshan, Krasnoyarsk, and Neijiang.",0
"Exactly 1 of the following cities are in China: Fortaleza, Kolkata, and Zhaoqing.",1
"Exactly 2 of the following cities are in China: Baise, Isfahan, and Zhoushan.",1
"Exactly 1 of the following cities are in China: Dongying, Cuiaba, and Deyang.",0
"Exactly 2 of the following cities are in Kenya: Konya, Deyang, and Mombasa.",0
"Exactly 2 of the following cities are in Russia: Yaroslavl, Volgograd, and Aktobe.",1
"Exactly 2 of the following cities are in Brazil: Hohhot, Xiaogan, and Porto Alegre.",0
"Exactly 1 of the following cities are in China: Suqian, Anyang, and Giza.",0
"Exactly 2 of the following cities are in China: Gujranwala, Shihezi, and Chuzhou.",1
"Exactly 1 of the following cities are in Brazil: Tiruppur, Erzurum, and Curitiba.",1
"Exactly 2 of the following cities are in India: Batam, Jalandhar, and Port-au-Prince.",0
"Exactly 2 of the following cities are in China: Vilnius, Qionghai, and Hangzhou.",1
"Exactly 2 of the following cities are in China: Laibin, Seoul, and Zhabei.",1
"Exactly 1 of the following cities are in Norway: Saitama, Oslo, and Ganzhou.",1
"Exactly 2 of the following cities are in China: Weifang, Weinan, and Shizuoka.",1
"Exactly 1 of the following cities are in India: Pimpri, San Miguel de Tucuman, and Kolkata.",0
"Exactly 1 of the following cities are in China: Changwon, Liuzhou, and Luancheng.",0
"Exactly 1 of the following cities are in China: Diyarbakir, Taiz, and Yunfu.",1
"Exactly 1 of the following cities are in the Philippines: Quezon City, Omsk, and Wenzhou.",1
"Exactly 1 of the following cities are in China: Hegang, Perm, and Yingkou.",0
"Exactly 2 of the following cities are in China: Chenzhou, Klang, and Namangan.",0
"Exactly 1 of the following cities are in China: Shaoguan, Zhangzhou, and Santiago de los Caballeros.",0
"Exactly 1 of the following cities are in China: Rui'an, Osaka, and Zhengzhou.",0
"Exactly 1 of the following cities are in Uzbekistan: Pingliang, Samarkand, and Kano.",1
"Exactly 1 of the following cities are in Lithuania: Dushanbe, Guntur, and Vilnius.",1
"Exactly 2 of the following cities are in the Philippines: Qinzhou, Chuzhou, and Paranaque City.",0
"Exactly 1 of the following cities are in Japan: Fukuoka, Tiruppur, and Sendai.",0
"Exactly 1 of the following cities are in Indonesia: Al Fayyum, Santiago de Cuba, and Tangerang.",1
"Exactly 2 of the following cities are in China: Yinchuan, Shangrao, and Muzaffarabad.",1
"Exactly 2 of the following cities are in China: Ahvaz, Changchun, and Lilongwe.",0
"Exactly 1 of the following cities are in Nigeria: Navi Mumbai, Ibadan, and Ouagadougou.",1
"Exactly 1 of the following cities are in Mexico: Quito, Amravati, and Tlaquepaque.",1
"Exactly 1 of the following cities are in Iraq: Zapopan, Herat, and Al Basrah al Qadimah.",1
"Exactly 1 of the following cities are in China: Conakry, Wuwei, and Suining.",0
"Exactly 1 of the following cities are in India: Kolhapur, Kermanshah, and Indore.",0
"Exactly 1 of the following cities are in Japan: Kisangani, Saitama, and Milwaukee.",1
"Exactly 2 of the following cities are in India: Borivli, Tirunelveli, and Rajshahi.",1
"Exactly 1 of the following cities are in Kuwait: Xiaogan, Al Ahmadi, and Laibin.",1
"Exactly 1 of the following cities are in Russia: Irkutsk, Shubra al Khaymah, and Quito.",1
"Exactly 2 of the following cities are in China: Odesa, Pingdingshan, and Ya'an.",1
"Exactly 2 of the following cities are in India: Daegu, Tiruppur, and Erode.",1
"Exactly 2 of the following cities are in China: Yingkou, Rizhao, and Al Fayyum.",1
"Exactly 1 of the following cities are in Brazil: Sao Jose dos Campos, Ha'il, and Bloemfontein.",1
"Exactly 2 of the following cities are in China: Al Basrah al Qadimah, Kashgar, and Hachioji.",0
"Exactly 2 of the following cities are in Iran: Seoul, Contagem, and Tehran.",0
"Exactly 2 of the following cities are in the United States: Tucson, Pietermaritzburg, and Tebessa.",0
"Exactly 1 of the following cities are in China: Kharkiv, Changde, and Bijie.",0
"Exactly 1 of the following cities are in Indonesia: Baotou, Serang, and Bogor.",0
"Exactly 1 of the following cities are in China: Yaounde, Hangzhou, and Guankou.",0
"Exactly 1 of the following cities are in China: Tanggu, Riga, and Aracaju.",1
"Exactly 1 of the following cities are in Japan: Niigata, Kagoshima, and Leipzig.",0
"Exactly 1 of the following cities are in the Philippines: Al Mahallah al Kubra, Guiyang, and Paranaque City.",1
"Exactly 1 of the following cities are in Brazil: Brasilia, Bhubaneswar, and Shymkent.",1
"Exactly 1 of the following cities are in China: Zhangjiagang, Rui'an, and Bamako.",0
"Exactly 2 of the following cities are in India: Huaibei, Guntur, and Wuzhou.",0
"Exactly 2 of the following cities are in China: Zhumadian, Dar es Salaam, and Liaocheng.",1
"Exactly 2 of the following cities are in Brazil: Fortaleza, Jaboatao, and Nizhniy Novgorod.",1
"Exactly 1 of the following cities are in China: Yichang, Panzhihua, and Karachi.",0
"Exactly 2 of the following cities are in China: Guatemala City, Bijie, and Hezhou.",1
"Exactly 2 of the following cities are in Brazil: Niigata, Duque de Caxias, and Xuchang.",0
"Exactly 2 of the following cities are in China: Ziyang, Hengyang, and New South Memphis.",1
"Exactly 2 of the following cities are in China: Wuhan, Bekasi, and Zunyi.",1
"Exactly 2 of the following cities are in Indonesia: Nasiriyah, South Tangerang, and Benoni.",0
"Exactly 1 of the following cities are in China: Wuhan, Bekasi, and Zunyi.",0
"Exactly 1 of the following cities are in Jordan: Ludhiana, Lusaka, and Irbid.",1
"Exactly 1 of the following cities are in China: Chaozhou, Juiz de Fora, and Hebi.",0
"Exactly 2 of the following cities are in China: Yiwu, Sofia, and Zhengzhou.",1
"Exactly 2 of the following cities are in India: Kanayannur, Sapporo, and Xingtai.",0
"Exactly 2 of the following cities are in China: Mianzhu, Deyang, Sichuan, Zibo, and Onitsha.",1
"Exactly 1 of the following cities are in China: Jilin, General Santos, and Xuanzhou.",0
"Exactly 1 of the following cities are in India: Barnaul, Caracas, and Dehra Dun.",1
"Exactly 2 of the following cities are in India: Bikaner, Cheonan, and Mysore.",1
"Exactly 1 of the following cities are in China: Chuzhou, Weihai, and Calgary.",0
"Exactly 1 of the following cities are in India: Jalandhar, Hubli, and Rangpur.",0
"Exactly 2 of the following cities are in India: Nowrangapur, Ulhasnagar, and Ibadan.",1
"Exactly 2 of the following cities are in India: Bagcilar, Bilimora, and Sangli.",1
"Exactly 1 of the following cities are in China: Rizhao, Tirunelveli, and Xiangtan.",0
"Exactly 1 of the following cities are in the United Arab Emirates: Sharjah, Kimhae, and Sulaymaniyah.",1
"Exactly 1 of the following cities are in Japan: Shangqiu, Dhanbad, and Kagoshima.",1
"Exactly 1 of the following cities are in China: Handan, Manaus, and Warri.",1
"Exactly 1 of the following cities are in Ukraine: Wenzhou, Basrah, and Sevastopol.",1
"Exactly 1 of the following cities are in India: Kinshasa, Bhayandar, and Bengaluru.",0
"Exactly 2 of the following cities are in Poland: Omsk, Chiclayo, and Lodz.",0
"Exactly 1 of the following cities are in China: Omsk, Warangal, and E'zhou.",1
"Exactly 2 of the following cities are in India: Johor Bahru, Mumbai, and Cuttack.",1
"Exactly 2 of the following cities are in China: Shangluo, Bekasi, and Jiaozhou.",1
"Exactly 1 of the following cities are in China: Sanaa, Xianning, and Chengdu.",0
"Exactly 2 of the following cities are in China: Weihai, Chennai, and Shangyu.",1
"Exactly 2 of the following cities are in China: Changshu, Khabarovsk, and Ranchi.",0
"Exactly 2 of the following cities are in India: Guwahati, Huaibei, and Tiruchirappalli.",1
"Exactly 1 of the following cities are in China: Johannesburg, Nanchang, and Zhaoqing.",0
"Exactly 2 of the following cities are in China: Zhaoqing, Banjarmasin, and Winnipeg.",0
"Exactly 2 of the following cities are in China: Hegang, Kuala Lumpur, and Guilin.",1
"Exactly 2 of the following cities are in South Korea: Agadir, Dushanbe, and Goyang-si.",0
"Exactly 2 of the following cities are in China: Zhoushan, Iztapalapa, and Korla.",1
"Exactly 2 of the following cities are in Brazil: Ciudad Nezahualcoyotl, Teresina, and Latakia.",0
"Exactly 1 of the following cities are in Russia: E'zhou, Irkutsk, and Nairobi.",1
"Exactly 1 of the following cities are in India: Shangqiu, Cuttack, and Tucson.",1
"Exactly 1 of the following cities are in India: Tirunelveli, Culiacan, and Curitiba.",1
"Exactly 2 of the following cities are in Turkey: Cancun, Tomsk, and Konya.",0
"Exactly 2 of the following cities are in India: Soweto, Faridabad, and Vadodara.",1
"Exactly 1 of the following cities are in Bangladesh: Abidjan, Rajshahi, and Longyan.",1
"Exactly 2 of the following cities are in Germany: Shivaji Nagar, Nuernberg, and Najafgarh.",0
"Exactly 1 of the following cities are in Ukraine: Porto Alegre, Odesa, and Liaocheng.",1
"Exactly 1 of the following cities are in India: Karbala, Amritsar, and Asansol.",0
"Exactly 1 of the following cities are in China: Shuangyashan, Asuncion, and Hanzhong.",0
"Exactly 1 of the following cities are in Afghanistan: Aden, Cheonan, and Mazar-e Sharif.",1
"Exactly 2 of the following cities are in Nigeria: Munich, Jambi City, and Ebute Ikorodu.",0
"Exactly 1 of the following cities are in China: Weifang, Aktobe, and Huaihua.",0
"Exactly 1 of the following cities are in China: Sanmenxia, Zhengzhou, and Novokuznetsk.",0
"Exactly 2 of the following cities are in China: Lyon, Jiujiang, and Guilin.",1
"Exactly 1 of the following cities are in China: Mukalla, Curitiba, and Jiujiang.",1
"Exactly 2 of the following cities are in Uzbekistan: Kawaguchi, Lipetsk, and Namangan.",0
"Exactly 1 of the following cities are in China: Guankou, Zhangjiakou, and Caloocan City.",0
"Exactly 2 of the following cities are in India: Madurai, Ryazan', and Jakarta.",0
"Exactly 1 of the following cities are in China: Durban, Rizhao, and Baise.",0
"Exactly 2 of the following cities are in India: Chennai, Saratov, and Kolkata.",1
"Exactly 2 of the following cities are in China: Jeonju, Bengbu, and Kermanshah.",0
"Exactly 1 of the following cities are in China: Anyang, Naberezhnyye Chelny, and Yiwu.",0
"Exactly 1 of the following cities are in China: Bayannur, Luancheng, and Cebu City.",0
"Exactly 2 of the following cities are in Japan: Osaka, Kisangani, and Sendai.",1
"Exactly 1 of the following cities are in Russia: Astrakhan, Ar Raqqah, and Bekasi.",1
"Exactly 1 of the following cities are in China: Pekanbaru, Wuwei, and Kashgar.",0
"Exactly 2 of the following cities are in Indonesia: Pontianak, Maceio, and Naberezhnyye Chelny.",0
"Exactly 2 of the following cities are in India: Amravati, Erbil, and Bouake.",0
"Exactly 1 of the following cities are in China: Herat, Zhenjiang, and Yinchuan.",0
"Exactly 1 of the following cities are in Russia: Gujranwala, Kemerovo, and Bien Hoa.",1
"Exactly 2 of the following cities are in India: Gujranwala, Najafgarh, and Xiaogan.",0
"Exactly 1 of the following cities are in Morocco: Meknes, Malacca, and Duesseldorf.",1
"Exactly 1 of the following cities are in China: Porto Alegre, Visakhapatnam, and Qinhuangdao.",1
"Exactly 2 of the following cities are in Russia: Vladivostok, Khabarovsk Vtoroy, and Subang Jaya.",1
"Exactly 1 of the following cities are in Brazil: Belo Horizonte, Rio de Janeiro, and Luohe.",0
"Exactly 1 of the following cities are in South Korea: Warangal, Balikpapan, and Hwaseong-si.",1
"Exactly 1 of the following cities are in China: Tomsk, Anshun, and Shanghai.",0
"Exactly 2 of the following cities are in Germany: Nagpur, Kaifeng, and Munich.",0
"Exactly 2 of the following cities are in China: Bayannur, Odesa, and Wuhan.",1
"Exactly 1 of the following cities are in China: Heze, Lahore, and Yichang.",0
"Exactly 2 of the following cities are in China: Sokoto, Chenzhou, and Mandalay.",0
"Exactly 1 of the following cities are in China: Kigali, Chongqing, and San Miguel de Tucuman.",1
"Exactly 1 of the following cities are in Burundi: Shuangyashan, Ma'anshan, and Bujumbura.",1
"Exactly 1 of the following cities are in Iran: Laiwu, Cancun, and Zahedan.",1
"Exactly 2 of the following cities are in the Philippines: Ulhasnagar, Huaibei, and Quezon City.",0
"Exactly 2 of the following cities are in China: Xuzhou, Madurai, and Shaoxing.",1
"Exactly 2 of the following cities are in China: Shangluo, Nanchang, and Calgary.",1
"Exactly 1 of the following cities are in China: Kaifeng, Linfen, and Conakry.",0
"Exactly 2 of the following cities are in China: Changchun, Weihai, and Indianapolis.",1
"Exactly 2 of the following cities are in India: Abeokuta, Jaipur, and Nowrangapur.",1
"Exactly 2 of the following cities are in India: Ar Raqqah, Surat, and Navi Mumbai.",1
"Exactly 1 of the following cities are in China: Putian, Sanming, and Duque de Caxias.",0
"Exactly 2 of the following cities are in China: Guangzhou, Riga, and Mexicali.",0
"Exactly 1 of the following cities are in Indonesia: Pekanbaru, Hanzhong, and Ulyanovsk.",1
"Exactly 1 of the following cities are in China: Rui'an, Ipoh, and Guankou.",0
"Exactly 1 of the following cities are in Iran: Mandalay, Tehran, and Kanayannur.",1
"Exactly 2 of the following cities are in China: Wuwei, Shanghai, and Bouake.",1
"Exactly 2 of the following cities are in Turkey: Kemerovo, Uskudar, and Kuala Lumpur.",0
"Exactly 2 of the following cities are in Indonesia: Dehra Dun, Pekanbaru, and Caloocan City.",0
"Exactly 2 of the following cities are in Zimbabwe: Shenzhen, Cebu City, and Bulawayo.",0
"Exactly 2 of the following cities are in Indonesia: Chongqing, Jambi City, and Bouake.",0
"Exactly 2 of the following cities are in India: Comilla, Kolhapur, and Moradabad.",1
"Exactly 1 of the following cities are in Turkey: Calgary, Antalya, and Heze.",1
"Exactly 1 of the following cities are in the Philippines: Isfahan, Makati City, and Iztapalapa.",1
"Exactly 2 of the following cities are in Russia: Ajmer, Astrakhan, and Florianopolis.",0
"Exactly 2 of the following cities are in France: Tirunelveli, Marseille, and Wroclaw.",0
"Exactly 1 of the following cities are in Tajikistan: Dushanbe, Mbuji-Mayi, and Ufa.",1
"Exactly 2 of the following cities are in Mexico: Guangyuan, Mississauga, and Tijuana.",0
"Exactly 2 of the following cities are in Malaysia: Weihai, Pekanbaru, and Petaling Jaya.",0
"Exactly 1 of the following cities are in Japan: Kawaguchi, Tokyo, and Brazzaville.",0
"Exactly 1 of the following cities are in Turkmenistan: Ashgabat, Hachioji, and Aden.",1
"Exactly 1 of the following cities are in Canada: Madurai, Saitama, and Quebec.",1
"Exactly 2 of the following cities are in China: Sharjah, Zigong, and Nanchang.",1
"Exactly 2 of the following cities are in China: Qingdao, Zhuzhou, and Bareilly.",1
"Exactly 1 of the following cities are in Lebanon: Bursa, Hubli, and Beirut.",1
"Exactly 2 of the following cities are in Turkey: Dongying, Prayagraj, and Erzurum.",0
"Exactly 2 of the following cities are in China: Suining, Brasilia, and Benxi.",1
"Exactly 1 of the following cities are in Azerbaijan: Jingmen, Baku, and Kumasi.",1
"Exactly 2 of the following cities are in Iran: Onitsha, Arak, and Johannesburg.",0
"Exactly 2 of the following cities are in Hungary: Bengaluru, Budapest, and Huaihua.",0
"Exactly 1 of the following cities are in Nigeria: Volgograd, Maiduguri, and Sulaymaniyah.",1
"Exactly 1 of the following cities are in Vietnam: Ho Chi Minh City, Qinhuangdao, and Gold Coast.",1
"Exactly 2 of the following cities are in Mexico: Khabarovsk Vtoroy, Istanbul, and Santa Maria Chimalhuacan.",0
"Exactly 2 of the following cities are in Mozambique: Rawalpindi, Mersin, and Nampula.",0
"Exactly 1 of the following cities are in the Philippines: Kashgar, Jalandhar, and Paranaque City.",1
"Exactly 1 of the following cities are in Nigeria: Oyo, Bhilai, and Shiraz.",1
"Exactly 1 of the following cities are in China: Sanmenxia, Palembang, and Wuzhou.",0
"Exactly 2 of the following cities are in Iran: Krakow, Bhayandar, and Ahvaz.",0
"Exactly 2 of the following cities are in India: Irkutsk, Varanasi, and Xinyang.",0
"Exactly 1 of the following cities are in India: Zarqa, Visakhapatnam, and Tiruchirappalli.",0
"Exactly 1 of the following cities are in China: Tangshan, Wuwei, and Kryvyy Rih.",0
"Exactly 2 of the following cities are in China: Langfang, Jingmen, and Khabarovsk Vtoroy.",1
"Exactly 2 of the following cities are in Finland: Tonghua, Helsinki, and Xianning.",0
"Exactly 1 of the following cities are in China: Pingliang, Bucheon-si, and Sambhaji Nagar.",1
"Exactly 2 of the following cities are in China: Xianyang, Weihai, and Sevastopol.",1
"Exactly 1 of the following cities are in China: Lanzhou, Reynosa, and Heze.",0
"Exactly 1 of the following cities are in China: Wanxian, Anyang, and Davao.",0
"Exactly 2 of the following cities are in China: Novosibirsk, Huaihua, and Thuan An.",0
"Exactly 1 of the following cities are in China: Nanning, Shubra al Khaymah, and Bijie.",0
"Exactly 1 of the following cities are in China: Anyang, Harare, and Perm.",1
"Exactly 1 of the following cities are in Venezuela: Ciudad Guayana, Foshan, and Varanasi.",1
"Exactly 2 of the following cities are in China: Qinhuangdao, Bekasi, and Yangjiang.",1
"Exactly 1 of the following cities are in Brazil: Cheonan, Londrina, and Gwalior.",1
"Exactly 2 of the following cities are in China: Sanming, Xingtai, and Esenler.",1
"Exactly 1 of the following cities are in South Korea: Quezon City, Bhiwandi, and Goyang-si.",1
"Exactly 1 of the following cities are in China: Hezhou, Kyoto, and Beijing.",0
"Exactly 1 of the following cities are in India: Fukuoka, Homs, and Sambhaji Nagar.",1
"Exactly 1 of the following cities are in China: Anyang-si, Yichang, and Dalian.",0
"Exactly 1 of the following cities are in India: Bhopal, Naucalpan de Juarez, and Prayagraj.",0
"Exactly 1 of the following cities are in China: Malang, Suining, and Tianshui.",0
"Exactly 1 of the following cities are in India: Meerut, Chennai, and Kalininskiy.",0
"Exactly 1 of the following cities are in Russia: Kemerovo, Amravati, and Aracaju.",1
"Exactly 2 of the following cities are in India: Qingdao, Ranchi, and Jaipur.",1
"Exactly 2 of the following cities are in India: Narela, Panshan, and Bhopal.",1
"Exactly 2 of the following cities are in Ukraine: Bhiwandi, Asansol, and Kyiv.",0
"Exactly 2 of the following cities are in India: Jaipur, Sarajevo, and Amravati.",1
"Exactly 1 of the following cities are in China: Tonghua, Nashik, and Lanzhou.",0
"Exactly 2 of the following cities are in China: Neijiang, Bengaluru, and Hohhot.",1
"Exactly 1 of the following cities are in China: Fushun, Tabriz, and Zhabei.",0
"Exactly 1 of the following cities are in China: Linfen, Nanjing, and Duque de Caxias.",0
"Exactly 1 of the following cities are in Kenya: Kakamega, Leipzig, and Tashkent.",1
"Exactly 2 of the following cities are in Brazil: Londrina, Wuwei, and Nashik.",0
"Exactly 2 of the following cities are in China: Basrah, Anqing, and Yiwu.",1
"Exactly 1 of the following cities are in China: Buraydah, Zhaotong, and Panzhihua.",0
"Exactly 1 of the following cities are in Argentina: San Miguel de Tucuman, Makhachkala, and Pretoria.",1
"Exactly 1 of the following cities are in China: Antalya, Lilongwe, and Jingmen.",1
"Exactly 2 of the following cities are in China: Omsk, Hegang, and Sanya.",1
"Exactly 1 of the following cities are in China: Jilin, Wuwei, and Ulhasnagar.",0
"Exactly 2 of the following cities are in India: Moradabad, Juiz de Fora, and Bhiwandi.",1
"Exactly 1 of the following cities are in China: Huangshi, Yangquan, and Marrakesh.",0
"Exactly 2 of the following cities are in South Africa: Malatya, Tembisa, and Pietermaritzburg.",1
"Exactly 2 of the following cities are in Malaysia: Hanzhong, Chisinau, and Johor Bahru.",0
"Exactly 2 of the following cities are in China: Munich, Santiago de Queretaro, and Langfang.",0
"Exactly 2 of the following cities are in China: Erode, Quebec, and Shaoguan.",0
"Exactly 1 of the following cities are in China: Zhenjiang, Dubai, and Dalian.",0
"Exactly 2 of the following cities are in China: Yibin, Qiqihar, and Qom.",1
"Exactly 2 of the following cities are in Pakistan: Taiz, Jeddah, and Kotli.",0
"Exactly 2 of the following cities are in India: Jiamusi, Coimbatore, and Kolhapur.",1
"Exactly 1 of the following cities are in China: Kyiv, Dalian, and Ho Chi Minh City.",1
"Exactly 2 of the following cities are in South Korea: Hangzhou, Changwon, and Surat.",0
"Exactly 2 of the following cities are in China: Makassar, Korla, and Bayannur.",1
"Exactly 1 of the following cities are in Indonesia: Guarulhos, Nagpur, and Balikpapan.",1
"Exactly 2 of the following cities are in China: Ho Chi Minh City, Denpasar, and Xianyang.",0
"Exactly 1 of the following cities are in China: Cancun, Chuzhou, and Jinan.",0
"Exactly 2 of the following cities are in China: Luohe, Dakar, and Xiangtan.",1
"Exactly 2 of the following cities are in China: Bijie, Lianyungang, and Malacca.",1
"Exactly 2 of the following cities are in Jordan: Amman, Mianzhu, Deyang, Sichuan, and Tomsk.",0
"Exactly 2 of the following cities are in China: Shihezi, Dortmund, and Guangzhou.",1
"Exactly 2 of the following cities are in China: Zaozhuang, Pingdingshan, and Tebessa.",1
"Exactly 2 of the following cities are in Japan: Aligarh, Jeonju, and Okayama.",0
"Exactly 1 of the following cities are in China: Suining, Longyan, and Lodz.",0
"Exactly 1 of the following cities are in India: Lianyungang, Amritsar, and Vadodara.",0
"Exactly 1 of the following cities are in Burundi: Bujumbura, Maputo, and Jiaozuo.",1
"Exactly 1 of the following cities are in China: Kampung Baru Subang, Shantou, and Sanming.",0
"Exactly 1 of the following cities are in China: Visakhapatnam, Yangjiang, and E'zhou.",0
"Exactly 2 of the following cities are in China: Shangrao, Sanya, and Kaduna.",1
"Exactly 1 of the following cities are in China: Kitakyushu, Sanming, and Jilin.",0
"Exactly 1 of the following cities are in China: Lipetsk, Gwalior, and Tianjin.",1
"Exactly 1 of the following cities are in China: Kashgar, Rahim Yar Khan, and Changde.",0
"Exactly 2 of the following cities are in China: Quebec, Jieyang, and Cotonou.",0
"Exactly 1 of the following cities are in India: Goeteborg, Sulaymaniyah, and Jaipur.",1
"Exactly 2 of the following cities are in Japan: Fukuoka, Foshan, and Dongying.",0
"Exactly 2 of the following cities are in Mexico: Kuala Lumpur, Liaocheng, and Mexico City.",0
"Exactly 2 of the following cities are in Brazil: Ajmer, Varanasi, and Contagem.",0
"Exactly 2 of the following cities are in China: Anyang, Naberezhnyye Chelny, and Yiwu.",1
"Exactly 2 of the following cities are in Brazil: Yongzhou, Goiania, and Juiz de Fora.",1
"Exactly 1 of the following cities are in China: Chiclayo, Yingkou, and Huangshi.",0
"Exactly 2 of the following cities are in Pakistan: Rahim Yar Khan, Mombasa, and Sarajevo.",0
"Exactly 1 of the following cities are in Russia: Vladivostok, Khabarovsk Vtoroy, and Subang Jaya.",0
"Exactly 1 of the following cities are in China: Benxi, Lanzhou, and Harare.",0
"Exactly 2 of the following cities are in India: Ulhasnagar, Bhubaneswar, and Kandahar.",1
"Exactly 1 of the following cities are in India: Feira de Santana, Bikaner, and Tianjin.",1
"Exactly 1 of the following cities are in Malaysia: Malacca, Petaling Jaya, and Ciudad Nezahualcoyotl.",0
"Exactly 1 of the following cities are in India: Kashgar, Karachi, and Cuttack.",1
"Exactly 2 of the following cities are in Croatia: Bucaramanga, Bujumbura, and Zagreb.",0
"Exactly 2 of the following cities are in Turkey: Munich, Bahcelievler, and Malatya.",1
"Exactly 2 of the following cities are in the United States: Latakia, Chicago, and Ha'il.",0
"Exactly 2 of the following cities are in Honduras: Omsk, San Pedro Sula, and Muzaffarabad.",0
"Exactly 1 of the following cities are in China: Shangluo, Douala, and Zhabei.",0
"Exactly 2 of the following cities are in Japan: Osaka, Kyoto, and Mudanjiang.",1
"Exactly 2 of the following cities are in China: Yiwu, Marrakesh, and Kolhapur.",0
"Exactly 2 of the following cities are in India: Gwalior, Hwaseong-si, and Nanded.",1
"Exactly 1 of the following cities are in China: Omsk, Hegang, and Sanya.",0
"Exactly 1 of the following cities are in China: Ordos, Surakarta, and Lilongwe.",1
"Exactly 1 of the following cities are in China: Banjarmasin, Xuzhou, and Lodz.",1
"Exactly 1 of the following cities are in Côte d'Ivoire: Sao Bernardo do Campo, Bekasi, and Abobo.",1
"Exactly 1 of the following cities are in Russia: Ufa, Volgograd, and Amritsar.",0
"Exactly 2 of the following cities are in Mongolia: Ulan Bator, Matola, and Kashgar.",0
"Exactly 2 of the following cities are in Venezuela: Longyan, Ulyanovsk, and Barquisimeto.",0
"Exactly 2 of the following cities are in China: Mandalay, Puning, and Ningbo.",1
"Exactly 2 of the following cities are in the Dominican Republic: Santo Domingo Oeste, Da Nang, and Jieyang.",0
"Exactly 1 of the following cities are in Russia: Yekaterinburg, Khabarovsk Vtoroy, and Baoji.",0
"Exactly 2 of the following cities are in China: Vijayawada, Bhopal, and Kashgar.",0
"Exactly 1 of the following cities are in China: San Miguel de Tucuman, Baise, and Panzhihua.",0
"Exactly 2 of the following cities are in Brazil: Sao Bernardo do Campo, Zaozhuang, and Wuzhou.",0
"Exactly 1 of the following cities are in India: Abobo, Amritsar, and Shuangyashan.",1
"Exactly 1 of the following cities are in Malaysia: Ipoh, Dubai, and Omsk.",1
"Exactly 2 of the following cities are in Japan: Niigata, Kagoshima, and Leipzig.",1
"Exactly 1 of the following cities are in China: Yinchuan, Shangrao, and Muzaffarabad.",0
"Exactly 2 of the following cities are in Hungary: Sarajevo, Huzhou, and Budapest.",0
"Exactly 1 of the following cities are in Russia: Izhevsk, Kallakurichi, and Bucharest.",1
"Exactly 1 of the following cities are in Germany: Munich, Tlalpan, and Pretoria.",1
"Exactly 2 of the following cities are in China: Tonghua, Nashik, and Lanzhou.",1
"Exactly 2 of the following cities are in China: Qionghai, Luzhou, and Brazzaville.",1
"Exactly 2 of the following cities are in Egypt: Suez, New South Memphis, and Hanzhong.",0
"Exactly 1 of the following cities are in China: Bhayandar, Shuangyashan, and Chaozhou.",0
"Exactly 2 of the following cities are in Malaysia: Malacca, Petaling Jaya, and Ciudad Nezahualcoyotl.",1
"Exactly 2 of the following cities are in China: Jambi City, Guangzhou, and Guangyuan.",1
"Exactly 1 of the following cities are in China: Mandalay, Puning, and Ningbo.",0
"Exactly 2 of the following cities are in Mexico: Iztapalapa, Curitiba, and Ciudad Juarez.",1
"Exactly 2 of the following cities are in China: Tanggu, Nizhniy Novgorod, and Guang'an.",1
"Exactly 1 of the following cities are in Malaysia: Shah Alam, Bursa, and Quito.",1
"Exactly 2 of the following cities are in Brazil: Florianopolis, Pingdingshan, and Sorocaba.",1
"Exactly 1 of the following cities are in France: Port-au-Prince, Lyon, and Warangal.",1
"Exactly 1 of the following cities are in Pakistan: Sendai, Lahore, and Maputo.",1
"Exactly 1 of the following cities are in Brazil: Belo Horizonte, Incheon, and Shah Alam.",1
"Exactly 2 of the following cities are in China: Ningbo, Peshawar, and Maoming.",1
"Exactly 1 of the following cities are in China: Shihezi, Dortmund, and Guangzhou.",0
"Exactly 1 of the following cities are in Jordan: Riga, Irbid, and Longyan.",1
"Exactly 2 of the following cities are in China: Ciudad Nezahualcoyotl, Qiqihar, and Hezhou.",1
"Exactly 1 of the following cities are in the United States: Kobe, Antananarivo, and New York City.",1
"Exactly 2 of the following cities are in China: Jiaxing, Santa Maria Chimalhuacan, and Bengbu.",1
"Exactly 1 of the following cities are in China: Shantou, Xining, and Yekaterinburg.",0
"Exactly 2 of the following cities are in Peru: Brasilia, Soweto, and Chiclayo.",0
"Exactly 2 of the following cities are in Mexico: Shantou, Meknes, and Mexicali.",0
"Exactly 1 of the following cities are in China: Sokoto, Xingtai, and Liaocheng.",0
"Exactly 1 of the following cities are in Zimbabwe: Bulawayo, Mar del Plata, and Banjarmasin.",1
"Exactly 2 of the following cities are in China: Jiaozuo, Chelyabinsk, and Siping.",1
"Exactly 1 of the following cities are in China: Kunshan, Pikine, and Bursa.",1
"Exactly 1 of the following cities are in India: Zhenjiang, Quetta, and Vijayawada.",1
"Exactly 1 of the following cities are in South Korea: Ansan-si, Hamamatsu, and Shenzhen.",1
"Exactly 2 of the following cities are in Tajikistan: Zhaotong, Shangrao, and Dushanbe.",0
"Exactly 2 of the following cities are in Russia: Changshu, Saratov, and Quebec.",0
"Exactly 1 of the following cities are in India: Zhangye, Kanayannur, and Vadodara.",0
"Exactly 1 of the following cities are in India: Nagpur, Baise, and Guarulhos.",1
"Exactly 1 of the following cities are in India: Indore, Hannover, and Bhubaneswar.",0
"Exactly 2 of the following cities are in Nigeria: Bucharest, Oyo, and Suizhou.",0
"Exactly 1 of the following cities are in India: Jiamusi, Coimbatore, and Kolhapur.",0
"Exactly 1 of the following cities are in Malaysia: Kampung Baru Subang, Kunshan, and Yangon.",1
"Exactly 2 of the following cities are in China: Buraydah, Zhaotong, and Panzhihua.",1
"Exactly 1 of the following cities are in China: Panshan, Ya'an, and Cankaya.",0
"Exactly 1 of the following cities are in China: Kozhikode, Guangzhou, and Yunfu.",0
"Exactly 1 of the following cities are in Russia: Astrakhan, Ulyanovsk, and Ordos.",0
"Exactly 1 of the following cities are in Pakistan: Ulhasnagar, Bokaro, and Lahore.",1
"Exactly 1 of the following cities are in Pakistan: Islamabad, Panshan, and Helsinki.",1
"Exactly 2 of the following cities are in China: Perm, Curitiba, and Suizhou.",0
"Exactly 2 of the following cities are in India: Anshun, Malatya, and Kolhapur.",0
"Exactly 1 of the following cities are in the Philippines: Qiqihar, Abeokuta, and Caloocan City.",1
"Exactly 1 of the following cities are in China: Panshan, Bujumbura, and Porto Alegre.",1
"Exactly 1 of the following cities are in China: Panzhihua, Zigong, and Samarkand.",0
"Exactly 1 of the following cities are in Nigeria: Warri, Guntur, and Weinan.",1
"Exactly 1 of the following cities are in China: Taicang, Lanzhou, and Bangkok.",0
"Exactly 2 of the following cities are in China: N'Djamena, Jinan, and Xiangtan.",1
"Exactly 2 of the following cities are in Nigeria: Bandar Lampung, Vijayawada, and Kaduna.",0
"Exactly 2 of the following cities are in Japan: Chizhou, Hachioji, and Dubai.",0
"Exactly 1 of the following cities are in Russia: Omsk, Ahvaz, and Kermanshah.",1
"Exactly 1 of the following cities are in France: Makhachkala, Zaria, and Marseille.",1
"Exactly 2 of the following cities are in South Africa: Benoni, Faridabad, and Aparecida de Goiania.",0
"Exactly 2 of the following cities are in Russia: Abobo, Novosibirsk, and Kyoto.",0
"Exactly 2 of the following cities are in China: Xingtai, Lianyungang, and Namangan.",1
"Exactly 1 of the following cities are in China: Lianyungang, Suining, and Mississauga.",0
"Exactly 1 of the following cities are in Lebanon: Tlalpan, Beirut, and Ziyang.",1
"Exactly 1 of the following cities are in Brazil: Kanpur, Juiz de Fora, and Maceio.",0
"Exactly 1 of the following cities are in Poland: Al Mawsil al Jadidah, Naberezhnyye Chelny, and Poznan.",1
"Exactly 1 of the following cities are in Mexico: Iztapalapa, Curitiba, and Ciudad Juarez.",0
"Exactly 2 of the following cities are in China: Bareilly, Laiwu, and Shangluo.",1
"Exactly 1 of the following cities are in Russia: Izhevsk, Sangli, and Omsk.",0
"Exactly 2 of the following cities are in Iraq: Kaifeng, Karbala, and Chiclayo.",0
"Exactly 2 of the following cities are in Brazil: Fortaleza, Maracaibo, and Gujranwala.",0
"Exactly 1 of the following cities are in China: Paranaque City, Fushun, and Tonghua.",0
"Exactly 1 of the following cities are in India: Chennai, Ulhasnagar, and Wanxian.",0
"Exactly 2 of the following cities are in China: Zhangye, Beijing, and Asyut.",1
"Exactly 1 of the following cities are in Brazil: Fortaleza, Jaboatao, and Nizhniy Novgorod.",0
"Exactly 1 of the following cities are in China: Shah Alam, Xining, and Zigong.",0
"Exactly 2 of the following cities are in Mexico: Kunshan, Qujing, and Aguascalientes.",0
"Exactly 2 of the following cities are in China: Guiyang, Gaziantep, and Yaounde.",0
"Exactly 1 of the following cities are in China: Kanpur, Wanning, and Handan.",0
"Exactly 2 of the following cities are in China: Zhangjiakou, Santa Maria Chimalhuacan, and Chaozhou.",1
"Exactly 2 of the following cities are in Brazil: Jaboatao dos Guararapes, Aparecida de Goiania, and Xinyang.",1
"Exactly 2 of the following cities are in India: Durban, Bilimora, and Najafgarh.",1
"Exactly 1 of the following cities are in Brazil: Panzhihua, Shenzhen, and Nova Iguacu.",1
"Exactly 2 of the following cities are in India: Jeddah, Faisalabad, and Warangal.",0
"Exactly 1 of the following cities are in Turkey: Xingtai, Mersin, and Xuchang.",1
"Exactly 2 of the following cities are in China: Frankfurt am Main, Bayannur, and Antwerpen.",0
"Exactly 2 of the following cities are in India: San Pedro Sula, Theni, and Kanayannur.",1
"Exactly 1 of the following cities are in India: Guwahati, Huaibei, and Tiruchirappalli.",0
"Exactly 1 of the following cities are in Malaysia: Bouake, Johor Bahru, and Krakow.",1
"Exactly 2 of the following cities are in Kenya: Ebute Ikorodu, Mombasa, and Bulawayo.",0
"Exactly 2 of the following cities are in China: Kleinzschocher, Kagoshima, and Shangrao.",0
"Exactly 1 of the following cities are in China: Xingtai, Gaziantep, and Yunfu.",0
"Exactly 2 of the following cities are in Belarus: Benoni, Homyel', and Erzurum.",0
"Exactly 2 of the following cities are in the United States: Ilorin, Luzhou, and Milwaukee.",0
"Exactly 2 of the following cities are in China: Banjarmasin, Shihezi, and Zhanjiang.",1
"Exactly 2 of the following cities are in India: Rourkela, Nuernberg, and Luzhou.",0
"Exactly 1 of the following cities are in China: Shihezi, Ilorin, and Pingdingshan.",0
"Exactly 1 of the following cities are in Mexico: Kalininskiy, Tlalpan, and Karol Bagh.",1
"Exactly 2 of the following cities are in China: Suqian, Anyang, and Giza.",1
"Exactly 2 of the following cities are in China: Benxi, Lanzhou, and Harare.",1
"Exactly 1 of the following cities are in Ukraine: Santiago de Queretaro, Lviv, and Caracas.",1
"Exactly 1 of the following cities are in Ukraine: Zaporizhzhya, Kuantan, and Yaounde.",1
"Exactly 1 of the following cities are in Brazil: South Tangerang, Porto Alegre, and Baotou.",1
"Exactly 2 of the following cities are in India: Cangzhou, Boumerdes, and Varanasi.",0
"Exactly 1 of the following cities are in China: Kunming, Krasnoyarsk, and Lome.",1
"Exactly 2 of the following cities are in Bangladesh: Kagoshima, Sanmenxia, and Rajshahi.",0
"Exactly 2 of the following cities are in China: Dongying, Cuiaba, and Deyang.",1
"Exactly 2 of the following cities are in Bangladesh: Omsk, Isfahan, and Rangpur.",0
"Exactly 2 of the following cities are in India: Pimpri, San Miguel de Tucuman, and Kolkata.",1
"Exactly 1 of the following cities are in India: Goiania, Chandigarh, and Quebec.",1
"Exactly 1 of the following cities are in Saudi Arabia: Osaka, Almaty, and Buraydah.",1
"Exactly 2 of the following cities are in India: Neijiang, Liaocheng, and Ajmer.",0
"Exactly 2 of the following cities are in India: Linyi, Karbala, and Thiruvananthapuram.",0
"Exactly 1 of the following cities are in China: Dalian, Chennai, and Quzhou.",0
"Exactly 1 of the following cities are in Japan: Yichang, Kitakyushu, and Najafgarh.",1
"Exactly 2 of the following cities are in India: Najafgarh, Kallakurichi, and Mar del Plata.",1
"Exactly 2 of the following cities are in China: Ulan Bator, Gaziantep, and Huaihua.",0
"Exactly 1 of the following cities are in China: Shangluo, Bekasi, and Jiaozhou.",0
"Exactly 2 of the following cities are in India: Moradabad, Anqing, and Cape Town.",0
"Exactly 1 of the following cities are in China: Baise, Liaocheng, and Douala.",0
"Exactly 1 of the following cities are in China: Liaocheng, Hefei, and Bucheon-si.",0
"Exactly 2 of the following cities are in China: Bagcilar, Weifang, and Copenhagen.",0
"Exactly 1 of the following cities are in China: Bhavnagar, Pontianak, and Bengbu.",1
"Exactly 2 of the following cities are in Lithuania: Vilnius, Mazar-e Sharif, and Kanayannur.",0
"Exactly 1 of the following cities are in China: Shangluo, Nanchang, and Calgary.",0
"Exactly 2 of the following cities are in China: Zunyi, Cimahi, and Qinhuangdao.",1
"Exactly 2 of the following cities are in Germany: Kleinzschocher, Himeji, and Karaj.",0
"Exactly 2 of the following cities are in China: Himeji, Anshan, and Ma'anshan.",1
"Exactly 1 of the following cities are in China: Wenzhou, Shaoguan, and Kayseri.",0
"Exactly 2 of the following cities are in Guatemala: Lodz, Guatemala City, and Fukuoka.",0
"Exactly 1 of the following cities are in India: Sargodha, Huaihua, and Karol Bagh.",1
"Exactly 1 of the following cities are in India: Dehra Dun, Lahore, and Zaporizhzhya.",1
"Exactly 2 of the following cities are in Vietnam: Shubra al Khaymah, Haiphong, and Sokoto.",0
"Exactly 1 of the following cities are in China: Ulhasnagar, Beijing, and Guangzhou.",0
"Exactly 1 of the following cities are in China: Jambi City, Guangzhou, and Guangyuan.",0
"Exactly 1 of the following cities are in China: Ibadan, Shangyu, and Chengdu.",0
"Exactly 2 of the following cities are in China: Beijing, Mexico City, and Guangzhou.",1
"Exactly 1 of the following cities are in India: Cixi, Zhangye, and Bengaluru.",1
"Exactly 2 of the following cities are in China: Chuzhou, Mudanjiang, and Peshawar.",1
"Exactly 1 of the following cities are in China: Luohe, Curitiba, and Cangzhou.",0
"Exactly 1 of the following cities are in Germany: Kyiv, Mosul, and Leipzig.",1
"Exactly 2 of the following cities are in South Africa: Benoni, Vadodara, and Ufa.",0
"Exactly 1 of the following cities are in China: Hanzhong, Joao Pessoa, and Nanchong.",0
"Exactly 2 of the following cities are in Japan: Kumamoto, Changde, and Herat.",0
"Exactly 2 of the following cities are in India: Bhayandar, Gaziantep, and Fortaleza.",0
"Exactly 2 of the following cities are in Norway: Oslo, Changchun, and Sorocaba.",0
"Exactly 1 of the following cities are in India: Narela, Bujumbura, and Sangli.",0
"Exactly 2 of the following cities are in China: Binzhou, Wanxian, and Kota Bharu.",1
"Exactly 1 of the following cities are in Ecuador: Abidjan, Quezon City, and Quito.",1
"Exactly 2 of the following cities are in Mexico: Cheonan, Coyoacan, and Chongqing.",0
"Exactly 2 of the following cities are in Mexico: Zahedan, Ciudad Juarez, and Yunfu.",0
"Exactly 2 of the following cities are in India: Hubli, Anyang, and Lanzhou.",0
"Exactly 2 of the following cities are in India: Hohhot, Chandigarh, and Sofia.",0
"Exactly 2 of the following cities are in Tanzania: Yiwu, Dar es Salaam, and Warri.",0
"Exactly 1 of the following cities are in Indonesia: Shaoguan, Batam, and Al Fayyum.",1
"Exactly 1 of the following cities are in China: Hannover, Bareilly, and Xiamen.",1
"Exactly 1 of the following cities are in Brazil: Kanpur, Aracaju, and Brasilia.",0
"Exactly 2 of the following cities are in Turkey: Zhanjiang, Dandong, and Izmir.",0
"Exactly 2 of the following cities are in China: Wuwei, Qionghai, and Johor Bahru.",1
"Exactly 2 of the following cities are in China: Dalian, Jiujiang, and Warangal.",1
"Exactly 2 of the following cities are in the Democratic Republic of the Congo: Mbuji-Mayi, Jaboatao dos Guararapes, and Maceio.",0
"Exactly 2 of the following cities are in India: Nizhniy Novgorod, Amravati, and Xuzhou.",0
"Exactly 2 of the following cities are in India: Tembisa, Amritsar, and Nagpur.",1
"Exactly 2 of the following cities are in India: Indore, Hannover, and Bhubaneswar.",1
"Exactly 2 of the following cities are in China: Panshan, Ya'an, and Cankaya.",1
"Exactly 1 of the following cities are in Kazakhstan: Almaty, Khabarovsk Vtoroy, and Bhubaneswar.",1
"Exactly 2 of the following cities are in China: Guiyang, Thane, and Qujing.",1
"Exactly 1 of the following cities are in Denmark: Zhangzhou, Mosul, and Copenhagen.",1
"Exactly 1 of the following cities are in China: Chaozhou, Ibadan, and Jiaozuo.",0
"Exactly 2 of the following cities are in China: Shenzhen, Astrakhan, and Nanning.",1
"Exactly 1 of the following cities are in China: Weihai, Kallakurichi, and Zaozhuang.",0
"Exactly 2 of the following cities are in Turkey: Rizhao, Bagcilar, and Kawaguchi.",0
"Exactly 2 of the following cities are in Russia: Kunshan, Izhevsk, and Saint Petersburg.",1
"Exactly 1 of the following cities are in Sweden: Goeteborg, Ulhasnagar, and Bhilai.",1
"Exactly 1 of the following cities are in Bangladesh: Bekasi, Ipoh, and Khulna.",1
"Exactly 1 of the following cities are in China: Sofia, Laiwu, and Hangzhou.",0
"Exactly 1 of the following cities are in Armenia: Yerevan, Dongying, and Baise.",1
"Exactly 1 of the following cities are in India: Battagram, Ulhasnagar, and Tiruchirappalli.",0
"Exactly 1 of the following cities are in China: Guang'an, Zibo, and New Kingston.",0
"Exactly 1 of the following cities are in China: Mudanjiang, Guangyuan, and Kleinzschocher.",0
"Exactly 2 of the following cities are in China: Dalian, Zigong, and Nagpur.",1
"Exactly 1 of the following cities are in the Philippines: Taguig, Milwaukee, and Quezon City.",0
"Exactly 2 of the following cities are in China: Cancun, Chuzhou, and Jinan.",1
"Exactly 2 of the following cities are in Russia: Yekaterinburg, Bogor, and Laibin.",0
"Exactly 2 of the following cities are in China: Mianzhu, Deyang, Sichuan, Kharkiv, and Wanxian.",1
"Exactly 2 of the following cities are in India: Kaifeng, Sao Paulo, and Vadodara.",0
"Exactly 1 of the following cities are in China: Foshan, Zhoushan, and Reynosa.",0
"Exactly 1 of the following cities are in the Philippines: Binzhou, Odesa, and General Santos.",1
"Exactly 2 of the following cities are in China: Hegang, Xuchang, and Bagcilar.",1
"Exactly 1 of the following cities are in China: Tanggu, Nizhniy Novgorod, and Guang'an.",0
"Exactly 1 of the following cities are in China: Sharjah, Zigong, and Nanchang.",0
"Exactly 2 of the following cities are in China: Chongqing, Tebessa, and Liaocheng.",1
"Exactly 1 of the following cities are in Russia: Kemerovo, Leon de los Aldama, and Cuiaba.",1
"Exactly 1 of the following cities are in Russia: Voronezh, Luohe, and Kemerovo.",0
"Exactly 1 of the following cities are in Romania: Kimhae, Tianjin, and Bucharest.",1
"Exactly 1 of the following cities are in India: Mysore, Tiruppur, and Erbil.",0
"Exactly 1 of the following cities are in China: Samarkand, Bijie, and Tianshui.",0
"Exactly 2 of the following cities are in China: Hamamatsu, Huaihua, and Xingtai.",1
"Exactly 2 of the following cities are in China: Xianyang, Kanayannur, and Xinyang.",1
"Exactly 2 of the following cities are in Ukraine: Reynosa, Kryvyy Rih, and Contagem.",0
"Exactly 1 of the following cities are in China: Serang, Qinzhou, and Xinyang.",0
"Exactly 1 of the following cities are in Yemen: Tashkent, Sanaa, and Basrah.",1
"Exactly 1 of the following cities are in Nigeria: Bauchi, Liupanshui, and Ganzhou.",1
"Exactly 2 of the following cities are in Russia: Saratov, Bhubaneswar, and Calgary.",0
"Exactly 1 of the following cities are in Brazil: Florianopolis, Pingdingshan, and Sorocaba.",0
"Exactly 1 of the following cities are in India: Solapur, Jamshedpur, and Brasilia.",0
"Exactly 2 of the following cities are in China: Rui'an, Osaka, and Zhengzhou.",1
"Exactly 2 of the following cities are in China: Mogadishu, Nanchang, and Bengbu.",1
"Exactly 1 of the following cities are in South Africa: Sanming, Durban, and Aleppo.",1
"Exactly 2 of the following cities are in Japan: Jinan, Kawaguchi, and Changwon.",0
"Exactly 1 of the following cities are in China: Dubai, Meknes, and Foshan.",1
"Exactly 2 of the following cities are in China: Islamabad, Nanchang, and Hebi.",1
"Exactly 1 of the following cities are in China: Xianyang, Weihai, and Sevastopol.",0
"Exactly 2 of the following cities are in Nigeria: Kaduna, Cotonou, and Tokyo.",0
"Exactly 1 of the following cities are in Russia: Novosibirsk, Zaozhuang, and Oslo.",1
"Exactly 2 of the following cities are in China: Daqing, Liuzhou, and Algiers.",1
"Exactly 2 of the following cities are in China: Can Tho, Kanpur, and Rui'an.",0
"Exactly 2 of the following cities are in China: Kobe, Zhabei, and Kryvyy Rih.",0
"Exactly 1 of the following cities are in China: Neijiang, Bengaluru, and Hohhot.",0
"Exactly 2 of the following cities are in Mozambique: Aligarh, Matola, and Osaka.",0
"Exactly 1 of the following cities are in India: Thuan An, Haiphong, and Jaipur.",1
"Exactly 1 of the following cities are in South Korea: Busan, Ibadan, and Bucheon-si.",0
"Exactly 1 of the following cities are in Iran: Shiraz, Orumiyeh, and Taiz.",0
"Exactly 1 of the following cities are in China: Binzhou, Hebi, and Ilorin.",0
"Exactly 1 of the following cities are in China: Tianjin, Maiduguri, and Yichang.",0
"Exactly 2 of the following cities are in China: Shangyu, Chaozhou, and Matsuyama.",1
"Exactly 2 of the following cities are in Russia: Naucalpan de Juarez, Jiangmen, and Krasnodar.",0
"Exactly 2 of the following cities are in Russia: Anshun, Astrakhan, and Ibague.",0
"Exactly 2 of the following cities are in Malaysia: Shah Alam, Lyon, and Weifang.",0
"Exactly 2 of the following cities are in China: Xiamen, Maracay, and Jilin.",1
"Exactly 1 of the following cities are in India: Baghdad, Tianshui, and Kanpur.",1
"Exactly 2 of the following cities are in India: Qom, Guatemala City, and Solapur.",0
"Exactly 1 of the following cities are in China: Ebute Ikorodu, Nova Iguacu, and Yichang.",1
"Exactly 1 of the following cities are in China: Jiamusi, Chelyabinsk, and Kumamoto.",1
"Exactly 1 of the following cities are in China: Omsk, Qionghai, and Santo Domingo Este.",1
"Exactly 2 of the following cities are in China: Handan, Kunming, and Moradabad.",1
"Exactly 1 of the following cities are in Indonesia: Bogor, Kobe, and San Miguel de Tucuman.",1
"Exactly 2 of the following cities are in China: Malatya, Wanxian, and Puning.",1
"Exactly 1 of the following cities are in the United Arab Emirates: Omdurman, Durban, and Sharjah.",1
"Exactly 1 of the following cities are in China: Kandahar, Shantou, and Mukalla.",1
"Exactly 2 of the following cities are in China: Kaduna, Langfang, and Kuantan.",0
"Exactly 1 of the following cities are in China: Agadir, Tonghua, and Wanxian.",0
"Exactly 1 of the following cities are in China: Cankaya, Taguig, and Tianshui.",1
"Exactly 1 of the following cities are in China: Korla, Pingliang, and Kisangani.",0
"Exactly 1 of the following cities are in China: Coimbatore, Boumerdes, and Luancheng.",1
"Exactly 2 of the following cities are in Saudi Arabia: Bucheon-si, Ha'il, and Lusaka.",0
"Exactly 2 of the following cities are in India: Bobo-Dioulasso, Zaporizhzhya, and Mumbai.",0
"Exactly 2 of the following cities are in China: Tanggu, Benoni, and Handan.",1
"Exactly 1 of the following cities are in China: Luancheng, Namangan, and Munich.",1
"Exactly 1 of the following cities are in India: Bamako, Gold Coast, and Mumbai.",1
"Exactly 1 of the following cities are in China: Ma'anshan, Baoji, and Barranquilla.",0
"Exactly 2 of the following cities are in China: Kahriz, Rui'an, and Zunyi.",1
"Exactly 1 of the following cities are in China: Daqing, Mosul, and Wanzhou.",0
"Exactly 2 of the following cities are in India: Bamako, Gold Coast, and Mumbai.",0
"Exactly 2 of the following cities are in Yemen: Porto Alegre, Novosibirsk, and Taiz.",0
"Exactly 2 of the following cities are in the Philippines: Turin, Xianning, and Caloocan City.",0
"Exactly 2 of the following cities are in China: San Miguel de Tucuman, Baise, and Panzhihua.",1
"Exactly 2 of the following cities are in the Philippines: Davao, Krakow, and Mar del Plata.",0
"Exactly 2 of the following cities are in South Africa: San Pedro Sula, Bloemfontein, and Laibin.",0
"Exactly 2 of the following cities are in the United Arab Emirates: Guankou, Omsk, and Abu Dhabi.",0
"Exactly 2 of the following cities are in Japan: Matsuyama, Dehra Dun, and Kano.",0
"Exactly 2 of the following cities are in China: Sanaa, Shenyang, and Qinzhou.",1
"Exactly 2 of the following cities are in China: Shijiazhuang, Shuangyashan, and New South Memphis.",1
"Exactly 2 of the following cities are in India: Bilimora, Ulhasnagar, and Nanchong.",1
"Exactly 2 of the following cities are in China: Sarajevo, Siping, and Sanming.",1
"Exactly 1 of the following cities are in China: Xining, Pingliang, and Durban.",0
"Exactly 2 of the following cities are in Afghanistan: Baotou, Herat, and Bauchi.",0
"Exactly 2 of the following cities are in Nigeria: Cimahi, Aligarh, and Sokoto.",0
"Exactly 2 of the following cities are in India: Port Harcourt, Shivaji Nagar, and Karol Bagh.",1
"Exactly 1 of the following cities are in China: Tlaquepaque, Dombivli, and Qujing.",1
"Exactly 1 of the following cities are in China: Enugu, Taiz, and Zhabei.",1
"Exactly 2 of the following cities are in China: Harbin, Tlalpan, and Oklahoma City.",0
"Exactly 1 of the following cities are in China: Jieyang, Kahriz, and Zhangye.",0
"Exactly 2 of the following cities are in China: Shenzhen, Diyarbakir, and Hengyang.",1
"Exactly 2 of the following cities are in China: Wuwei, Baoji, and Serang.",1
"Exactly 2 of the following cities are in the Democratic Republic of the Congo: Mbuji-Mayi, Taguig, and Anshan.",0
"Exactly 2 of the following cities are in China: Linfen, Nanjing, and Duque de Caxias.",1
"Exactly 1 of the following cities are in India: Tembisa, Amritsar, and Nagpur.",0
"Exactly 1 of the following cities are in Japan: Astrakhan, Qujing, and Kumamoto.",1
"Exactly 1 of the following cities are in Ecuador: Quito, Cuiaba, and Malang.",1
"Exactly 2 of the following cities are in China: Ludhiana, Nanning, and Durban.",0
"Exactly 1 of the following cities are in Guinea: Conakry, Aguascalientes, and Chelyabinsk.",1
"Exactly 2 of the following cities are in China: Guang'an, Xianyang, and Daegu.",1
"Exactly 2 of the following cities are in Poland: Tlaquepaque, Poznan, and Kayseri.",0
"Exactly 1 of the following cities are in Kenya: Cheonan, Mombasa, and Ribeirao Preto.",1
"Exactly 1 of the following cities are in China: Ordos, Kyoto, and Pingliang.",0
"Exactly 1 of the following cities are in Peru: Chiclayo, Huzhou, and Shaoguan.",1
"Exactly 2 of the following cities are in Malaysia: Bouake, Johor Bahru, and Krakow.",0
"Exactly 2 of the following cities are in Russia: Warri, Izmir, and Penza.",0
"Exactly 2 of the following cities are in South Africa: Cape Town, Ulhasnagar, and Daegu.",0
"Exactly 2 of the following cities are in Iran: Astrakhan, Arak, and Surakarta.",0
"Exactly 1 of the following cities are in China: Oyo, Weihai, and Anshan.",0
"Exactly 2 of the following cities are in Bangladesh: Tashkent, Chattogram, and Nouakchott.",0
"Exactly 1 of the following cities are in Colombia: Shiraz, Tashkent, and Barranquilla.",1
"Exactly 2 of the following cities are in Germany: Leipzig, Cancun, and Cuiaba.",0
"Exactly 1 of the following cities are in Russia: Ulyanovsk, Krasnoyarsk, and Luzhou.",0
"Exactly 1 of the following cities are in India: Bhopal, Shah Alam, and Faridabad.",0
"Exactly 2 of the following cities are in Yemen: Jabalpur, Sarajevo, and Taiz.",0
"Exactly 1 of the following cities are in Ukraine: Odesa, Kharkiv, and Yinchuan.",0
"Exactly 1 of the following cities are in Japan: Osaka, Kisangani, and Sendai.",0
"Exactly 1 of the following cities are in Kyrgyzstan: Bishkek, Lodz, and Gwalior.",1
"Exactly 1 of the following cities are in Mexico: Tijuana, Hanoi, and Xinyang.",1
"Exactly 2 of the following cities are in Egypt: Giza, Pretoria, and Muzaffarabad.",0
"Exactly 2 of the following cities are in China: Xingtai, Lianyungang, and Malacca.",1
"Exactly 2 of the following cities are in China: Yangquan, Quetta, and Huizhou.",1
"Exactly 2 of the following cities are in Algeria: Harbin, Tebessa, and Ilorin.",0
"Exactly 2 of the following cities are in China: Kuala Lumpur, Jilin, and Kanayannur.",0
"Exactly 1 of the following cities are in Belarus: Benoni, Homyel', and Erzurum.",1
"Exactly 1 of the following cities are in India: Basrah, Cuttack, and Bengaluru.",0
"Exactly 1 of the following cities are in China: Mosul, Erode, and Panzhihua.",1
"Exactly 1 of the following cities are in Algeria: Albuquerque, Boumerdes, and Suqian.",1
"Exactly 2 of the following cities are in China: Hanzhong, Joao Pessoa, and Nanchong.",1
"Exactly 2 of the following cities are in Japan: Beirut, Bagcilar, and Matsuyama.",0
"Exactly 2 of the following cities are in Mexico: Ajmer, Ziyang, and Leon de los Aldama.",0
"Exactly 2 of the following cities are in India: Naberezhnyye Chelny, Theni, and Hamadan.",0
"Exactly 1 of the following cities are in China: Changde, Benin City, and Huaihua.",0
"Exactly 2 of the following cities are in China: Jiaozuo, Lodz, and Surakarta.",0
"Exactly 2 of the following cities are in Iran: Ahvaz, Torreon, and Osaka.",0
"Exactly 1 of the following cities are in China: Xuanzhou, Abuja, and Huainan.",0
"Exactly 2 of the following cities are in Pakistan: Gujranwala, Jilin, and Ibague.",0
"Exactly 2 of the following cities are in Algeria: Algiers, Hamamatsu, and Zhuzhou.",0
"Exactly 1 of the following cities are in Gabon: Detroit, Nanchang, and Libreville.",1
"Exactly 2 of the following cities are in India: Chennai, Ulhasnagar, and Wanxian.",1
"Exactly 1 of the following cities are in South Korea: Busan, Tiruchirappalli, and Warangal.",1
"Exactly 2 of the following cities are in Brazil: Homyel', Ribeirao Preto, and Dehra Dun.",0
"Exactly 2 of the following cities are in China: Zhengzhou, Maceio, and Daqing.",1
"Exactly 2 of the following cities are in China: Paranaque City, Fushun, and Tonghua.",1
"Exactly 2 of the following cities are in Malawi: Phnom Penh, Lilongwe, and Baise.",0
"Exactly 1 of the following cities are in Azerbaijan: Weihai, Winnipeg, and Baku.",1
"Exactly 1 of the following cities are in China: Budapest, Xining, and Pingliang.",0
"Exactly 1 of the following cities are in China: Sarajevo, Siping, and Sanming.",0
"Exactly 2 of the following cities are in Germany: Bucheon-si, Lviv, and Dortmund.",0
"Exactly 1 of the following cities are in China: Nagoya, Detroit, and Dalian.",1
"Exactly 1 of the following cities are in Jordan: Zarqa, Quetta, and Samarkand.",1
"Exactly 1 of the following cities are in Iraq: Yinchuan, Giza, and Al Mawsil al Jadidah.",1
"Exactly 2 of the following cities are in China: Islamabad, Guilin, and Maoming.",1
"Exactly 2 of the following cities are in Indonesia: Pekanbaru, Odesa, and Erode.",0
"Exactly 1 of the following cities are in China: Shaoguan, Baku, and Qiqihar.",0
"Exactly 2 of the following cities are in Brazil: Jilin, Dhanbad, and Manaus.",0
"Exactly 1 of the following cities are in China: Bhubaneswar, Tianjin, and Wuwei.",0
"Exactly 2 of the following cities are in Indonesia: Bekasi, Rohini, and Rio de Janeiro.",0
"Exactly 1 of the following cities are in the United Arab Emirates: Al Ain City, Jingmen, and Asansol.",1
"Exactly 2 of the following cities are in Malaysia: Kampung Baru Subang, Malang, and Meerut.",0
"Exactly 2 of the following cities are in India: Battagram, Ulhasnagar, and Tiruchirappalli.",1
"Exactly 2 of the following cities are in China: Kanpur, Wanning, and Handan.",1
"Exactly 1 of the following cities are in China: Borivli, Foshan, and Chuzhou.",0
"Exactly 1 of the following cities are in Colombia: Oyo, Xiaogan, and Bucaramanga.",1
"Exactly 1 of the following cities are in China: Rourkela, Dehra Dun, and Urumqi.",1
"Exactly 1 of the following cities are in China: Quzhou, Irkutsk, and Xiaogan.",0
"Exactly 2 of the following cities are in Norway: Saitama, Oslo, and Ganzhou.",0
"Exactly 1 of the following cities are in China: Izhevsk, Jiamusi, and Cotonou.",1
"Exactly 1 of the following cities are in Bosnia and Herzegovina: Budapest, Sarajevo, and Tegucigalpa.",1
"Exactly 2 of the following cities are in China: Lu'an, Xining, and Saratov.",1
"Exactly 1 of the following cities are in China: Kermanshah, Qujing, and Cuttack.",1
"Exactly 2 of the following cities are in Russia: Al Mahallah al Kubra, Maracaibo, and Perm.",0
"Exactly 2 of the following cities are in Ukraine: Dnipro, Jalandhar, and Coyoacan.",0
"Exactly 1 of the following cities are in Lithuania: Vilnius, Nampula, and Hiroshima.",1
"Exactly 1 of the following cities are in China: Himeji, Anshan, and Ma'anshan.",0
"Exactly 1 of the following cities are in China: Hangzhou, Borivli, and Hefei.",0
"Exactly 1 of the following cities are in China: Wuwei, Shanghai, and Bouake.",0
"Exactly 2 of the following cities are in China: Luancheng, Warangal, and Longyan.",1
"Exactly 1 of the following cities are in Japan: Osaka, Kyoto, and Mudanjiang.",0
"Exactly 1 of the following cities are in Brazil: Jaboatao dos Guararapes, Istanbul, and Perm.",1
"Exactly 1 of the following cities are in India: San Pedro Sula, Theni, and Kanayannur.",0
"Exactly 1 of the following cities are in China: Wuwei, Qionghai, and Johor Bahru.",0
"Exactly 1 of the following cities are in South Korea: Chiclayo, Coyoacan, and Cheongju-si.",1
"Exactly 2 of the following cities are in Nigeria: Benin City, Weinan, and Volgograd.",0
"Exactly 1 of the following cities are in Saudi Arabia: Ta'if, Jeddah, and Al Basrah al Qadimah.",0
"Exactly 2 of the following cities are in Turkey: Kirkuk, Copenhagen, and Uskudar.",0
"Exactly 2 of the following cities are in Nigeria: Warri, Guntur, and Weinan.",0
"Exactly 1 of the following cities are in Rwanda: Quetta, Kigali, and Zhangye.",1
"Exactly 2 of the following cities are in Vietnam: Thuan An, Mexico City, and Guntur.",0
"Exactly 2 of the following cities are in China: Qinhuangdao, Las Pinas, and Weihai.",1
"Exactly 1 of the following cities are in Japan: Chelyabinsk, Saitama, and Nowrangapur.",1
"Exactly 1 of the following cities are in Vietnam: Dongying, Aligarh, and Bien Hoa.",1
"Exactly 2 of the following cities are in Bangladesh: Comilla, Amritsar, and Curitiba.",0
"Exactly 2 of the following cities are in Iraq: Karbala, Bhubaneswar, and New York City.",0
"Exactly 1 of the following cities are in Turkey: Mersin, Kyiv, and Fuxin.",1
"Exactly 1 of the following cities are in India: Coimbatore, Tijuana, and Hanzhong.",1
"Exactly 2 of the following cities are in Nigeria: Baku, Oyo, and Chenzhou.",0
"Exactly 1 of the following cities are in Yemen: Nay Pyi Taw, Taiz, and Chelyabinsk.",1
"Exactly 2 of the following cities are in China: Chaozhou, Juiz de Fora, and Hebi.",1
"Exactly 2 of the following cities are in China: Bengbu, Dnipro, and Bokaro.",0
"Exactly 1 of the following cities are in India: Meerut, Jaipur, and Mogadishu.",0
"Exactly 2 of the following cities are in China: Jiaxing, Cixi, and Conakry.",1
"Exactly 2 of the following cities are in Myanmar: Meknes, Yangon, and Douala.",0
"Exactly 2 of the following cities are in Algeria: Qionghai, Nanning, and Algiers.",0
"Exactly 2 of the following cities are in Brazil: Ankara, Campos dos Goytacazes, and Jalandhar.",0
"Exactly 2 of the following cities are in China: Kaifeng, Sharjah, and Maoming.",1
"Exactly 1 of the following cities are in China: Abidjan, Liupanshui, and Caracas.",1
"Exactly 1 of the following cities are in Canada: Yunfu, Calgary, and Jiaxing.",1
"Exactly 1 of the following cities are in China: Sanaa, Shenyang, and Qinzhou.",0
"Exactly 1 of the following cities are in India: Bhubaneswar, New Kingston, and Tiruppur.",0
"Exactly 1 of the following cities are in Bulgaria: Yiwu, Sofia, and Zhumadian.",1
"Exactly 2 of the following cities are in China: Ganzhou, Anyang, and Mbuji-Mayi.",1
"Exactly 2 of the following cities are in China: Mersin, Qionghai, and Suqian.",1
"Exactly 1 of the following cities are in China: Nanchong, Maoming, and Sarajevo.",0
"Exactly 1 of the following cities are in China: Chuzhou, Dalian, and Jos.",0
"Exactly 1 of the following cities are in India: Kitakyushu, Rajkot, and Chelyabinsk.",1
"Exactly 1 of the following cities are in China: Al Hudaydah, Rio de Janeiro, and Weifang.",1
"Exactly 1 of the following cities are in Côte d'Ivoire: Suwon, Abobo, and Can Tho.",1
"Exactly 2 of the following cities are in China: Yongzhou, Jeddah, and Putian.",1
"Exactly 2 of the following cities are in Benin: Cotonou, Cheonan, and Nampula.",0
"Exactly 2 of the following cities are in Mexico: Zapopan, Guatemala City, and Aguascalientes.",1
"Exactly 2 of the following cities are in Mexico: Xuanzhou, Ecatepec de Morelos, and Beirut.",0
"Exactly 2 of the following cities are in Russia: Tolyatti, Khabarovsk Vtoroy, and Hengyang.",1
"Exactly 1 of the following cities are in China: Basrah, Anqing, and Yiwu.",0
"Exactly 2 of the following cities are in Mozambique: Paranaque City, Busan, and Beira.",0
"Exactly 1 of the following cities are in Ecuador: Guayaquil, Qionghai, and Baku.",1
"Exactly 2 of the following cities are in Turkey: Uskudar, Erzurum, and Xianning.",1
"Exactly 1 of the following cities are in India: South Tangerang, Santiago de los Caballeros, and Bhopal.",1
"Exactly 2 of the following cities are in China: Jieyang, Kahriz, and Zhangye.",1
"Exactly 2 of the following cities are in Indonesia: Baotou, Serang, and Bogor.",1
"Exactly 2 of the following cities are in India: Bulawayo, Warangal, and Nanded.",1
"Exactly 2 of the following cities are in China: Culiacan, Binzhou, and Chenzhou.",1
"Exactly 2 of the following cities are in the Philippines: Beijing, Sao Bernardo do Campo, and Las Pinas.",0
"Exactly 1 of the following cities are in Saudi Arabia: Cucuta, Ta'if, and Busan.",1
"Exactly 2 of the following cities are in China: Hengyang, Neijiang, and Brasilia.",1
"Exactly 2 of the following cities are in China: Kinshasa, Chongqing, and Yangquan.",1
"Exactly 2 of the following cities are in Syria: Frankfurt am Main, Sulaymaniyah, and Homs.",0
"Exactly 2 of the following cities are in India: Kyiv, Frankfurt am Main, and Ghaziabad.",0
"Exactly 2 of the following cities are in China: Tianjin, Kathmandu, and Lyon.",0
"Exactly 2 of the following cities are in China: Bursa, Yiwu, and Huaihua.",1
"Exactly 2 of the following cities are in China: Mandalay, Chizhou, and Wanzhou.",1
"Exactly 2 of the following cities are in Syria: Shubra al Khaymah, Aleppo, and Beira.",0
"Exactly 2 of the following cities are in India: Solapur, Jamshedpur, and Brasilia.",1
"Exactly 1 of the following cities are in Japan: Omsk, Matsuyama, and Puducherry.",1
"Exactly 2 of the following cities are in Iraq: Makhachkala, Al Mawsil al Jadidah, and Ansan-si.",0
"Exactly 2 of the following cities are in China: Fushun, Tabriz, and Zhabei.",1
"Exactly 1 of the following cities are in China: Meizhou, Marseille, and E'zhou.",0
"Exactly 1 of the following cities are in China: Dalian, Osaka, and Taguig.",1
"Exactly 1 of the following cities are in India: Abeokuta, Jaipur, and Nowrangapur.",0
"Exactly 1 of the following cities are in China: Islamabad, Guilin, and Maoming.",0
"Exactly 2 of the following cities are in South Africa: Vladivostok, Pietermaritzburg, and Zhangjiagang.",0
"Exactly 2 of the following cities are in Russia: Ufa, Volgograd, and Amritsar.",1
"Exactly 1 of the following cities are in Russia: Buraydah, Cucuta, and Saratov.",1
"Exactly 2 of the following cities are in China: Meizhou, Marseille, and E'zhou.",1
"Exactly 1 of the following cities are in Egypt: Al Mahallah al Kubra, Frankfurt am Main, and Huzhou.",1
"Exactly 1 of the following cities are in China: Johor Bahru, Zhangjiakou, and Panzhihua.",0
"Exactly 2 of the following cities are in Brazil: Aparecida de Goiania, Ta'if, and Algiers.",0
"Exactly 1 of the following cities are in the Dominican Republic: Santiago de los Caballeros, Makhachkala, and Zhuzhou.",1
"Exactly 1 of the following cities are in China: Ciudad Nezahualcoyotl, Qiqihar, and Hezhou.",0
"Exactly 2 of the following cities are in Iraq: Kirkuk, Al Basrah al Qadimah, and Bien Hoa.",1
"Exactly 2 of the following cities are in China: Seongnam-si, Najafgarh, and Guiyang.",0
"Exactly 1 of the following cities are in China: Visakhapatnam, Chenzhou, and Liupanshui.",0
"Exactly 2 of the following cities are in Brazil: Coimbatore, Joao Pessoa, and Sargodha.",0
"Exactly 2 of the following cities are in India: Zarqa, Visakhapatnam, and Tiruchirappalli.",1
"Exactly 1 of the following cities are in India: Jalandhar, Aligarh, and Kitakyushu.",0
"Exactly 2 of the following cities are in China: Santo Domingo Este, Zaozhuang, and Linyi.",1
"Exactly 2 of the following cities are in China: Porto Alegre, Zhangjiakou, and Suining.",1
"Exactly 1 of the following cities are in Nigeria: Jos, Dnipro, and Benin City.",0
"Exactly 1 of the following cities are in Iran: Jaboatao, Hamadan, and Barranquilla.",1
"Exactly 2 of the following cities are in South Korea: Milwaukee, Anyang-si, and Pikine.",0
"Exactly 1 of the following cities are in China: Chenzhou, Ma'anshan, and Kalyan.",0
"Exactly 1 of the following cities are in Iraq: Karbala, Bhubaneswar, and New York City.",1
"Exactly 2 of the following cities are in South Korea: Bagcilar, Cheonan, and Aden.",0
"Exactly 2 of the following cities are in India: Yangon, Cochin, and Jiangmen.",0
"Exactly 2 of the following cities are in the United States: Seattle, New York City, and Hanzhong.",1
"Exactly 1 of the following cities are in the Dominican Republic: Santo Domingo Oeste, Rawalpindi, and Quito.",1
"Exactly 1 of the following cities are in China: Wuzhou, Kashgar, and Asmara.",0
"Exactly 1 of the following cities are in China: Gujranwala, Shihezi, and Chuzhou.",0
"Exactly 2 of the following cities are in China: Copenhagen, Zhabei, and Handan.",1
"Exactly 1 of the following cities are in China: Xining, Libreville, and Wuzhou.",0
"Exactly 1 of the following cities are in China: Ho Chi Minh City, Denpasar, and Xianyang.",1
"Exactly 2 of the following cities are in China: Xinyang, Hiroshima, and Guigang.",1
"Exactly 2 of the following cities are in China: Xuanzhou, Abuja, and Huainan.",1
"Exactly 1 of the following cities are in China: Fushun, Maoming, and Himeji.",0
"Exactly 2 of the following cities are in China: Cangzhou, Kanayannur, and Tonghua.",1
"Exactly 2 of the following cities are in Malaysia: Kanpur, Eskisehir, and Kampung Baru Subang.",0
"Exactly 1 of the following cities are in the United States: Enugu, New South Memphis, and Nouakchott.",1
"Exactly 1 of the following cities are in China: Huzhou, Jambi City, and Hefei.",0
"Exactly 2 of the following cities are in India: Dakar, Kolkata, and Tiruchirappalli.",1
"Exactly 1 of the following cities are in China: Nanchang, Goeteborg, and Hanzhong.",0
"Exactly 1 of the following cities are in India: Bursa, Ciudad Juarez, and Kozhikode.",1
"Exactly 1 of the following cities are in Japan: Hiroshima, Batam, and Phnom Penh.",1
"Exactly 2 of the following cities are in China: Heze, Lahore, and Yichang.",1
"Exactly 2 of the following cities are in China: Jiangyin, Xiangtan, and Dakar.",1
"Exactly 1 of the following cities are in Burkina Faso: Prayagraj, Jalandhar, and Ouagadougou.",1
"Exactly 1 of the following cities are in China: Baise, Zapopan, and Jingmen.",0
"Exactly 2 of the following cities are in China: Yangquan, Jinan, and Ajmer.",1
"Exactly 2 of the following cities are in China: Oslo, Hangzhou, and Kryvyy Rih.",0
"Exactly 2 of the following cities are in China: Bayannur, Luancheng, and Cebu City.",1
"Exactly 2 of the following cities are in India: Surat, Meknes, and Aligarh.",1
"Exactly 1 of the following cities are in Indonesia: Batam, Gwalior, and Surakarta.",0
"Exactly 1 of the following cities are in Chile: Barnaul, Shubra al Khaymah, and Puente Alto.",1
"Exactly 1 of the following cities are in India: Kanayannur, Rajkot, and Abeokuta.",0
"Exactly 1 of the following cities are in Brazil: Xiangtan, Jaboatao dos Guararapes, and Porto Velho.",0
"Exactly 1 of the following cities are in China: Shangqiu, Istanbul, and Tianshui.",0
"Exactly 1 of the following cities are in Chad: Jakarta, N'Djamena, and Jiaozuo.",1
"Exactly 1 of the following cities are in China: Hohhot, Anqing, and Asansol.",0
"Exactly 2 of the following cities are in India: Rostov-na-Donu, Kirkuk, and Ghaziabad.",0
"Exactly 2 of the following cities are in China: Zhaoqing, Dakar, and Hamhung.",0
"Exactly 1 of the following cities are in Japan: Fukuoka, Manaus, and Ziyang.",1
"Exactly 1 of the following cities are in the Democratic Republic of the Congo: Namangan, Zibo, and Kisangani.",1
"Exactly 1 of the following cities are in China: Kandahar, Fushun, and Zhangjiagang.",0
"Exactly 1 of the following cities are in Turkey: Huzhou, Antananarivo, and Ankara.",1
"Exactly 2 of the following cities are in Moldova: Xining, Chisinau, and Indore.",0
"Exactly 2 of the following cities are in China: Matola, Zhabei, and Xuzhou.",1
"Exactly 1 of the following cities are in China: Ziyang, Hengyang, and New South Memphis.",0
"Exactly 2 of the following cities are in Pakistan: Contagem, Islamabad, and Kahriz.",0
"Exactly 1 of the following cities are in India: Qingdao, Ranchi, and Jaipur.",0
"Exactly 2 of the following cities are in Iran: Guiyang, Qingdao, and Shiraz.",0
"Exactly 2 of the following cities are in China: Zhengzhou, Ordos, and Lviv.",1
"Exactly 2 of the following cities are in Japan: Fukuoka, Tiruppur, and Sendai.",1
"Exactly 1 of the following cities are in Turkey: Uskudar, Erzurum, and Xianning.",0
"Exactly 1 of the following cities are in South Korea: Cheongju-si, Puducherry, and Port Harcourt.",1
"Exactly 2 of the following cities are in Indonesia: Balikpapan, New York City, and Erode.",0
"Exactly 1 of the following cities are in China: Guiyang, Thane, and Qujing.",0
"Exactly 2 of the following cities are in China: Binzhou, Hebi, and Ilorin.",1
"Exactly 2 of the following cities are in China: Yangquan, Arequipa, and Ya'an.",1
"Exactly 2 of the following cities are in China: Zhabei, Jilin, and Las Pinas.",1
"Exactly 1 of the following cities are in Mexico: Ciudad Juarez, San Luis Potosi, and Tomsk.",0
"Exactly 2 of the following cities are in India: Zhangye, Kanayannur, and Vadodara.",1
"Exactly 2 of the following cities are in China: Asansol, Shivaji Nagar, and Anshan.",0
"Exactly 1 of the following cities are in India: Liuzhou, Wuzhou, and Jabalpur.",1
"Exactly 2 of the following cities are in Haiti: Ludhiana, Port-au-Prince, and Ulan Bator.",0
"Exactly 1 of the following cities are in Iraq: Sulaymaniyah, Ma'anshan, and San Miguel de Tucuman.",1
"Exactly 1 of the following cities are in Pakistan: Lianyungang, Huaibei, and Sargodha.",1
"Exactly 1 of the following cities are in China: Buraydah, Wanning, and Oyo.",1
"Exactly 1 of the following cities are in Germany: Koeln, Esenler, and Ningbo.",1
"Exactly 2 of the following cities are in India: Karbala, Amritsar, and Asansol.",1
"Exactly 1 of the following cities are in Somalia: Kuala Lumpur, Mogadishu, and Jiangmen.",1
"Exactly 2 of the following cities are in Iraq: Basrah, Shangqiu, and Cancun.",0
"Exactly 2 of the following cities are in India: Najafgarh, Lubumbashi, and Cheongju-si.",0
"Exactly 2 of the following cities are in China: Urumqi, Rahim Yar Khan, and Yongzhou.",1
"Exactly 2 of the following cities are in Russia: Izhevsk, Krasnodar, and Recife.",1
"Exactly 2 of the following cities are in China: Heze, Yongzhou, and Aleppo.",1
"Exactly 1 of the following cities are in South Korea: Anqing, Jeonju, and Johor Bahru.",1
"Exactly 1 of the following cities are in China: Luancheng, Warangal, and Longyan.",0
"Exactly 2 of the following cities are in China: Bokaro, Chaozhou, and Yangjiang.",1
"Exactly 1 of the following cities are in China: Xiamen, Sharjah, and Panshan.",0
"Exactly 1 of the following cities are in China: Wuzhou, Sargodha, and Beijing.",0
"Exactly 2 of the following cities are in the Philippines: Kanpur, Mumbai, and Las Pinas.",0
"Exactly 1 of the following cities are in China: Lyon, Jiujiang, and Guilin.",0
"Exactly 1 of the following cities are in China: Jiujiang, Nampula, and Wanxian.",0
"Exactly 2 of the following cities are in China: Rui'an, Ipoh, and Guankou.",1
"Exactly 2 of the following cities are in China: Qiqihar, Dhanbad, and Qionghai.",1
"Exactly 2 of the following cities are in Brazil: Sorocaba, Ibadan, and Munich.",0
"Exactly 2 of the following cities are in China: Sanaa, Xianning, and Chengdu.",1
"Exactly 2 of the following cities are in India: Shivaji Nagar, Mosul, and Rohini.",1
"Exactly 2 of the following cities are in China: Shuangyashan, Asuncion, and Hanzhong.",1
"Exactly 2 of the following cities are in China: Hamadan, Hohhot, and Hubli.",0
"Exactly 1 of the following cities are in the Democratic Republic of the Congo: Kisangani, Poznan, and Phnom Penh.",1
"Exactly 1 of the following cities are in India: Ulhasnagar, Bhubaneswar, and Kandahar.",0
"Exactly 2 of the following cities are in India: Coimbatore, Zhangjiagang, and Agadir.",0
"Exactly 2 of the following cities are in China: Heze, Feira de Santana, and Beira.",0
"Exactly 1 of the following cities are in India: Lahore, Guang'an, and Rohini.",1
"Exactly 2 of the following cities are in Ecuador: Reynosa, Kayseri, and Quito.",0
"Exactly 1 of the following cities are in China: Zunyi, Kumasi, and Nashik.",1
"Exactly 2 of the following cities are in the Democratic Republic of the Congo: Aktobe, Amritsar, and Lubumbashi.",0
"Exactly 1 of the following cities are in China: Chenzhou, Kigali, and Yangjiang.",0
"Exactly 1 of the following cities are in China: Baise, Isfahan, and Zhoushan.",0
"Exactly 1 of the following cities are in the Dominican Republic: Santo Domingo Oeste, Warangal, and Maoming.",1
"Exactly 2 of the following cities are in Ukraine: Najafgarh, Pretoria, and Odesa.",0
"Exactly 1 of the following cities are in China: Tanggu, Kunming, and Kyiv.",0
"Exactly 1 of the following cities are in Nigeria: Jos, Bagcilar, and Changshu.",1
"Exactly 2 of the following cities are in Mexico: Mombasa, Bayannur, and Ecatepec de Morelos.",0
"Exactly 1 of the following cities are in China: Mudanjiang, Maracay, and Hanzhong.",0
"Exactly 2 of the following cities are in Honduras: Bilimora, Mombasa, and San Pedro Sula.",0
"Exactly 2 of the following cities are in Indonesia: Shangluo, Surakarta, and Meerut.",0
"Exactly 1 of the following cities are in China: Sevastopol, Suizhou, and Xuanzhou.",0
"Exactly 1 of the following cities are in Honduras: Tegucigalpa, Guarulhos, and Liaocheng.",1
"Exactly 2 of the following cities are in Nigeria: Enugu, Vijayawada, and Benin City.",1
"Exactly 2 of the following cities are in China: Nanchang, Handan, and Goiania.",1
"Exactly 1 of the following cities are in Russia: Astrakhan, Vladivostok, and Erbil.",0
"Exactly 2 of the following cities are in China: Shaoguan, Bahcelievler, and Hebi.",1
"Exactly 2 of the following cities are in Rwanda: Kigali, South Tangerang, and Esenler.",0
"Exactly 1 of the following cities are in China: Pretoria, Weifang, and Chongqing.",0
"Exactly 1 of the following cities are in Iran: Kahriz, Sanmenxia, and Yangjiang.",1
"Exactly 2 of the following cities are in China: Indianapolis, Jiangyin, and Tanggu.",1
"Exactly 1 of the following cities are in China: Hegang, Xuchang, and Bagcilar.",0
"Exactly 2 of the following cities are in Kenya: Istanbul, Aparecida de Goiania, and Mombasa.",0
"Exactly 1 of the following cities are in China: Rio de Janeiro, Luancheng, and Xingtai.",0
"Exactly 1 of the following cities are in China: Aguascalientes, Fes, and Zaozhuang.",1
"Exactly 1 of the following cities are in China: Kimhae, Guankou, and Algiers.",1
"Exactly 2 of the following cities are in India: Namangan, Guwahati, and Theni.",1
"Exactly 1 of the following cities are in India: Kigali, Bareilly, and Cebu City.",1
"Exactly 2 of the following cities are in China: Samarkand, Bijie, and Tianshui.",1
"Exactly 2 of the following cities are in Brazil: Maceio, Londrina, and Hanoi.",1
"Exactly 1 of the following cities are in India: Yangon, Ranchi, and Aktobe.",1
"Exactly 2 of the following cities are in India: N'Djamena, Hanzhong, and Sambhaji Nagar.",0
"Exactly 2 of the following cities are in India: Kota Bharu, Bhiwandi, and Ajmer.",1
"Exactly 1 of the following cities are in China: Yangjiang, Changshu, and Ouagadougou.",0
"Exactly 2 of the following cities are in China: Panzhihua, Zigong, and Samarkand.",1
"Exactly 1 of the following cities are in India: Madurai, Madinat an Nasr, and Al Ahmadi.",1
"Exactly 1 of the following cities are in Russia: Zhumadian, Barnaul, and Novosibirsk.",0
"Exactly 1 of the following cities are in China: Qiqihar, Dhanbad, and Qionghai.",0
"Exactly 1 of the following cities are in China: Nanchang, Handan, and Goiania.",0
"Exactly 1 of the following cities are in China: Yangquan, Arequipa, and Ya'an.",0
"Exactly 2 of the following cities are in China: Zhangzhou, Kotli, and Dalian.",1
"Exactly 1 of the following cities are in Mexico: Torreon, Xuanzhou, and Coyoacan.",0
"Exactly 2 of the following cities are in China: Ordos, Shaoguan, and Thuan An.",1
"Exactly 2 of the following cities are in China: Kitakyushu, Zhaotong, and Zibo.",1
"Exactly 2 of the following cities are in China: Ulan Bator, Tehran, and Zhangzhou.",0
"Exactly 2 of the following cities are in China: Jeddah, Jos, and Yibin.",0
"Exactly 1 of the following cities are in China: Xining, Tabriz, and Sanmenxia.",0
"Exactly 1 of the following cities are in the United Arab Emirates: Al Ain City, Minsk, and Guarulhos.",1
"Exactly 2 of the following cities are in Mexico: Torreon, Xuanzhou, and Coyoacan.",1
"Exactly 2 of the following cities are in the Philippines: Cebu City, Benoni, and Makati City.",1
"Exactly 2 of the following cities are in France: Winnipeg, Antananarivo, and Marseille.",0
"Exactly 1 of the following cities are in China: Dalian, Zigong, and Nagpur.",0
"Exactly 2 of the following cities are in China: Tianshui, Bhilai, and Chuzhou.",1
"Exactly 1 of the following cities are in China: Zhangjiakou, Santa Maria Chimalhuacan, and Chaozhou.",0
"Exactly 2 of the following cities are in China: Krasnoyarsk, Perm, and Nanchong.",0
"Exactly 1 of the following cities are in China: Shiraz, Samarinda, and Zhangzhou.",1
"Exactly 2 of the following cities are in Russia: Ryazan', Tolyatti, and Latakia.",1
"Exactly 1 of the following cities are in Brazil: Bujumbura, Juiz de Fora, and Beira.",1
"Exactly 1 of the following cities are in China: Hohhot, Fortaleza, and Mbuji-Mayi.",1
"Exactly 1 of the following cities are in China: Jaboatao, Shuangyashan, and Suining.",0
"Exactly 1 of the following cities are in China: Shah Alam, Xuzhou, and Wanxian.",0
"Exactly 2 of the following cities are in China: Xinyang, Chenzhou, and Bareilly.",1
"Exactly 1 of the following cities are in India: Meizhou, Esenler, and Rourkela.",1
"Exactly 2 of the following cities are in South Africa: Cape Town, The Bronx, and Hegang.",0
"Exactly 1 of the following cities are in China: Shuangyashan, Tlalpan, and Liaocheng.",0
"Exactly 1 of the following cities are in Russia: Yaroslavl, Niigata, and Meknes.",1
"Exactly 2 of the following cities are in Iran: Karaj, Rangpur, and Haiphong.",0
"Exactly 1 of the following cities are in Russia: Barnaul, Khabarovsk, and Xuzhou.",0
"Exactly 1 of the following cities are in India: Bobo-Dioulasso, Zaporizhzhya, and Mumbai.",1
"Exactly 2 of the following cities are in India: Kolhapur, Kermanshah, and Indore.",1
"Exactly 1 of the following cities are in China: Jilin, Mandalay, and Zhaotong.",0
"Exactly 2 of the following cities are in North Korea: Chaozhou, General Santos, and Pyongyang.",0
"Exactly 1 of the following cities are in China: Changchun, Weihai, and Indianapolis.",0
"Exactly 2 of the following cities are in China: Hefei, Beijing, and Ecatepec de Morelos.",1
"Exactly 1 of the following cities are in Mexico: Tlaquepaque, Suqian, and Zhoushan.",1
"Exactly 2 of the following cities are in Norway: Ulhasnagar, Oslo, and Curitiba.",0
"Exactly 2 of the following cities are in Russia: Qiqihar, Vladivostok, and Barnaul.",1
"Exactly 2 of the following cities are in Egypt: Shubra al Khaymah, Rajkot, and Tiruppur.",0
"Exactly 1 of the following cities are in India: Dalian, Tiruchirappalli, and Najafgarh.",0
"Exactly 2 of the following cities are in China: Chandigarh, Urumqi, and Siping.",1
"Exactly 1 of the following cities are in Pakistan: Nagoya, Kunming, and Multan.",1
"Exactly 2 of the following cities are in China: Laiwu, Fuxin, and Visakhapatnam.",1
"Exactly 1 of the following cities are in China: Chiclayo, Detroit, and Jiaozuo.",1
"Exactly 2 of the following cities are in India: Rajkot, Narela, and Fukuoka.",1
"Exactly 1 of the following cities are in China: Munich, Liuzhou, and Hengyang.",0
"Exactly 2 of the following cities are in China: Islamabad, Huzhou, and Liupanshui.",1
"Exactly 1 of the following cities are in Mongolia: Ulan Bator, Matola, and Kashgar.",1
"Exactly 1 of the following cities are in Turkey: Helsinki, Ankara, and Antalya.",0
"Exactly 1 of the following cities are in Iran: Khartoum, Hamadan, and Kagoshima.",1
"Exactly 2 of the following cities are in Russia: Zhumadian, Barnaul, and Novosibirsk.",1
"Exactly 2 of the following cities are in China: Shihezi, Ilorin, and Pingdingshan.",1
"Exactly 1 of the following cities are in China: Qinhuangdao, Bekasi, and Yangjiang.",0
"Exactly 1 of the following cities are in Indonesia: Palembang, Tirunelveli, and Kemerovo.",1
"Exactly 2 of the following cities are in Brazil: Quebec, Sorocaba, and Fortaleza.",1
"Exactly 2 of the following cities are in China: Agadir, Tonghua, and Wanxian.",1
"Exactly 2 of the following cities are in Russia: Pietermaritzburg, Liupanshui, and Ulyanovsk.",0
"Exactly 1 of the following cities are in Japan: Astrakhan, San Luis Potosi, and Himeji.",1
"Exactly 2 of the following cities are in Indonesia: Durban, Irbid, and Bandar Lampung.",0
"Exactly 1 of the following cities are in China: Cotonou, Guangzhou, and Maturin.",1
"Exactly 1 of the following cities are in China: Feira de Santana, Fushun, and Nanchong.",0
"Exactly 2 of the following cities are in Algeria: Albuquerque, Boumerdes, and Suqian.",0
"Exactly 1 of the following cities are in Pakistan: Bahawalpur, Peshawar, and Khartoum.",0
"Exactly 1 of the following cities are in China: Mianzhu, Deyang, Sichuan, Bhayandar, and Zhaoqing.",0
"Exactly 1 of the following cities are in Ecuador: Guayaquil, Diyarbakir, and Bulawayo.",1
"Exactly 2 of the following cities are in Russia: Dortmund, Amravati, and Perm.",0
"Exactly 1 of the following cities are in South Korea: Cheongju-si, Kano, and Ulsan.",0
"Exactly 2 of the following cities are in Nigeria: Jos, Abeokuta, and Kemerovo.",1
"Exactly 2 of the following cities are in Togo: Lome, Maracay, and Sargodha.",0
"Exactly 2 of the following cities are in India: Wanxian, Palembang, and Bareilly.",0
"Exactly 2 of the following cities are in China: Pretoria, Weifang, and Chongqing.",1
"Exactly 1 of the following cities are in Turkey: Cankaya, Qionghai, and Izmir.",0
"Exactly 1 of the following cities are in Brazil: Zhoushan, Rio de Janeiro, and Xinyang.",1
"Exactly 1 of the following cities are in Indonesia: Banjarmasin, Odesa, and Chelyabinsk.",1
"Exactly 1 of the following cities are in China: Jiangyin, Jinan, and Vladivostok.",0
"Exactly 1 of the following cities are in Guatemala: Abidjan, Da Nang, and Guatemala City.",1
"Exactly 2 of the following cities are in China: Luohe, Curitiba, and Cangzhou.",1
"Exactly 2 of the following cities are in China: Santo Domingo Oeste, Jiaozhou, and Sulaymaniyah.",0
"Exactly 2 of the following cities are in China: Lanzhou, Reynosa, and Heze.",1
"Exactly 2 of the following cities are in India: Surakarta, Uskudar, and Surat.",0
"Exactly 2 of the following cities are in Jordan: Jalandhar, Baotou, and Irbid.",0
"Exactly 1 of the following cities are in Saudi Arabia: Tabriz, Joao Pessoa, and Ta'if.",1
"Exactly 1 of the following cities are in the Republic of the Congo: Warri, Tucson, and Brazzaville.",1
"Exactly 1 of the following cities are in China: Longyan, Shihezi, and Ipoh.",0
"Exactly 1 of the following cities are in China: Hamamatsu, Huaihua, and Xingtai.",0
"Exactly 2 of the following cities are in China: Cape Town, Wuwei, and Laibin.",1
"Exactly 1 of the following cities are in China: Handan, Mogadishu, and Hefei.",0
"Exactly 2 of the following cities are in North Korea: Jiamusi, Pyongyang, and Niamey.",0
"Exactly 2 of the following cities are in the Dominican Republic: Hanzhong, Kyoto, and Santo Domingo Este.",0
"Exactly 1 of the following cities are in China: Heze, The Bronx, and Guang'an.",0
"Exactly 2 of the following cities are in Turkey: Abidjan, Adana, and Orumiyeh.",0
"Exactly 1 of the following cities are in China: Malatya, Wanxian, and Puning.",0
"Exactly 1 of the following cities are in Tanzania: Nova Iguacu, Agadir, and Dar es Salaam.",1
"Exactly 2 of the following cities are in China: Tiruppur, Chengdu, and Yingkou.",1
"Exactly 2 of the following cities are in Russia: New South Memphis, Nizhniy Novgorod, and Managua.",0
"Exactly 1 of the following cities are in China: Xiaogan, Hefei, and Duesseldorf.",0
"Exactly 2 of the following cities are in Somalia: Dombivli, Sanya, and Mogadishu.",0
"Exactly 2 of the following cities are in China: Manaus, Changchun, and Dongying.",1
"Exactly 1 of the following cities are in the Philippines: General Santos, Yekaterinburg, and Handan.",1
"Exactly 1 of the following cities are in China: Voronezh, Bijie, and Kalyan.",1
"Exactly 2 of the following cities are in China: Surat, Baoji, and Yichang.",1
"Exactly 2 of the following cities are in South Korea: Suwon, Hohhot, and Pimpri.",0
"Exactly 2 of the following cities are in Mozambique: Eskisehir, Bikaner, and Matola.",0
"Exactly 1 of the following cities are in India: Kota Bharu, Bhiwandi, and Ajmer.",0
"Exactly 2 of the following cities are in Finland: Oklahoma City, Guankou, and Helsinki.",0
"Exactly 2 of the following cities are in China: Quzhou, Irkutsk, and Xiaogan.",1
"Exactly 1 of the following cities are in Iraq: Ulhasnagar, Hachioji, and Nasiriyah.",1
"Exactly 1 of the following cities are in India: Dortmund, Rangpur, and Rajkot.",1
"Exactly 1 of the following cities are in India: Shivaji Nagar, Mosul, and Rohini.",0
"Exactly 1 of the following cities are in China: Yongzhou, Jeddah, and Putian.",0
"Exactly 2 of the following cities are in Mexico: Mexico City, Feira de Santana, and Caloocan City.",0
"Exactly 1 of the following cities are in China: Anyang-si, Guiyang, and Munich.",1
"Exactly 1 of the following cities are in Ukraine: Lviv, Mombasa, and Homyel'.",1
"Exactly 1 of the following cities are in China: Kahriz, Xiaogan, and Shangyu.",0
"Exactly 2 of the following cities are in Japan: Peshawar, Saitama, and Matsuyama.",1
"Exactly 1 of the following cities are in China: Zhangye, Kuala Lumpur, and Hebi.",0
"Exactly 2 of the following cities are in Indonesia: Batam, Gwalior, and Surakarta.",1
"Exactly 1 of the following cities are in India: Varanasi, Ibague, and Borivli.",0
"Exactly 1 of the following cities are in Sudan: Chicago, Surakarta, and Omdurman.",1
"Exactly 1 of the following cities are in Russia: Bucaramanga, Tomsk, and Antalya.",1
"Exactly 2 of the following cities are in India: Bhopal, Shah Alam, and Faridabad.",1
"Exactly 1 of the following cities are in China: Guang'an, Xianyang, and Daegu.",0
"Exactly 1 of the following cities are in China: Sanya, Nanning, and Ibadan.",0
"Exactly 2 of the following cities are in India: Almaty, Kumasi, and Hubli.",0
"Exactly 1 of the following cities are in Armenia: Yerevan, Manaus, and Abuja.",1
"Exactly 1 of the following cities are in China: Ziyang, Bogor, and Chaozhou.",0
"Exactly 1 of the following cities are in Pakistan: Ma'anshan, Chengdu, and Quetta.",1
"Exactly 2 of the following cities are in China: Ulsan, Zunyi, and Xuanzhou.",1
"Exactly 2 of the following cities are in China: Zhenjiang, Tlaquepaque, and Moradabad.",0
"Exactly 1 of the following cities are in India: Chennai, Tehran, and Rourkela.",0
"Exactly 1 of the following cities are in China: Can Tho, Benxi, and Heze.",0
"Exactly 2 of the following cities are in Ukraine: Dnipro, Winnipeg, and Chennai.",0
"Exactly 1 of the following cities are in Japan: Okayama, Nuernberg, and Anqing.",1
"Exactly 2 of the following cities are in China: Can Tho, Benxi, and Heze.",1
"Exactly 1 of the following cities are in China: Astrakhan, Pingliang, and Tianshui.",0
"Exactly 1 of the following cities are in the United States: Londrina, Detroit, and Khabarovsk.",1
"Exactly 2 of the following cities are in China: Tomsk, Anshun, and Shanghai.",1
"Exactly 2 of the following cities are in China: Yaounde, Hangzhou, and Guankou.",1
"Exactly 2 of the following cities are in China: Suwon, Hegang, and Fushun.",1
"Exactly 2 of the following cities are in China: Meizhou, Tangier, and Linyi.",1
"Exactly 1 of the following cities are in China: Odesa, Pingdingshan, and Ya'an.",0
"Exactly 2 of the following cities are in Russia: E'zhou, Irkutsk, and Nairobi.",0
"Exactly 1 of the following cities are in Mexico: Ciudad Juarez, Tabriz, and Guangzhou.",1
"Exactly 1 of the following cities are in China: Bouake, Zhangye, and Hangzhou.",0
"Exactly 2 of the following cities are in Germany: Munich, Copenhagen, and Coyoacan.",0
"Exactly 2 of the following cities are in South Korea: Busan, Ibadan, and Bucheon-si.",1
"Exactly 2 of the following cities are in China: Weifang, Aktobe, and Huaihua.",1
"Exactly 1 of the following cities are in China: Zunyi, Cimahi, and Qinhuangdao.",0
"Exactly 2 of the following cities are in China: Xiaogan, Hefei, and Duesseldorf.",1
"Exactly 2 of the following cities are in China: Mianzhu, Deyang, Sichuan, Bhayandar, and Zhaoqing.",1
"Exactly 2 of the following cities are in Mexico: Tlalpan, Pasig City, and Haiphong.",0
"Exactly 2 of the following cities are in China: Maceio, Yichang, and Denpasar.",0
"Exactly 2 of the following cities are in China: Bhubaneswar, Tianjin, and Wuwei.",1
"Exactly 1 of the following cities are in Nigeria: Jos, Abeokuta, and Kemerovo.",0
"Exactly 2 of the following cities are in China: Al Mawsil al Jadidah, Yongzhou, and Guangzhou.",1
"Exactly 2 of the following cities are in China: Huangshi, Yangquan, and Marrakesh.",1
"Exactly 2 of the following cities are in China: Bekasi, Wanning, and Hegang.",1
"Exactly 1 of the following cities are in Yemen: Aden, Wanning, and Ryazan'.",1
"Exactly 2 of the following cities are in India: Herat, Kitakyushu, and Dhanbad.",0
"Exactly 2 of the following cities are in China: Mudanjiang, Maracay, and Hanzhong.",1
"Exactly 1 of the following cities are in China: Khabarovsk Vtoroy, Chizhou, and Taiz.",1
"Exactly 2 of the following cities are in China: Lu'an, Guatemala City, and Shaoxing.",1
"Exactly 1 of the following cities are in Turkey: Wanzhou, Antalya, and Izmir.",0
"Exactly 1 of the following cities are in Syria: Latakia, Dar es Salaam, and Xiangtan.",1
"Exactly 2 of the following cities are in Syria: Latakia, Sofia, and Ganzhou.",0
"Exactly 1 of the following cities are in India: Ghaziabad, Pune, and Beirut.",0
"Exactly 1 of the following cities are in China: Multan, Guilin, and Suizhou.",0
"Exactly 1 of the following cities are in China: Baise, Handan, and Curitiba.",0
"Exactly 2 of the following cities are in China: Madinat an Nasr, Weinan, and Saitama.",0
"Exactly 1 of the following cities are in China: Amritsar, Wanning, and Suining.",0
"Exactly 1 of the following cities are in China: Huaibei, Shuangyashan, and Hiroshima.",0
"Exactly 2 of the following cities are in India: Bhopal, Maturin, and Karbala.",0
"Exactly 2 of the following cities are in the United States: Albuquerque, Bamako, and Santiago de Queretaro.",0
"Exactly 2 of the following cities are in Iran: Changde, Arak, and Bhopal.",0
"Exactly 1 of the following cities are in Brazil: Ordos, Esenler, and Porto Velho.",1
"Exactly 2 of the following cities are in Turkey: Cankaya, Qionghai, and Izmir.",1
"Exactly 2 of the following cities are in Ukraine: Port Harcourt, Sanmenxia, and Sevastopol.",0
"Exactly 1 of the following cities are in China: Esenler, Dalian, and Yunfu.",0
"Exactly 2 of the following cities are in China: Handan, Mogadishu, and Hefei.",1
"Exactly 2 of the following cities are in China: Guntur, Suining, and Jiangyin.",1
"Exactly 2 of the following cities are in India: Puning, Bhiwandi, and Guwahati.",1
"Exactly 1 of the following cities are in Senegal: Pikine, Tianshui, and Bogor.",1
"Exactly 1 of the following cities are in Kuwait: Bahawalpur, Ulhasnagar, and Al Ahmadi.",1
"Exactly 2 of the following cities are in Iran: Shiraz, Orumiyeh, and Taiz.",1
"Exactly 1 of the following cities are in Germany: Bangkok, Leipzig, and Uberlandia.",1
"Exactly 1 of the following cities are in Russia: Bulawayo, Al Ain City, and Novokuznetsk.",1
"Exactly 2 of the following cities are in Brazil: Belo Horizonte, Chengdu, and Guatemala City.",0
"Exactly 1 of the following cities are in China: Putian, Kallakurichi, and Puducherry.",1
"Exactly 2 of the following cities are in Brazil: Brasilia, Abobo, and Juiz de Fora.",1
"Exactly 2 of the following cities are in China: Baise, Handan, and Curitiba.",1
"Exactly 1 of the following cities are in China: Weihai, Chennai, and Shangyu.",0
"Exactly 2 of the following cities are in China: Mersin, Zhangjiagang, and Conakry.",0
"Exactly 2 of the following cities are in China: Sanya, Nanning, and Ibadan.",1
"Exactly 2 of the following cities are in Russia: Barnaul, Khabarovsk, and Xuzhou.",1
"Exactly 2 of the following cities are in Saudi Arabia: Ta'if, Jeddah, and Al Basrah al Qadimah.",1
"Exactly 1 of the following cities are in the United States: Macapa, The Bronx, and Dakar.",1
"Exactly 2 of the following cities are in India: Pune, Gaziantep, and Navi Mumbai.",1
"Exactly 2 of the following cities are in China: Tirunelveli, Xiangtan, and Harbin.",1
"Exactly 1 of the following cities are in India: Kanpur, Cankaya, and Ma'anshan.",1
"Exactly 1 of the following cities are in China: Yunfu, Erzurum, and Madurai.",1
"Exactly 2 of the following cities are in China: Huzhou, Jambi City, and Hefei.",1
"Exactly 1 of the following cities are in China: Bursa, Yiwu, and Huaihua.",0
"Exactly 1 of the following cities are in Ghana: Yingkou, Harare, and Accra.",1
"Exactly 1 of the following cities are in the United States: Kunshan, New York City, and Guntur.",1
"Exactly 1 of the following cities are in China: Xiamen, Maracay, and Jilin.",0
"Exactly 1 of the following cities are in China: Laibin, Seoul, and Zhabei.",0
"Exactly 1 of the following cities are in China: Yunfu, Jingmen, and Vilnius.",0
"Exactly 1 of the following cities are in Indonesia: Ahvaz, Mbuji-Mayi, and Surakarta.",1
"Exactly 2 of the following cities are in China: Chuzhou, Weihai, and Calgary.",1
"Exactly 1 of the following cities are in India: Tirunelveli, Cochin, and Caloocan City.",0
"Exactly 1 of the following cities are in India: Fushun, Puducherry, and South Tangerang.",1
"Exactly 2 of the following cities are in China: Cochin, Shijiazhuang, and Hangzhou.",1
"Exactly 2 of the following cities are in South Africa: Conakry, Quezon City, and Pretoria.",0
"Exactly 2 of the following cities are in Belgium: Kleinzschocher, Antwerpen, and Port Said.",0
"Exactly 1 of the following cities are in Venezuela: Maturin, Visakhapatnam, and Huizhou.",1
"Exactly 2 of the following cities are in India: Nagpur, Bauchi, and Luohe.",0
"Exactly 2 of the following cities are in China: Cuttack, Florianopolis, and Siping.",0
"Exactly 1 of the following cities are in India: Daegu, Tiruppur, and Erode.",0
"Exactly 1 of the following cities are in China: Vladivostok, Jingmen, and Bekasi.",1
"Exactly 2 of the following cities are in China: Foshan, Zhoushan, and Reynosa.",1
"Exactly 2 of the following cities are in China: Huainan, Copenhagen, and Guigang.",1
"Exactly 1 of the following cities are in Brazil: Guntur, Sao Bernardo do Campo, and Astrakhan.",1
"Exactly 2 of the following cities are in Argentina: Kota Kinabalu, Shangluo, and Mar del Plata.",0
"Exactly 2 of the following cities are in Iran: Saint Petersburg, Johannesburg, and Zahedan.",0
"Exactly 1 of the following cities are in Nigeria: Chisinau, Maturin, and Jos.",1
"Exactly 1 of the following cities are in China: Putian, Wuzhou, and Budapest.",0
"Exactly 2 of the following cities are in Japan: Goyang-si, Kyiv, and Sendai.",0
"Exactly 1 of the following cities are in China: Yibin, Qiqihar, and Qom.",0
"Exactly 1 of the following cities are in Denmark: Novokuznetsk, Ta'if, and Copenhagen.",1
"Exactly 1 of the following cities are in China: Zhoushan, Iztapalapa, and Korla.",0
"Exactly 1 of the following cities are in India: Kolkata, Sofia, and Comilla.",1
"Exactly 1 of the following cities are in South Africa: Theni, Johannesburg, and Rio de Janeiro.",1
"Exactly 2 of the following cities are in China: Indore, Guang'an, and Maputo.",0
"Exactly 1 of the following cities are in China: Suwon, Hegang, and Fushun.",0
"Exactly 1 of the following cities are in Venezuela: Barquisimeto, Anshun, and Puning.",1
"Exactly 1 of the following cities are in China: Ningbo, Taguig, and Hohhot.",0
"Exactly 2 of the following cities are in India: Pune, Tolyatti, and Bhilai.",1
"Exactly 1 of the following cities are in China: Tanggu, Uberlandia, and Da Nang.",1
"Exactly 2 of the following cities are in India: Ciudad Guayana, Surat, and Nanchang.",0
"Exactly 1 of the following cities are in China: Mandalay, Chizhou, and Wanzhou.",0
"Exactly 1 of the following cities are in the Philippines: General Santos, Addis Ababa, and South Tangerang.",1
"Exactly 1 of the following cities are in Egypt: Daegu, Odesa, and Giza.",1
"Exactly 2 of the following cities are in China: Kigali, Laibin, and Karachi.",0
"Exactly 2 of the following cities are in China: Nuernberg, Huizhou, and Tangier.",0
"Exactly 1 of the following cities are in the Philippines: Caloocan City, Zhuzhou, and Maiduguri.",1
"Exactly 1 of the following cities are in Nigeria: Zaria, Sapporo, and Koeln.",1
"Exactly 2 of the following cities are in Nigeria: Managua, Linyi, and Ibadan.",0
"Exactly 2 of the following cities are in Vietnam: Haiphong, Suining, and Goyang-si.",0
"Exactly 2 of the following cities are in India: Kumasi, Visakhapatnam, and Puducherry.",1
"Exactly 2 of the following cities are in Moldova: Chisinau, Barnaul, and Shenyang.",0
"Exactly 2 of the following cities are in Pakistan: Fukuoka, Pikine, and Quetta.",0
"Exactly 2 of the following cities are in China: Changde, Benin City, and Huaihua.",1
"Exactly 1 of the following cities are in the Democratic Republic of the Congo: Hannover, Zhenjiang, and Kisangani.",1
"Exactly 2 of the following cities are in Oman: Beirut, Muscat, and Sanya.",0
"Exactly 2 of the following cities are in China: Huaibei, Shuangyashan, and Hiroshima.",1
"Exactly 2 of the following cities are in the Philippines: Benxi, General Santos, and Macapa.",0
"Exactly 2 of the following cities are in China: Taicang, Lanzhou, and Bangkok.",1
"Exactly 1 of the following cities are in Bosnia and Herzegovina: Johor Bahru, Sarajevo, and Tijuana.",1
"Exactly 2 of the following cities are in China: Kashgar, Rahim Yar Khan, and Changde.",1
"Exactly 1 of the following cities are in the Democratic Republic of the Congo: Lubumbashi, Lyon, and Antwerpen.",1
"Exactly 2 of the following cities are in China: Amritsar, Wanning, and Suining.",1
"Exactly 2 of the following cities are in Brazil: Brasilia, Jinan, and Aracaju.",1
"Exactly 1 of the following cities are in Colombia: Zhaotong, Adana, and Ibague.",1
"Exactly 2 of the following cities are in Iraq: Kobe, Sulaymaniyah, and Erbil.",1
"Exactly 1 of the following cities are in China: Yongzhou, Yunfu, and Bien Hoa.",0
"Exactly 2 of the following cities are in India: Shivaji Nagar, Izhevsk, and Brazzaville.",0
"Exactly 1 of the following cities are in Romania: Bucharest, Suizhou, and Muscat.",1
"Exactly 2 of the following cities are in India: Vijayawada, Weifang, and Dubai.",0
"Exactly 1 of the following cities are in China: Meizhou, Zhangjiakou, and Ludhiana.",0
"Exactly 2 of the following cities are in China: Heze, The Bronx, and Guang'an.",1
"Exactly 1 of the following cities are in China: Yunfu, Minsk, and Tangier.",1
"Exactly 1 of the following cities are in China: Wuwei, Baoji, and Serang.",0
"Exactly 1 of the following cities are in Indonesia: Bekasi, Rohini, and Rio de Janeiro.",1
"Exactly 1 of the following cities are in Syria: Ufa, Ar Raqqah, and Subang Jaya.",1
"Exactly 1 of the following cities are in China: San Pedro Sula, Nanchong, and Zibo.",0
"Exactly 2 of the following cities are in Mongolia: Ulan Bator, Guankou, and Omdurman.",0
"Exactly 1 of the following cities are in China: Wanning, Lilongwe, and Tanggu.",0
"Exactly 2 of the following cities are in India: Bhopal, Naucalpan de Juarez, and Prayagraj.",1
"Exactly 2 of the following cities are in China: Shenzhen, Shenyang, and Nowrangapur.",1
"Exactly 2 of the following cities are in China: Budapest, Xining, and Pingliang.",1
"Exactly 2 of the following cities are in China: Makassar, Puning, and Krakow.",0
"Exactly 2 of the following cities are in China: Osaka, Weifang, and Shijiazhuang.",1
"Exactly 2 of the following cities are in China: Gujranwala, Laibin, and Hangzhou.",1
"Exactly 1 of the following cities are in China: Cochin, Shijiazhuang, and Hangzhou.",0
"Exactly 2 of the following cities are in China: Shaoguan, Zhangzhou, and Santiago de los Caballeros.",1
"Exactly 1 of the following cities are in China: Kinshasa, Chongqing, and Yangquan.",0
"Exactly 2 of the following cities are in China: Ziyang, Bogor, and Chaozhou.",1
"Exactly 2 of the following cities are in Nigeria: Wenzhou, Maiduguri, and Luohe.",0
"Exactly 1 of the following cities are in Myanmar: Mandalay, Dubai, and New Kingston.",1
"Exactly 2 of the following cities are in Saudi Arabia: Vijayawada, Dammam, and Yinchuan.",0
"Exactly 1 of the following cities are in China: Porto Alegre, Zhangjiakou, and Suining.",0
"Exactly 1 of the following cities are in China: Handan, Lianyungang, and Jos.",0
"Exactly 1 of the following cities are in Croatia: Zagreb, Narela, and Quito.",1
"Exactly 2 of the following cities are in China: Tanggu, Kunming, and Kyiv.",1
"Exactly 2 of the following cities are in the Democratic Republic of the Congo: Mbuji-Mayi, Qiqihar, and Yangon.",0
"Exactly 2 of the following cities are in China: Lipetsk, Zhanjiang, and Qinzhou.",1
"Exactly 1 of the following cities are in Pakistan: Hannover, Thane, and Gujranwala.",1
"Exactly 2 of the following cities are in South Korea: Antalya, Jeonju, and Guarulhos.",0
"Exactly 1 of the following cities are in Russia: Khabarovsk, Suqian, and Yibin.",1
"Exactly 1 of the following cities are in China: Marrakesh, Shangqiu, and Kashgar.",0
"Exactly 1 of the following cities are in India: Namangan, Guwahati, and Theni.",0
"Exactly 1 of the following cities are in South Korea: Suwon, Haiphong, and Najafgarh.",1
"Exactly 1 of the following cities are in Morocco: Narela, Tangier, and Vladivostok.",1
"Exactly 2 of the following cities are in Vietnam: Qingdao, Goiania, and Hanoi.",0
"Exactly 2 of the following cities are in India: Haiphong, Osaka, and Bhavnagar.",0
"Exactly 2 of the following cities are in China: Korla, Pingliang, and Kisangani.",1
"Exactly 2 of the following cities are in China: Makhachkala, E'zhou, and Kagoshima.",0
"Exactly 2 of the following cities are in China: Weihai, Kallakurichi, and Zaozhuang.",1
"Exactly 1 of the following cities are in China: Shenzhen, Shenyang, and Nowrangapur.",0
"Exactly 1 of the following cities are in China: Laiwu, Fuxin, and Visakhapatnam.",0
"Exactly 1 of the following cities are in India: Stockholm, Jalandhar, and Kawaguchi.",1
"Exactly 2 of the following cities are in China: Rizhao, Ho Chi Minh City, and Heze.",1
"Exactly 1 of the following cities are in India: Zaporizhzhya, Dehra Dun, and Bilimora.",0
"Exactly 2 of the following cities are in China: Huzhou, Chizhou, and Sangli.",1
"Exactly 1 of the following cities are in Nigeria: Ibadan, Dushanbe, and Abuja.",0
"Exactly 1 of the following cities are in India: Port Harcourt, Shivaji Nagar, and Karol Bagh.",0
"Exactly 1 of the following cities are in India: Bilimora, Ulhasnagar, and Nanchong.",0
"Exactly 2 of the following cities are in Morocco: Marrakesh, E'zhou, and Can Tho.",0
"Exactly 1 of the following cities are in Argentina: Can Tho, Grosszschocher, and Mar del Plata.",1
"Exactly 1 of the following cities are in India: Chennai, Saratov, and Kolkata.",0
"Exactly 2 of the following cities are in China: Bahawalpur, Changde, and Jingmen.",1
"Exactly 2 of the following cities are in Russia: Izhevsk, Sangli, and Omsk.",1
"Exactly 2 of the following cities are in Saudi Arabia: Aktobe, Jeddah, and Sofia.",0
"Exactly 2 of the following cities are in Brazil: Chennai, Nova Iguacu, and Porto Velho.",1
"Exactly 1 of the following cities are in Moldova: Chisinau, Kuantan, and Queens.",1
"Exactly 2 of the following cities are in China: Bijie, Nanchong, and Ipoh.",1
"Exactly 2 of the following cities are in China: Conakry, Wuwei, and Suining.",1
"Exactly 1 of the following cities are in Russia: Karbala, Krasnodar, and Dortmund.",1
"Exactly 2 of the following cities are in Jamaica: New Kingston, Qiqihar, and Dongying.",0
"Exactly 1 of the following cities are in India: Erode, Astrakhan, and Linyi.",1
"Exactly 1 of the following cities are in China: E'zhou, Tianjin, and San Luis Potosi.",0
"Exactly 2 of the following cities are in Russia: Saratov, Turin, and Rio de Janeiro.",0
"Exactly 1 of the following cities are in China: Jiangyin, Duesseldorf, and Changde.",0
"Exactly 1 of the following cities are in Somalia: Yibin, Mogadishu, and Saitama.",1
"Exactly 2 of the following cities are in Germany: Zhaoqing, Rahim Yar Khan, and Frankfurt am Main.",0
"Exactly 2 of the following cities are in China: Luancheng, Kahriz, and Liuzhou.",1
"Exactly 1 of the following cities are in Brazil: Recife, Cotonou, and Yunfu.",1
"Exactly 2 of the following cities are in China: Nanjing, Chizhou, and Bahawalpur.",1
"Exactly 2 of the following cities are in Mexico: Kolkata, Naucalpan de Juarez, and Hamadan.",0
"Exactly 1 of the following cities are in China: Guangzhou, Rawalpindi, and Heze.",0
"Exactly 1 of the following cities are in China: Yingkou, Rizhao, and Al Fayyum.",0
"Exactly 1 of the following cities are in China: Suqian, Dammam, and Benxi.",0
"Exactly 1 of the following cities are in India: General Santos, Moradabad, and Bhiwandi.",0
"Exactly 1 of the following cities are in Russia: Jos, Yekaterinburg, and Jambi City.",1
"Exactly 1 of the following cities are in China: Guntur, Suining, and Jiangyin.",0
"Exactly 2 of the following cities are in China: Latakia, Zhangjiagang, and Dalian.",1
"Exactly 1 of the following cities are in China: Zunyi, Maoming, and Tolyatti.",0
"Exactly 2 of the following cities are in China: Huangshi, Almaty, and Port-au-Prince.",0
"Exactly 2 of the following cities are in China: Nashik, Xiaogan, and Cebu City.",0
"Exactly 1 of the following cities are in Malaysia: Sevastopol, Erode, and Klang.",1
"Exactly 2 of the following cities are in Morocco: Wenzhou, Bloemfontein, and Tangier.",0
"Exactly 1 of the following cities are in China: Anqing, Puning, and Jaboatao dos Guararapes.",0
"Exactly 1 of the following cities are in China: Chuzhou, Mudanjiang, and Peshawar.",0
"Exactly 2 of the following cities are in India: Jiujiang, Tirunelveli, and Hengyang.",0
"Exactly 1 of the following cities are in China: Luohe, Dakar, and Xiangtan.",0
"Exactly 1 of the following cities are in India: Comilla, Kolhapur, and Moradabad.",0
"Exactly 2 of the following cities are in Malaysia: Thuan An, Meizhou, and Shah Alam.",0
"Exactly 2 of the following cities are in Togo: Lome, Nizhniy Novgorod, and Cuttack.",0
"Exactly 1 of the following cities are in India: Hubli, Xiangtan, and Bhubaneswar.",0
"Exactly 1 of the following cities are in India: Yangquan, Kanayannur, and Moradabad.",0
"Exactly 2 of the following cities are in Kyrgyzstan: Bishkek, Kozhikode, and Kuantan.",0
"Exactly 2 of the following cities are in Russia: Shanghai, Samarinda, and Ryazan'.",0
"Exactly 1 of the following cities are in China: Handan, Kunming, and Moradabad.",0
"Exactly 1 of the following cities are in Turkey: Xingtai, Calgary, and Konya.",1
"Exactly 1 of the following cities are in China: Batam, Beijing, and Karbala.",1
"Exactly 1 of the following cities are in Honduras: Balikpapan, San Pedro Sula, and Ya'an.",1
"Exactly 2 of the following cities are in Honduras: Ulsan, Borivli, and San Pedro Sula.",0
"Exactly 2 of the following cities are in Russia: Astrakhan, Vladivostok, and Erbil.",1
"Exactly 2 of the following cities are in India: Kandahar, Nagpur, and Ciudad Nezahualcoyotl.",0
"Exactly 1 of the following cities are in India: Sangli, Ranchi, and Ribeirao Preto.",0
"Exactly 1 of the following cities are in Honduras: Binzhou, Jaboatao dos Guararapes, and Tegucigalpa.",1
"Exactly 1 of the following cities are in Russia: Izhevsk, Krasnodar, and Recife.",0
"Exactly 1 of the following cities are in China: Xianyang, Kanayannur, and Xinyang.",0
"Exactly 2 of the following cities are in China: Rizhao, Tirunelveli, and Xiangtan.",1
"Exactly 1 of the following cities are in Brazil: Suez, Sao Bernardo do Campo, and Siliguri.",1
"Exactly 2 of the following cities are in China: Chenzhou, Chelyabinsk, and Shaoxing.",1
"Exactly 2 of the following cities are in China: Shangyu, Rangpur, and Dortmund.",0
"Exactly 2 of the following cities are in Iran: Ouagadougou, Kermanshah, and Ciudad Guayana.",0
"Exactly 2 of the following cities are in China: Stockholm, Fuxin, and Zhaotong.",1
"Exactly 1 of the following cities are in the United States: Oklahoma City, Seongnam-si, and Varanasi.",1
"Exactly 2 of the following cities are in India: Benoni, Mosul, and Erode.",0
"Exactly 1 of the following cities are in India: Gwalior, Hwaseong-si, and Nanded.",0
"Exactly 2 of the following cities are in Vietnam: Giza, Ho Chi Minh City, and Yingkou.",0
"Exactly 1 of the following cities are in China: Qiqihar, Volgograd, and Theni.",1
"Exactly 1 of the following cities are in Russia: Tolyatti, Khabarovsk Vtoroy, and Hengyang.",0
"Exactly 1 of the following cities are in South Africa: Balikpapan, Mudanjiang, and Soweto.",1
"Exactly 1 of the following cities are in Japan: Niigata, Latakia, and Reynosa.",1
"Exactly 1 of the following cities are in India: Bhilai, Chelyabinsk, and Hefei.",1
"Exactly 1 of the following cities are in Indonesia: Palembang, Las Pinas, and Krasnodar.",1
"Exactly 1 of the following cities are in South Korea: Vilnius, Busan, and Ulhasnagar.",1
"Exactly 2 of the following cities are in India: Bokaro, Narela, and Bucharest.",1
"Exactly 1 of the following cities are in China: Vilnius, Shuangyashan, and Jiaxing.",0
"Exactly 2 of the following cities are in Zambia: Nanded, Lusaka, and New Kingston.",0
"Exactly 2 of the following cities are in China: Durban, Rizhao, and Baise.",1
"Exactly 1 of the following cities are in China: E'zhou, Budapest, and Yiwu.",0
"Exactly 1 of the following cities are in Yemen: Taiz, Kayseri, and Zhaotong.",1
"Exactly 2 of the following cities are in India: Benin City, Theni, and Mersin.",0
"Exactly 1 of the following cities are in China: Ulan Bator, Gaziantep, and Huaihua.",1
"Exactly 1 of the following cities are in France: Winnipeg, Antananarivo, and Marseille.",1
"Exactly 2 of the following cities are in China: Chenzhou, Kigali, and Yangjiang.",1
"Exactly 2 of the following cities are in China: Xianyang, Puente Alto, and Xinyang.",1
"Exactly 2 of the following cities are in China: Kampung Baru Subang, Shantou, and Sanming.",1
"Exactly 2 of the following cities are in China: Tangshan, Wuwei, and Kryvyy Rih.",1
"Exactly 2 of the following cities are in China: Goiania, Zhabei, and Harbin.",1
"Exactly 1 of the following cities are in Bosnia and Herzegovina: Sarajevo, Ghaziabad, and Mombasa.",1
"Exactly 1 of the following cities are in China: Barnaul, Xinyang, and Quebec.",1
"Exactly 2 of the following cities are in China: Jilin, Santa Maria Chimalhuacan, and Weifang.",1
"Exactly 1 of the following cities are in China: Jiaozuo, Xining, and Joao Pessoa.",0
"Exactly 2 of the following cities are in India: Kaduna, Kozhikode, and Ghaziabad.",1
"Exactly 1 of the following cities are in China: Ulan Bator, Langfang, and Yiwu.",0
"Exactly 2 of the following cities are in India: Coimbatore, Meizhou, and Xiamen.",0
"Exactly 2 of the following cities are in China: Changde, Joao Pessoa, and Balikpapan.",0
"Exactly 2 of the following cities are in China: Lianyungang, Suining, and Mississauga.",1
"Exactly 2 of the following cities are in India: Huainan, Guntur, and Jaipur.",1
"Exactly 1 of the following cities are in Vietnam: Thuan An, Guwahati, and Nairobi.",1
"Exactly 1 of the following cities are in Russia: Mar del Plata, Bursa, and Barnaul.",1
"Exactly 2 of the following cities are in China: Ulan Bator, Chaozhou, and Changchun.",1
"Exactly 2 of the following cities are in Brazil: Tolyatti, Londrina, and Aligarh.",0
"Exactly 2 of the following cities are in Russia: Changchun, Kalininskiy, and Koeln.",0
"Exactly 2 of the following cities are in Morocco: Quzhou, Tijuana, and Agadir.",0
"Exactly 2 of the following cities are in China: Lianyungang, Chizhou, and Casablanca.",1
"Exactly 1 of the following cities are in China: Qingdao, Zhuzhou, and Bareilly.",0
"Exactly 1 of the following cities are in China: Shenyang, Quito, and Copenhagen.",1
"Exactly 2 of the following cities are in Iran: Sargodha, Surakarta, and Ahvaz.",0
"Exactly 1 of the following cities are in Bangladesh: Serang, Khulna, and Winnipeg.",1
"Exactly 1 of the following cities are in Brazil: Sofia, Guarulhos, and Budapest.",1
"Exactly 2 of the following cities are in Russia: Ulyanovsk, Ahvaz, and Novokuznetsk.",1
"Exactly 1 of the following cities are in India: Suining, Siliguri, and Santiago de Cuba.",1
"Exactly 2 of the following cities are in India: Kinshasa, Bhayandar, and Bengaluru.",1
"Exactly 1 of the following cities are in China: Hebi, Al Fayyum, and Odesa.",1
"Exactly 2 of the following cities are in China: Herat, Zhenjiang, and Yinchuan.",1
"Exactly 1 of the following cities are in Peru: Lanzhou, Kumamoto, and Chiclayo.",1
"Exactly 1 of the following cities are in China: Jiaozuo, Tehran, and Jieyang.",0
"Exactly 2 of the following cities are in China: Arak, Linfen, and Jiaozuo.",1
"Exactly 1 of the following cities are in Italy: Kota Bharu, Turin, and Jambi City.",1
"Exactly 1 of the following cities are in Benin: Seoul, Yangquan, and Cotonou.",1
"Exactly 2 of the following cities are in China: Malang, Suining, and Tianshui.",1
"Exactly 2 of the following cities are in China: Nanchong, Maoming, and Sarajevo.",1
"Exactly 2 of the following cities are in China: Lianyungang, Krasnoyarsk, and Panzhihua.",1
"Exactly 1 of the following cities are in Nigeria: Zaria, Bekasi, and Bengbu.",1
"Exactly 2 of the following cities are in China: Jiangyin, Jinan, and Vladivostok.",1
"Exactly 2 of the following cities are in Nigeria: Meknes, Busan, and Abuja.",0
"Exactly 1 of the following cities are in India: Cebu City, Bengaluru, and Jabalpur.",0
"Exactly 2 of the following cities are in Japan: Algiers, Hiroshima, and Herat.",0
"Exactly 2 of the following cities are in China: Tebessa, Qionghai, and Shangyu.",1
"Exactly 1 of the following cities are in the United States: Linyi, Buraydah, and Chicago.",1
"Exactly 2 of the following cities are in India: Huangshi, Borivli, and Chiclayo.",0
"Exactly 1 of the following cities are in China: Shangluo, Baotou, and Voronezh.",0
"Exactly 1 of the following cities are in Brazil: Seoul, Maceio, and Porto Alegre.",0
"Exactly 1 of the following cities are in Japan: Bhilai, Saitama, and Ibague.",1
"Exactly 1 of the following cities are in Mexico: Shangrao, Tlalpan, and Benoni.",1
"Exactly 1 of the following cities are in India: Lodz, Santiago de Queretaro, and Kolhapur.",1
"Exactly 2 of the following cities are in Ukraine: Odesa, Kharkiv, and Yinchuan.",1
"Exactly 2 of the following cities are in South Africa: Karaj, Durban, and Agadir.",0
"Exactly 2 of the following cities are in Uzbekistan: New Kingston, Maracay, and Samarkand.",0
"Exactly 1 of the following cities are in Pakistan: Neijiang, Chenzhou, and Sargodha.",1
"Exactly 1 of the following cities are in Brazil: Karaj, New Kingston, and Teresina.",1
"Exactly 2 of the following cities are in China: Guankou, Zhangjiakou, and Caloocan City.",1
"Exactly 2 of the following cities are in China: Duesseldorf, Las Pinas, and Fuxin.",0
"Exactly 2 of the following cities are in Canada: Kanpur, Calgary, and Mukalla.",0
"Exactly 2 of the following cities are in China: Zhaoqing, Huzhou, and Tehran.",1
"Exactly 2 of the following cities are in Malaysia: Kampung Baru Subang, Duque de Caxias, and Albuquerque.",0
"Exactly 2 of the following cities are in Mozambique: Beira, Qingdao, and Gwalior.",0
"Exactly 1 of the following cities are in China: Luancheng, Kahriz, and Liuzhou.",0
"Exactly 2 of the following cities are in Russia: Ulyanovsk, Krasnoyarsk, and Luzhou.",1
"Exactly 2 of the following cities are in Japan: Seoul, Niigata, and Sanming.",0
"Exactly 1 of the following cities are in India: Naberezhnyye Chelny, Theni, and Hamadan.",1
"Exactly 2 of the following cities are in China: Chuzhou, Homyel', and Chaozhou.",1
"Exactly 1 of the following cities are in China: Cuiaba, Jiaozhou, and Qingdao.",0
"Exactly 1 of the following cities are in India: Dakar, Kolkata, and Tiruchirappalli.",0
"Exactly 1 of the following cities are in Afghanistan: Maracay, Kandahar, and Nampula.",1
"Exactly 2 of the following cities are in South Korea: Tangerang, Hachioji, and Goyang-si.",0
"Exactly 2 of the following cities are in South Korea: Wanzhou, Jeonju, and Guwahati.",0
"Exactly 1 of the following cities are in India: Lviv, Nanjing, and Rohini.",1
"Exactly 1 of the following cities are in China: Xuanzhou, Beirut, and Xiamen.",0
"Exactly 2 of the following cities are in Brazil: Xinyang, Shihezi, and Aracaju.",0
"Exactly 2 of the following cities are in China: Shangluo, Baotou, and Voronezh.",1
"Exactly 2 of the following cities are in Vietnam: Bijie, Bien Hoa, and Puducherry.",0
"Exactly 1 of the following cities are in Ukraine: Linfen, Kryvyy Rih, and Marseille.",1
"Exactly 2 of the following cities are in Peru: Basrah, Ho Chi Minh City, and Chiclayo.",0
"Exactly 2 of the following cities are in Indonesia: Banjarmasin, Mosul, and Adana.",0
"Exactly 1 of the following cities are in China: Guangzhou, Suwon, and Harbin.",0
"Exactly 2 of the following cities are in Indonesia: Naucalpan de Juarez, Multan, and Balikpapan.",0
"Exactly 1 of the following cities are in China: Sangli, Weinan, and Qujing.",0
"Exactly 1 of the following cities are in India: Tiruchirappalli, Kolkata, and Bogor.",0
"Exactly 2 of the following cities are in China: Suizhou, Boumerdes, and Guiyang.",1
"Exactly 2 of the following cities are in China: Mississauga, Quito, and Qingdao.",0
"Exactly 1 of the following cities are in China: Tianshui, Bhilai, and Chuzhou.",0
"Exactly 2 of the following cities are in China: Zhangjiakou, Neijiang, and Batam.",1
"Exactly 2 of the following cities are in Vietnam: Torreon, Addis Ababa, and Can Tho.",0
"Exactly 1 of the following cities are in China: Dongying, Tijuana, and Bhayandar.",1
"Exactly 1 of the following cities are in Nigeria: Saitama, Shubra al Khaymah, and Zaria.",1
"Exactly 2 of the following cities are in China: Xiamen, Sharjah, and Panshan.",1
"Exactly 2 of the following cities are in Turkey: Ulsan, Bahcelievler, and Warangal.",0
"Exactly 1 of the following cities are in Egypt: Kumamoto, Changwon, and Al Fayyum.",1
"Exactly 2 of the following cities are in Turkey: Zhabei, Detroit, and Eskisehir.",0
"Exactly 1 of the following cities are in Finland: Cixi, Jilin, and Helsinki.",1
"Exactly 1 of the following cities are in South Korea: Guatemala City, Bogor, and Goyang-si.",1
"Exactly 1 of the following cities are in Australia: Victoria de Durango, Gold Coast, and Tonghua.",1
"Exactly 1 of the following cities are in China: Bahawalpur, Changde, and Jingmen.",0
"Exactly 1 of the following cities are in China: Dalian, Jiujiang, and Warangal.",0
"Exactly 2 of the following cities are in the Republic of the Congo: Hiroshima, Brazzaville, and Dushanbe.",0
"Exactly 2 of the following cities are in China: Ordos, Baku, and Jiaozhou.",1
"Exactly 2 of the following cities are in China: Esenler, Dalian, and Yunfu.",1
"Exactly 1 of the following cities are in China: Chuzhou, Homyel', and Chaozhou.",0
"Exactly 2 of the following cities are in China: Putian, Wuzhou, and Budapest.",1
"Exactly 2 of the following cities are in China: Cuiaba, Jiaozhou, and Qingdao.",1
"Exactly 1 of the following cities are in China: Kunming, Kumasi, and Luancheng.",0
"Exactly 2 of the following cities are in Zimbabwe: Incheon, Zarqa, and Harare.",0
"Exactly 2 of the following cities are in the Philippines: Taguig, Milwaukee, and Quezon City.",1
"Exactly 2 of the following cities are in Niger: Wenzhou, Niamey, and Lusaka.",0
"Exactly 2 of the following cities are in China: Solapur, Beijing, and Ya'an.",1
"Exactly 1 of the following cities are in China: Niamey, Nanjing, and Qujing.",0
"Exactly 2 of the following cities are in Benin: Mazar-e Sharif, Cotonou, and Peshawar.",0
"Exactly 1 of the following cities are in India: Dhanbad, Malatya, and Kuala Lumpur.",1
"Exactly 1 of the following cities are in China: Gujranwala, Laibin, and Hangzhou.",0
"Exactly 1 of the following cities are in Japan: Budapest, Sapporo, and Hefei.",1
"Exactly 1 of the following cities are in China: Orumiyeh, Guang'an, and Weihai.",0
"Exactly 1 of the following cities are in Brazil: Guiyang, Nairobi, and Fortaleza.",1
"Exactly 2 of the following cities are in China: Bouake, Zhangye, and Hangzhou.",1
"Exactly 2 of the following cities are in China: Tanggu, Tianjin, and Bareilly.",1
"Exactly 2 of the following cities are in Brazil: Ilorin, Busan, and Manaus.",0
"Exactly 2 of the following cities are in China: Shangqiu, Istanbul, and Tianshui.",1
"Exactly 2 of the following cities are in China: Jalandhar, Qinzhou, and Mudanjiang.",1
"Exactly 1 of the following cities are in Japan: Omdurman, Mbuji-Mayi, and Kyoto.",1
"Exactly 2 of the following cities are in Peru: Chiclayo, Nowrangapur, and Shangqiu.",0
"Exactly 1 of the following cities are in Germany: Munich, Copenhagen, and Coyoacan.",1
"Exactly 1 of the following cities are in China: Yiwu, Sofia, and Zhengzhou.",0
"Exactly 1 of the following cities are in Nigeria: Khulna, Kano, and Hiroshima.",1
"Exactly 1 of the following cities are in China: Abu Dhabi, Anyang, and Huainan.",0
"Exactly 2 of the following cities are in China: Fortaleza, Kolkata, and Zhaoqing.",0
"Exactly 2 of the following cities are in Brazil: Brasilia, Vilnius, and Londrina.",1
"Exactly 1 of the following cities are in Brazil: Feira de Santana, Kayseri, and Bhubaneswar.",1
"Exactly 2 of the following cities are in China: Sevastopol, Suizhou, and Xuanzhou.",1
"Exactly 2 of the following cities are in China: Qiqihar, Kinshasa, and Yangquan.",1
"Exactly 1 of the following cities are in India: Prayagraj, Cheonan, and Nashik.",0
"Exactly 2 of the following cities are in Australia: Zhuzhou, Gold Coast, and Leipzig.",0
"Exactly 2 of the following cities are in Indonesia: Palembang, Tirunelveli, and Kemerovo.",0
"Exactly 2 of the following cities are in Togo: Fort Worth, Lome, and Zhanjiang.",0
"Exactly 2 of the following cities are in China: Karachi, Moradabad, and Xining.",0
"Exactly 2 of the following cities are in China: Jiaozhou, Deyang, and San Miguel de Tucuman.",1
"Exactly 1 of the following cities are in India: Bhilai, Guarulhos, and Jaipur.",0
"Exactly 2 of the following cities are in China: Kobe, Huaibei, and Huaihua.",1
"Exactly 2 of the following cities are in Mozambique: Izmir, Beira, and Muzaffarabad.",0
"Exactly 2 of the following cities are in Moldova: Nouakchott, Chisinau, and Abeokuta.",0
"Exactly 2 of the following cities are in China: Baotou, Anshan, and Bien Hoa.",1
"Exactly 1 of the following cities are in China: Zigong, Durban, and Kumasi.",1
"Exactly 2 of the following cities are in China: Amman, Shizuoka, and Sanmenxia.",0
"Exactly 1 of the following cities are in India: Shivaji Nagar, Rajkot, and Barnaul.",0
"Exactly 1 of the following cities are in Morocco: Tangier, Bhilai, and Shubra al Khaymah.",1
"Exactly 2 of the following cities are in China: Dalian, Chennai, and Quzhou.",1
"Exactly 1 of the following cities are in Russia: Chenzhou, Sorocaba, and Ulyanovsk.",1
"Exactly 1 of the following cities are in India: Durban, Bilimora, and Najafgarh.",0
"Exactly 1 of the following cities are in the Democratic Republic of the Congo: Bouake, Aligarh, and Mbuji-Mayi.",1
"Exactly 1 of the following cities are in India: Bujumbura, Herat, and Dehra Dun.",1
"Exactly 2 of the following cities are in South Korea: Daejeon, Basrah, and Daegu.",1
"Exactly 1 of the following cities are in China: Rizhao, Ho Chi Minh City, and Heze.",0
"Exactly 1 of the following cities are in China: Bareilly, Laiwu, and Shangluo.",0
"Exactly 2 of the following cities are in Burkina Faso: Anshan, Bobo-Dioulasso, and Nanjing.",0
"Exactly 2 of the following cities are in China: Tomsk, Neijiang, and Anshan.",1
"Exactly 2 of the following cities are in India: Kanayannur, Rajkot, and Abeokuta.",1
"Exactly 1 of the following cities are in Nigeria: Enugu, Vijayawada, and Benin City.",0
"Exactly 1 of the following cities are in China: Comilla, Qingdao, and Suining.",0
"Exactly 1 of the following cities are in India: Bhayandar, Kozhikode, and Pikine.",0
"Exactly 2 of the following cities are in China: Liaocheng, Hefei, and Bucheon-si.",1
"Exactly 2 of the following cities are in Jordan: Sao Paulo, Amman, and Yingkou.",0
"Exactly 2 of the following cities are in China: Ibadan, Shangyu, and Chengdu.",1
"Exactly 1 of the following cities are in China: Zhengzhou, Maceio, and Daqing.",0
"Exactly 1 of the following cities are in Japan: Sendai, Agadir, and Astrakhan.",1
"Exactly 1 of the following cities are in Iraq: Bhilai, Sulaymaniyah, and Zhumadian.",1
"Exactly 2 of the following cities are in Nigeria: Jos, Dnipro, and Benin City.",1
"Exactly 2 of the following cities are in India: Nashik, Bhubaneswar, and Bengbu.",1
"Exactly 1 of the following cities are in China: Suizhou, Boumerdes, and Guiyang.",0
"Exactly 1 of the following cities are in Canada: Petaling Jaya, Winnipeg, and Siliguri.",1
"Exactly 1 of the following cities are in China: Weifang, Weinan, and Shizuoka.",0
"Exactly 2 of the following cities are in Japan: Shizuoka, Bhayandar, and Jaipur.",0
"Exactly 1 of the following cities are in India: Tiruchirappalli, Busan, and Pikine.",1
"Exactly 1 of the following cities are in Armenia: Lviv, Yerevan, and Amravati.",1
"Exactly 2 of the following cities are in South Korea: Incheon, Londrina, and Bamako.",0
"Exactly 1 of the following cities are in China: Kawaguchi, Chongqing, and Yinchuan.",0
"Exactly 2 of the following cities are in China: Zhabei, Mianzhu, Deyang, Sichuan, and Nashik.",1
"Exactly 1 of the following cities are in China: Suining, Brasilia, and Benxi.",0
"Exactly 2 of the following cities are in India: Ghaziabad, Pune, and Beirut.",1
"Exactly 1 of the following cities are in China: Amman, Meizhou, and Cixi.",0
"Exactly 2 of the following cities are in Cameroon: Asyut, Yaounde, and Guntur.",0
"Exactly 1 of the following cities are in Kazakhstan: Asmara, Almaty, and Tonghua.",1
"Exactly 2 of the following cities are in Brazil: Yaroslavl, Jos, and Maceio.",0
"Exactly 1 of the following cities are in Mexico: Surakarta, Acapulco de Juarez, and Victoria de Durango.",0
"Exactly 2 of the following cities are in Turkey: Helsinki, Ankara, and Antalya.",1
"Exactly 1 of the following cities are in Lithuania: Vilnius, Mazar-e Sharif, and Kanayannur.",1
"Exactly 1 of the following cities are in Mozambique: Eskisehir, Bikaner, and Matola.",1
"Exactly 1 of the following cities are in China: Bijie, Nanchong, and Ipoh.",0
"Exactly 2 of the following cities are in the United States: Amritsar, Milwaukee, and Zhengzhou.",0
"Exactly 2 of the following cities are in China: Kahriz, Xiaogan, and Shangyu.",1
"Exactly 2 of the following cities are in China: Chaozhou, Ibadan, and Jiaozuo.",1
"Exactly 2 of the following cities are in India: Rio de Janeiro, Bokaro, and Puducherry.",1
"Exactly 2 of the following cities are in China: Zhangzhou, Baghdad, and Ganzhou.",1
"Exactly 2 of the following cities are in China: Kozhikode, Guangzhou, and Yunfu.",1
"Exactly 1 of the following cities are in China: Nanjing, Chizhou, and Bahawalpur.",0
"Exactly 2 of the following cities are in Finland: Oslo, San Miguel de Tucuman, and Helsinki.",0
"Exactly 2 of the following cities are in India: Prayagraj, Cheonan, and Nashik.",1
"Exactly 2 of the following cities are in China: Nanchang, Goeteborg, and Hanzhong.",1
"Exactly 2 of the following cities are in China: Xianning, Liuzhou, and Abu Dhabi.",1
"Exactly 2 of the following cities are in India: Zhangzhou, Asansol, and Maracaibo.",0
"Exactly 2 of the following cities are in Russia: Cixi, Yaroslavl, and Copenhagen.",0
"Exactly 2 of the following cities are in India: Ludhiana, Mazar-e Sharif, and Borivli.",1
"Exactly 1 of the following cities are in India: The Bronx, Moradabad, and Asuncion.",1
"Exactly 2 of the following cities are in China: Johannesburg, Nanchang, and Zhaoqing.",1
"Exactly 1 of the following cities are in China: Harbin, Rui'an, and Taiz.",0
"Exactly 1 of the following cities are in India: Bauchi, Mazar-e Sharif, and Shivaji Nagar.",1
"Exactly 1 of the following cities are in Malaysia: Weihai, Pekanbaru, and Petaling Jaya.",1
"Exactly 1 of the following cities are in the United States: New York City, Suqian, and Hwaseong-si.",1
"Exactly 2 of the following cities are in India: Hubli, Xiangtan, and Bhubaneswar.",1
"Exactly 1 of the following cities are in Brazil: Brasilia, Vilnius, and Londrina.",0
"Exactly 1 of the following cities are in China: Kaifeng, Sharjah, and Maoming.",0
"Exactly 1 of the following cities are in Nigeria: Al Mahallah al Kubra, Yerevan, and Enugu.",1
"Exactly 2 of the following cities are in Brazil: Baghdad, Belo Horizonte, and Guang'an.",0
"Exactly 1 of the following cities are in China: Qionghai, Luzhou, and Brazzaville.",0
"Exactly 1 of the following cities are in Malaysia: Bogor, Subang Jaya, and Cankaya.",1
"Exactly 2 of the following cities are in Bangladesh: Antwerpen, Rajshahi, and Acapulco de Juarez.",0
"Exactly 1 of the following cities are in China: Ganzhou, Anyang, and Mbuji-Mayi.",0
"Exactly 2 of the following cities are in India: Tiruchirappalli, Kolkata, and Bogor.",1
"Exactly 1 of the following cities are in China: Jiujiang, Baoji, and Ankara.",0
"Exactly 2 of the following cities are in Malaysia: Kuala Lumpur, Rangpur, and Aguascalientes.",0
"Exactly 1 of the following cities are in Armenia: Lanzhou, Yerevan, and Ibadan.",1
"Exactly 1 of the following cities are in India: Rajkot, Narela, and Fukuoka.",0
"Exactly 1 of the following cities are in China: Torreon, Rui'an, and Bayannur.",0
"Exactly 1 of the following cities are in Japan: Davao, Osaka, and Adana.",1
"Exactly 2 of the following cities are in China: Sanmenxia, Palembang, and Wuzhou.",1
"Exactly 1 of the following cities are in the Philippines: Aparecida de Goiania, Gujranwala, and Cebu City.",1
"Exactly 1 of the following cities are in Ecuador: Guayaquil, Jinan, and Winnipeg.",1
"Exactly 1 of the following cities are in India: Nagoya, Mazar-e Sharif, and Tiruchirappalli.",1
"Exactly 2 of the following cities are in China: Zhangjiagang, Rui'an, and Bamako.",1
"Exactly 2 of the following cities are in India: Theni, Beira, and Kitakyushu.",0
"Exactly 2 of the following cities are in China: Wanxian, Anyang, and Davao.",1
"Exactly 2 of the following cities are in Mozambique: Liuzhou, Nova Iguacu, and Maputo.",0
"Exactly 2 of the following cities are in Iran: Tomsk, Zagreb, and Zahedan.",0
"Exactly 1 of the following cities are in Russia: Yaroslavl, Volgograd, and Aktobe.",0
"Exactly 1 of the following cities are in India: Puning, Bhiwandi, and Guwahati.",0
"Exactly 2 of the following cities are in China: Madinat an Nasr, Xining, and Agadir.",0
"Exactly 1 of the following cities are in North Korea: Najafgarh, Oyo, and Pyongyang.",1
"Exactly 2 of the following cities are in India: Koeln, Jieyang, and Jabalpur.",0
"Exactly 2 of the following cities are in China: Sanaa, Nanning, and Anyang.",1
"Exactly 1 of the following cities are in China: Oklahoma City, Luohe, and Liupanshui.",0
"Exactly 2 of the following cities are in Canada: Ajmer, Winnipeg, and Bhubaneswar.",0
"Exactly 2 of the following cities are in Chad: Ulsan, Lahore, and N'Djamena.",0
"Exactly 1 of the following cities are in China: Zhabei, Jilin, and Las Pinas.",0
"Exactly 2 of the following cities are in China: Kandahar, Fushun, and Zhangjiagang.",1
"Exactly 1 of the following cities are in India: Al Ain City, Arak, and Kalyan.",1
"Exactly 1 of the following cities are in Brazil: Florianopolis, Jingmen, and Ciudad Nezahualcoyotl.",1
"Exactly 2 of the following cities are in China: Jilin, General Santos, and Xuanzhou.",1
"Exactly 2 of the following cities are in India: Kalyan, Agadir, and Pune.",1
"Exactly 2 of the following cities are in Pakistan: Bahawalpur, Peshawar, and Khartoum.",1
"Exactly 1 of the following cities are in China: Korla, Huaibei, and Marseille.",0
"Exactly 2 of the following cities are in India: Shubra al Khaymah, Bokaro, and Nagpur.",1
"Exactly 2 of the following cities are in Sweden: Stockholm, Liuzhou, and Qionghai.",0
"Exactly 2 of the following cities are in Indonesia: Kampung Baru Subang, Managua, and Batam.",0
"Exactly 2 of the following cities are in China: Sulaymaniyah, Himeji, and Foshan.",0
"Exactly 1 of the following cities are in Syria: Aleppo, Shenzhen, and Taicang.",1
"Exactly 2 of the following cities are in China: Astrakhan, Pingliang, and Tianshui.",1
"Exactly 2 of the following cities are in China: Marrakesh, Qingdao, and Shantou.",1
"Exactly 2 of the following cities are in Mexico: Ecatepec de Morelos, Torreon, and Riga.",1
"Exactly 2 of the following cities are in China: Bhayandar, Shuangyashan, and Chaozhou.",1
"Exactly 1 of the following cities are in India: Pingliang, Al Hudaydah, and Jamshedpur.",1
"Exactly 2 of the following cities are in the United States: Giza, Pasig City, and Tucson.",0
"Exactly 1 of the following cities are in China: Zunyi, Chattogram, and Yangquan.",0
"Exactly 1 of the following cities are in India: Shubra al Khaymah, Bokaro, and Nagpur.",0
"Exactly 2 of the following cities are in Japan: Guiyang, Karachi, and Osaka.",0
"Exactly 1 of the following cities are in South Africa: Johannesburg, Mianzhu, Deyang, Sichuan, and Volgograd.",1
"Exactly 1 of the following cities are in China: Huainan, Tonghua, and Krasnoyarsk.",0
"Exactly 1 of the following cities are in Brazil: Al Ahmadi, Fushun, and Sao Bernardo do Campo.",1
"Exactly 1 of the following cities are in India: Kalyan, Agadir, and Pune.",0
"Exactly 1 of the following cities are in China: Xianning, Liuzhou, and Abu Dhabi.",0
"Exactly 1 of the following cities are in India: Kaduna, Kozhikode, and Ghaziabad.",0
"Exactly 1 of the following cities are in Saudi Arabia: Las Pinas, Dammam, and Baku.",1
"Exactly 1 of the following cities are in China: Indianapolis, Jiangyin, and Tanggu.",0
"Exactly 1 of the following cities are in China: Zigong, Cape Town, and Port-au-Prince.",1
"Exactly 1 of the following cities are in Russia: Astrakhan, Curitiba, and South Tangerang.",1
"Exactly 1 of the following cities are in China: Xinyang, Chenzhou, and Bareilly.",0
"Exactly 1 of the following cities are in Brazil: Indore, Teresina, and Kisangani.",1
"Exactly 2 of the following cities are in Ukraine: Quezon City, Zaporizhzhya, and Pasig City.",0
"Exactly 1 of the following cities are in South Africa: Karaj, Durban, and Agadir.",1
"Exactly 1 of the following cities are in India: Thane, Prayagraj, and Eskisehir.",0
"Exactly 1 of the following cities are in China: Xiangtan, Harbin, and Aguascalientes.",0
"Exactly 2 of the following cities are in India: Huzhou, Navi Mumbai, and Zagreb.",0
"Exactly 1 of the following cities are in Turkey: Shizuoka, Denpasar, and Erzurum.",1
"Exactly 2 of the following cities are in Japan: Saitama, Riga, and Chelyabinsk.",0
"Exactly 2 of the following cities are in China: Chiclayo, Yingkou, and Huangshi.",1
"Exactly 1 of the following cities are in South Korea: Hamamatsu, Semarang, and Suwon.",1
"Exactly 2 of the following cities are in Bangladesh: Wuzhou, Makassar, and Chattogram.",0
"Exactly 1 of the following cities are in Indonesia: Huainan, Minsk, and Surakarta.",1
"Exactly 2 of the following cities are in Japan: Kisangani, Saitama, and Milwaukee.",0
"Exactly 2 of the following cities are in China: Sanmenxia, Zhengzhou, and Novokuznetsk.",1
"Exactly 2 of the following cities are in India: Suqian, Shubra al Khaymah, and Jabalpur.",0
"Exactly 1 of the following cities are in China: Fortaleza, Saitama, and Dandong.",1
"Exactly 1 of the following cities are in China: Hengyang, Neijiang, and Brasilia.",0
"Exactly 1 of the following cities are in Nigeria: Campos dos Goytacazes, Oklahoma City, and Zaria.",1
"Exactly 2 of the following cities are in Argentina: Mar del Plata, Kanayannur, and Curitiba.",0
"Exactly 2 of the following cities are in Germany: Bucheon-si, Duesseldorf, and Xingtai.",0
"Exactly 1 of the following cities are in China: Stockholm, Fuxin, and Zhaotong.",0
"Exactly 1 of the following cities are in Mexico: Najafgarh, Kampung Baru Subang, and Ciudad Nezahualcoyotl.",1
"Exactly 1 of the following cities are in Pakistan: Multan, Jiaozuo, and Suez.",1
"Exactly 2 of the following cities are in Morocco: Meknes, Suwon, and Sokoto.",0
"Exactly 2 of the following cities are in China: Chenzhou, Ma'anshan, and Kalyan.",1
"Exactly 1 of the following cities are in China: Mogadishu, Nanchang, and Bengbu.",0
"Exactly 1 of the following cities are in China: Mianzhu, Deyang, Sichuan, Jamshedpur, and Kashgar.",0
"Exactly 1 of the following cities are in China: Jiangyin, Xiangtan, and Dakar.",0
"Exactly 1 of the following cities are in China: Banjarmasin, Shihezi, and Zhanjiang.",0
"Exactly 2 of the following cities are in Pakistan: Sao Bernardo do Campo, Gujranwala, and Londrina.",0
"Exactly 1 of the following cities are in India: Heze, Tiruchirappalli, and Chandigarh.",0
"Exactly 1 of the following cities are in China: Tiruppur, Chengdu, and Yingkou.",0
"Exactly 1 of the following cities are in Turkey: Konya, Ouagadougou, and Kayseri.",0
"Exactly 2 of the following cities are in Ghana: Yingkou, Harare, and Accra.",0
"Exactly 2 of the following cities are in India: Kobe, Kanayannur, and Bhubaneswar.",1
"Exactly 2 of the following cities are in India: Pretoria, Visakhapatnam, and Fushun.",0
"Exactly 2 of the following cities are in South Africa: Soweto, Yangquan, and Cimahi.",0
"Exactly 2 of the following cities are in Nigeria: Ibadan, Dushanbe, and Abuja.",1
"Exactly 1 of the following cities are in Russia: Khabarovsk, Cape Town, and Kyoto.",1
"Exactly 1 of the following cities are in China: Vilnius, Qionghai, and Hangzhou.",0
"Exactly 1 of the following cities are in Germany: Duesseldorf, Ahmedabad, and Panzhihua.",1
"Exactly 1 of the following cities are in Japan: Kitakyushu, Casablanca, and Ulan Bator.",1
"Exactly 2 of the following cities are in Germany: Quzhou, Hannover, and Lu'an.",0
"Exactly 2 of the following cities are in Egypt: Kuantan, Madinat an Nasr, and Bengbu.",0
"Exactly 1 of the following cities are in Japan: Peshawar, Saitama, and Matsuyama.",0
"Exactly 2 of the following cities are in China: Jilin, Wuwei, and Ulhasnagar.",1
"Exactly 1 of the following cities are in India: Kanayannur, Matsuyama, and Zapopan.",1
"Exactly 2 of the following cities are in the United States: Tanggu, Tiruppur, and New York City.",0
"Exactly 2 of the following cities are in India: Coimbatore, Muzaffarabad, and Munich.",0
"Exactly 2 of the following cities are in India: Dalian, Tiruchirappalli, and Najafgarh.",1
"Exactly 1 of the following cities are in India: Narela, Panshan, and Bhopal.",0
"Exactly 1 of the following cities are in Myanmar: Tucson, Yangon, and Qiqihar.",1
"Exactly 2 of the following cities are in Canada: Karachi, Panzhihua, and Winnipeg.",0
"Exactly 2 of the following cities are in Mexico: Surakarta, Acapulco de Juarez, and Victoria de Durango.",1
"Exactly 2 of the following cities are in China: Aracaju, Bangkok, and Mianzhu, Deyang, Sichuan.",0
"Exactly 1 of the following cities are in Japan: Seoul, Niigata, and Sanming.",1
"Exactly 2 of the following cities are in Brazil: Fukuoka, Tianjin, and Porto Alegre.",0
"Exactly 1 of the following cities are in Brazil: Jaboatao dos Guararapes, Jiujiang, and Multan.",1
"Exactly 1 of the following cities are in Brazil: Ribeirao Preto, Chengdu, and Ajmer.",1
"Exactly 1 of the following cities are in India: Huainan, Guntur, and Jaipur.",0
"Exactly 1 of the following cities are in China: Xingtai, Lianyungang, and Namangan.",0
"Exactly 1 of the following cities are in China: Lianyungang, Chizhou, and Casablanca.",0
"Exactly 1 of the following cities are in Chile: Zunyi, Coyoacan, and Puente Alto.",1
"Exactly 1 of the following cities are in India: Pune, Gaziantep, and Navi Mumbai.",0
"Exactly 2 of the following cities are in China: Tonghua, Moradabad, and Shangrao.",1
"Exactly 2 of the following cities are in India: Chennai, Tehran, and Rourkela.",1
"Exactly 1 of the following cities are in India: Bijie, Bhopal, and Ribeirao Preto.",1
"Exactly 2 of the following cities are in Mexico: Tlaquepaque, Suqian, and Zhoushan.",0
"Exactly 1 of the following cities are in India: Bagcilar, Bilimora, and Sangli.",0
"Exactly 1 of the following cities are in India: Ar Raqqah, Sao Jose dos Campos, and Kozhikode.",1
"Exactly 1 of the following cities are in India: Abobo, Jamshedpur, and Anyang-si.",1
"Exactly 2 of the following cities are in China: Weifang, Jiangmen, and Mersin.",1
"Exactly 2 of the following cities are in South Korea: Kimhae, Diyarbakir, and Leon de los Aldama.",0
"Exactly 2 of the following cities are in China: Gwalior, Hefei, and Maceio.",0
"Exactly 2 of the following cities are in Brazil: Suez, Maceio, and Guiyang.",0
"Exactly 2 of the following cities are in China: Guankou, Cucuta, and Benxi.",1
"Exactly 2 of the following cities are in China: Hezhou, Kyoto, and Beijing.",1
"Exactly 2 of the following cities are in China: Luzhou, Bucheon-si, and Krakow.",0
"Exactly 2 of the following cities are in South Africa: Panshan, Soweto, and Heze.",0
"Exactly 1 of the following cities are in Morocco: Indore, Tangshan, and Marrakesh.",1
"Exactly 2 of the following cities are in China: Niamey, Nanjing, and Qujing.",1
"Exactly 2 of the following cities are in Russia: Nuernberg, Zhangye, and Khabarovsk Vtoroy.",0
"Exactly 2 of the following cities are in China: Anyang-si, Yichang, and Dalian.",1
"Exactly 2 of the following cities are in China: Budapest, Sanming, and Antananarivo.",0
"Exactly 1 of the following cities are in India: Nashik, Bhubaneswar, and Bengbu.",0
"Exactly 1 of the following cities are in China: Urumqi, Rahim Yar Khan, and Yongzhou.",0
"Exactly 2 of the following cities are in China: Beirut, Kyiv, and Rizhao.",0
"Exactly 1 of the following cities are in China: Mersin, Qionghai, and Suqian.",0
"Exactly 1 of the following cities are in Indonesia: Yongzhou, South Tangerang, and Perm.",1
"Exactly 1 of the following cities are in the Dominican Republic: Qinhuangdao, Santo Domingo Este, and Can Tho.",1
"Exactly 2 of the following cities are in China: Torreon, Rui'an, and Bayannur.",1
"Exactly 2 of the following cities are in India: Thane, Prayagraj, and Eskisehir.",1
"Exactly 1 of the following cities are in China: Benxi, Indore, and Changchun.",0
"Exactly 2 of the following cities are in India: Jalandhar, Aligarh, and Kitakyushu.",1
"Exactly 1 of the following cities are in South Africa: Xiaogan, Pimpri, and Durban.",1
"Exactly 2 of the following cities are in Mexico: New York City, Rahim Yar Khan, and Acapulco de Juarez.",0
"Exactly 1 of the following cities are in Bosnia and Herzegovina: Sarajevo, Beirut, and Yunfu.",1
"Exactly 1 of the following cities are in India: Lome, Kolkata, and Chandigarh.",0
"Exactly 1 of the following cities are in Russia: Ufa, Homs, and Luancheng.",1
"Exactly 2 of the following cities are in Brazil: Guntur, Sao Bernardo do Campo, and Astrakhan.",0
"Exactly 2 of the following cities are in China: Stockholm, Linfen, and Tangerang.",0
"Exactly 1 of the following cities are in Kenya: Jiangmen, Tembisa, and Mombasa.",1
"Exactly 2 of the following cities are in the Philippines: Hanzhong, Weifang, and Paranaque City.",0
"Exactly 2 of the following cities are in Iran: Bhubaneswar, Ahvaz, and Odesa.",0
"Exactly 2 of the following cities are in India: Tiruppur, Pretoria, and Ahmedabad.",1
"Exactly 1 of the following cities are in China: Surat, Baoji, and Yichang.",0
"Exactly 1 of the following cities are in Poland: Omsk, Chiclayo, and Lodz.",1
"Exactly 2 of the following cities are in Turkey: Antalya, Bilimora, and Yangjiang.",0
"Exactly 2 of the following cities are in China: Fushun, Maoming, and Himeji.",1
"Exactly 2 of the following cities are in Nigeria: Zaria, Torreon, and Hohhot.",0
"Exactly 1 of the following cities are in India: Johor Bahru, Mumbai, and Cuttack.",0
"Exactly 1 of the following cities are in China: Kayseri, Guankou, and Guilin.",0
"Exactly 2 of the following cities are in China: Shenyang, Mexicali, and Amravati.",0
"Exactly 2 of the following cities are in China: Asyut, Cixi, and Zhangye.",1
"Exactly 2 of the following cities are in China: Ordos, Kyoto, and Pingliang.",1
"Exactly 1 of the following cities are in Brazil: Maceio, Londrina, and Hanoi.",0
"Exactly 1 of the following cities are in China: Goiania, Zhabei, and Harbin.",0
"Exactly 1 of the following cities are in Brazil: Kathmandu, Goiania, and Taiz.",1
"Exactly 2 of the following cities are in China: Bengbu, Seattle, and Pietermaritzburg.",0
"Exactly 2 of the following cities are in India: Herat, Nanded, and Karol Bagh.",1
"Exactly 1 of the following cities are in India: Herat, Nanded, and Karol Bagh.",0
"Exactly 2 of the following cities are in China: San Pedro Sula, Nanchong, and Zibo.",1
"Exactly 1 of the following cities are in India: Coimbatore, Kanayannur, and Zarqa.",0
"Exactly 2 of the following cities are in the United States: Queens, Jiaxing, and Ansan-si.",0
"Exactly 2 of the following cities are in China: Orumiyeh, Shangyu, and Luohe.",1
"Exactly 2 of the following cities are in India: Koeln, Thiruvananthapuram, and Izhevsk.",0
"Exactly 1 of the following cities are in the United States: The Bronx, Huzhou, and Porto Velho.",1
"Exactly 2 of the following cities are in China: Xuchang, Kalininskiy, and Himeji.",0
"Exactly 2 of the following cities are in Malaysia: Kampung Baru Subang, Calgary, and Kuantan.",1
"Exactly 2 of the following cities are in India: Meerut, Kathmandu, and Barranquilla.",0
"Exactly 1 of the following cities are in China: Tangier, Asuncion, and Zhangye.",1
"Exactly 2 of the following cities are in India: Kemerovo, Ludhiana, and Vilnius.",0
"Exactly 1 of the following cities are in the Republic of the Congo: Yangon, Brazzaville, and Johannesburg.",1
"Exactly 1 of the following cities are in India: Zhangjiagang, Xuanzhou, and Jamshedpur.",1
"Exactly 2 of the following cities are in China: Jiaozuo, Xining, and Joao Pessoa.",1
"Exactly 2 of the following cities are in China: Ningbo, Taguig, and Hohhot.",1
"Exactly 2 of the following cities are in India: Jiaozuo, Visakhapatnam, and Nyala.",0
"Exactly 1 of the following cities are in Turkey: Ankara, Shah Alam, and Boumerdes.",1
"Exactly 2 of the following cities are in China: Multan, Yingkou, and Duque de Caxias.",0
"Exactly 1 of the following cities are in China: Copenhagen, Zhabei, and Handan.",0
"Exactly 2 of the following cities are in China: Huainan, Tonghua, and Krasnoyarsk.",1
"Exactly 2 of the following cities are in Indonesia: Mexicali, Tangerang, and Bauchi.",0
"Exactly 2 of the following cities are in China: Suining, Longyan, and Lodz.",1
"Exactly 2 of the following cities are in China: Chiclayo, Detroit, and Jiaozuo.",0
"Exactly 1 of the following cities are in Indonesia: Rajkot, Ilorin, and Semarang.",1
"Exactly 2 of the following cities are in Russia: Kemerovo, Aden, and Naberezhnyye Chelny.",1
"Exactly 2 of the following cities are in Brazil: Kanpur, Aracaju, and Brasilia.",1
"Exactly 1 of the following cities are in Russia: Kunshan, Izhevsk, and Saint Petersburg.",0
"Exactly 1 of the following cities are in China: Bengbu, Seattle, and Pietermaritzburg.",1
"Exactly 1 of the following cities are in South Korea: Daejeon, Hamhung, and Hangzhou.",1
"Exactly 2 of the following cities are in Algeria: Abu Ghurayb, Tebessa, and Maputo.",0
"Exactly 1 of the following cities are in Russia: Ulyanovsk, Ahvaz, and Novokuznetsk.",0
"Exactly 1 of the following cities are in China: Huzhou, Chizhou, and Sangli.",0
"Exactly 2 of the following cities are in Brazil: Belo Horizonte, Rio de Janeiro, and Luohe.",1
"Exactly 1 of the following cities are in Iraq: Kobe, Sulaymaniyah, and Erbil.",0
"Exactly 1 of the following cities are in China: Ulan Bator, Chaozhou, and Changchun.",0
"Exactly 1 of the following cities are in Iraq: Kirkuk, Al Basrah al Qadimah, and Bien Hoa.",0
"Exactly 2 of the following cities are in Indonesia: Surakarta, Diyarbakir, and Maputo.",0
"Exactly 1 of the following cities are in Russia: Orenburg, Bokaro, and Zhenjiang.",1
"Exactly 1 of the following cities are in China: Sanming, Xingtai, and Esenler.",0
"Exactly 2 of the following cities are in South Korea: Bikaner, Daejeon, and Yaounde.",0
"Exactly 2 of the following cities are in Denmark: Jieyang, Meizhou, and Copenhagen.",0
"Exactly 1 of the following cities are in China: N'Djamena, Jinan, and Xiangtan.",0
"Exactly 2 of the following cities are in Jordan: Zarqa, Latakia, and Jiamusi.",0
"Exactly 2 of the following cities are in India: Malatya, Bikaner, and Amman.",0
"Exactly 1 of the following cities are in Turkey: Jeddah, Bahcelievler, and Bagcilar.",0
"Exactly 1 of the following cities are in Iran: Tehran, Cuttack, and Helsinki.",1
"Exactly 2 of the following cities are in Iraq: Gujranwala, Kota Bharu, and Nasiriyah.",0
"Exactly 1 of the following cities are in China: Kahriz, Rui'an, and Zunyi.",0
"Exactly 1 of the following cities are in Russia: New Kingston, Lipetsk, and Santiago de los Caballeros.",1
"Exactly 1 of the following cities are in China: Suez, Jieyang, and Shuangyashan.",0
"Exactly 2 of the following cities are in Brazil: Maceio, Shubra al Khaymah, and Antalya.",0
"Exactly 2 of the following cities are in China: Comilla, Qingdao, and Suining.",1
"Exactly 1 of the following cities are in India: Uberlandia, Bayannur, and Shivaji Nagar.",1
"Exactly 2 of the following cities are in China: Kayseri, Guankou, and Guilin.",1
"Exactly 1 of the following cities are in Japan: Kagoshima, Kobe, and Warri.",0
"Exactly 1 of the following cities are in China: Pingliang, Busan, and Hangzhou.",0
"Exactly 2 of the following cities are in Japan: Saitama, Nanded, and Puducherry.",0
"Exactly 1 of the following cities are in China: Linfen, Faisalabad, and Tabriz.",1
"Exactly 2 of the following cities are in China: Xining, Libreville, and Wuzhou.",1
"Exactly 1 of the following cities are in Nigeria: Qom, Al Mahallah al Kubra, and Ilorin.",1
"Exactly 1 of the following cities are in China: Binzhou, Wanxian, and Kota Bharu.",0
"Exactly 2 of the following cities are in China: Yangjiang, Nanchang, and Dammam.",1
"Exactly 2 of the following cities are in China: Pietermaritzburg, Huangshi, and Shaoguan.",1
"Exactly 1 of the following cities are in Brazil: Homyel', Ribeirao Preto, and Dehra Dun.",1
