statement,label
Exactly 2 of the following cities are in the same country: Barnaul and Suqian.,0
Exactly 2 of the following cities are in the same country: Aracaju and Kunming.,0
Exactly 2 of the following cities are in the same country: Tangerang and Surakarta.,1
Exactly 2 of the following cities are in the same country: Istanbul and Bouake.,0
Exactly 2 of the following cities are in the same country: Tangier and Meknes.,1
Exactly 2 of the following cities are in the same country: Neijiang and Munich.,0
Exactly 2 of the following cities are in the same country: Tomsk and Naberezhnyye Chelny.,1
Exactly 2 of the following cities are in the same country: Cankaya and Konya.,1
Exactly 2 of the following cities are in the same country: Leipzig and Frankfurt am Main.,1
Exactly 2 of the following cities are in the same country: Busan and Cheongju-si.,1
Exactly 2 of the following cities are in the same country: Madinat an Nasr and Teresina.,0
Exactly 2 of the following cities are in the same country: Panzhihua and Las Pinas.,0
Exactly 2 of the following cities are in the same country: Johor Bahru and Petaling Jaya.,1
Exactly 2 of the following cities are in the same country: Tomsk and Reynosa.,0
Exactly 2 of the following cities are in the same country: Kotli and Gujranwala.,1
Exactly 2 of the following cities are in the same country: Peshawar and Multan.,1
Exactly 2 of the following cities are in the same country: New South Memphis and Queens.,1
Exactly 2 of the following cities are in the same country: Ta'if and Ha'il.,1
Exactly 2 of the following cities are in the same country: Hangzhou and Reynosa.,0
Exactly 2 of the following cities are in the same country: Penza and Nanjing.,0
Exactly 2 of the following cities are in the same country: Faisalabad and Laibin.,0
Exactly 2 of the following cities are in the same country: Shubra al Khaymah and Port Said.,1
Exactly 2 of the following cities are in the same country: Esenler and Cankaya.,1
Exactly 2 of the following cities are in the same country: Stockholm and Yunfu.,0
Exactly 2 of the following cities are in the same country: Diyarbakir and Korla.,0
Exactly 2 of the following cities are in the same country: Kirkuk and Wuhan.,0
Exactly 2 of the following cities are in the same country: Tucson and The Bronx.,1
Exactly 2 of the following cities are in the same country: Matsuyama and Fukuoka.,1
Exactly 2 of the following cities are in the same country: Chattogram and Suqian.,0
Exactly 2 of the following cities are in the same country: Sendai and Hiroshima.,1
Exactly 2 of the following cities are in the same country: Tomsk and Sao Jose dos Campos.,0
Exactly 2 of the following cities are in the same country: Guilin and Hanzhong.,1
Exactly 2 of the following cities are in the same country: Kagoshima and Qionghai.,0
Exactly 2 of the following cities are in the same country: Gaziantep and Uskudar.,1
Exactly 2 of the following cities are in the same country: Lianyungang and Chiclayo.,0
Exactly 2 of the following cities are in the same country: Jeonju and Seongnam-si.,1
Exactly 2 of the following cities are in the same country: Santiago de Queretaro and Reynosa.,1
Exactly 2 of the following cities are in the same country: Tlalpan and Iztapalapa.,1
Exactly 2 of the following cities are in the same country: Khartoum and Omdurman.,1
Exactly 2 of the following cities are in the same country: Hannover and Koeln.,1
Exactly 2 of the following cities are in the same country: Oslo and Maturin.,0
Exactly 2 of the following cities are in the same country: Dalian and Shantou.,1
Exactly 2 of the following cities are in the same country: Santo Domingo Este and Santo Domingo Oeste.,1
Exactly 2 of the following cities are in the same country: Haiphong and Thuan An.,1
Exactly 2 of the following cities are in the same country: Wuhan and Victoria de Durango.,0
Exactly 2 of the following cities are in the same country: Grosszschocher and Accra.,0
Exactly 2 of the following cities are in the same country: Kayseri and Uskudar.,1
Exactly 2 of the following cities are in the same country: General Santos and Paranaque City.,1
Exactly 2 of the following cities are in the same country: Petaling Jaya and Kuantan.,1
Exactly 2 of the following cities are in the same country: Torreon and Porto Velho.,0
Exactly 2 of the following cities are in the same country: Faisalabad and Hwaseong-si.,0
Exactly 2 of the following cities are in the same country: Ebute Ikorodu and Tanggu.,0
Exactly 2 of the following cities are in the same country: Al Ain City and Jakarta.,0
Exactly 2 of the following cities are in the same country: Santo Domingo Este and Can Tho.,0
Exactly 2 of the following cities are in the same country: Rizhao and Mississauga.,0
Exactly 2 of the following cities are in the same country: Ha'il and Najran.,1
Exactly 2 of the following cities are in the same country: Jeddah and Ta'if.,1
Exactly 2 of the following cities are in the same country: Heze and Shymkent.,0
Exactly 2 of the following cities are in the same country: Agadir and Casablanca.,1
Exactly 2 of the following cities are in the same country: Orumiyeh and Kermanshah.,1
Exactly 2 of the following cities are in the same country: Karaj and Kahriz.,1
Exactly 2 of the following cities are in the same country: Balikpapan and Semarang.,1
Exactly 2 of the following cities are in the same country: Jiangyin and Aracaju.,0
Exactly 2 of the following cities are in the same country: Warri and Marseille.,0
Exactly 2 of the following cities are in the same country: Samarinda and Pontianak.,1
Exactly 2 of the following cities are in the same country: Harbin and Wuhan.,1
Exactly 2 of the following cities are in the same country: Battagram and Conakry.,0
Exactly 2 of the following cities are in the same country: Zhengzhou and Sharjah.,0
Exactly 2 of the following cities are in the same country: Al Basrah al Qadimah and Nasiriyah.,1
Exactly 2 of the following cities are in the same country: Almaty and Shymkent.,1
Exactly 2 of the following cities are in the same country: Niamey and Fes.,0
Exactly 2 of the following cities are in the same country: Kozhikode and Krakow.,0
Exactly 2 of the following cities are in the same country: Al Mahallah al Kubra and Madinat an Nasr.,1
Exactly 2 of the following cities are in the same country: Chaozhou and Arak.,0
Exactly 2 of the following cities are in the same country: Tucson and New South Memphis.,1
Exactly 2 of the following cities are in the same country: Kemerovo and Penza.,1
Exactly 2 of the following cities are in the same country: Shubra al Khaymah and Suez.,1
Exactly 2 of the following cities are in the same country: Nizhniy Novgorod and Yekaterinburg.,1
Exactly 2 of the following cities are in the same country: Benoni and Soweto.,1
Exactly 2 of the following cities are in the same country: Maoming and Busan.,0
Exactly 2 of the following cities are in the same country: Kumamoto and Matsuyama.,1
Exactly 2 of the following cities are in the same country: Caracas and Zunyi.,0
Exactly 2 of the following cities are in the same country: Goyang-si and Jeonju.,1
Exactly 2 of the following cities are in the same country: Lodz and Krakow.,1
Exactly 2 of the following cities are in the same country: Giza and Al Mahallah al Kubra.,1
Exactly 2 of the following cities are in the same country: Kisangani and Mbuji-Mayi.,1
Exactly 2 of the following cities are in the same country: Ulyanovsk and Lyon.,0
Exactly 2 of the following cities are in the same country: Nampula and Bauchi.,0
Exactly 2 of the following cities are in the same country: Rahim Yar Khan and Karachi.,1
Exactly 2 of the following cities are in the same country: Tijuana and Dongying.,0
Exactly 2 of the following cities are in the same country: Ipoh and Kaifeng.,0
Exactly 2 of the following cities are in the same country: Port Harcourt and Bogor.,0
Exactly 2 of the following cities are in the same country: Narela and Yongzhou.,0
Exactly 2 of the following cities are in the same country: Ganzhou and Yingkou.,1
Exactly 2 of the following cities are in the same country: Hamadan and Yerevan.,0
Exactly 2 of the following cities are in the same country: Maceio and Sao Bernardo do Campo.,1
Exactly 2 of the following cities are in the same country: Huzhou and Xining.,1
Exactly 2 of the following cities are in the same country: Hamamatsu and Kawaguchi.,1
Exactly 2 of the following cities are in the same country: Lahore and Harbin.,0
Exactly 2 of the following cities are in the same country: Leipzig and Sanmenxia.,0
Exactly 2 of the following cities are in the same country: Bhiwandi and Kyoto.,0
Exactly 2 of the following cities are in the same country: Huizhou and Bengbu.,1
Exactly 2 of the following cities are in the same country: Manaus and Porto Alegre.,1
Exactly 2 of the following cities are in the same country: Palembang and Xiangtan.,0
Exactly 2 of the following cities are in the same country: Ho Chi Minh City and Can Tho.,1
Exactly 2 of the following cities are in the same country: Kuantan and Harbin.,0
Exactly 2 of the following cities are in the same country: Lviv and Munich.,0
Exactly 2 of the following cities are in the same country: Pasig City and Caloocan City.,1
Exactly 2 of the following cities are in the same country: Ulsan and Hwaseong-si.,1
Exactly 2 of the following cities are in the same country: Tiruchirappalli and Tembisa.,0
Exactly 2 of the following cities are in the same country: Salta and Bhavnagar.,0
Exactly 2 of the following cities are in the same country: Kemerovo and Suining.,0
Exactly 2 of the following cities are in the same country: Acapulco de Juarez and Culiacan.,1
Exactly 2 of the following cities are in the same country: Amravati and Dombivli.,1
Exactly 2 of the following cities are in the same country: Kampung Baru Subang and Surakarta.,0
Exactly 2 of the following cities are in the same country: Shiraz and Campos dos Goytacazes.,0
Exactly 2 of the following cities are in the same country: Sangli and N'Djamena.,0
Exactly 2 of the following cities are in the same country: Tangerang and Pekanbaru.,1
Exactly 2 of the following cities are in the same country: Serang and Banjarmasin.,1
Exactly 2 of the following cities are in the same country: Vadodara and Zhaoqing.,0
Exactly 2 of the following cities are in the same country: Erzurum and Chattogram.,0
Exactly 2 of the following cities are in the same country: Cape Town and Copenhagen.,0
Exactly 2 of the following cities are in the same country: Saitama and Himeji.,1
Exactly 2 of the following cities are in the same country: Hengyang and Port Harcourt.,0
Exactly 2 of the following cities are in the same country: Hubli and Ludhiana.,1
Exactly 2 of the following cities are in the same country: Orumiyeh and Tabriz.,1
Exactly 2 of the following cities are in the same country: Novosibirsk and Saint Petersburg.,1
Exactly 2 of the following cities are in the same country: Klang and Kampung Baru Subang.,1
Exactly 2 of the following cities are in the same country: San Luis Potosi and Santiago de Queretaro.,1
Exactly 2 of the following cities are in the same country: Paranaque City and Makati City.,1
Exactly 2 of the following cities are in the same country: Irbid and Zarqa.,1
Exactly 2 of the following cities are in the same country: Cancun and Izmir.,0
Exactly 2 of the following cities are in the same country: Mississauga and Nampula.,0
Exactly 2 of the following cities are in the same country: Shiraz and Jaboatao dos Guararapes.,0
Exactly 2 of the following cities are in the same country: Taguig and Caloocan City.,1
Exactly 2 of the following cities are in the same country: Lilongwe and Addis Ababa.,0
Exactly 2 of the following cities are in the same country: Jalandhar and Benoni.,0
Exactly 2 of the following cities are in the same country: Lusaka and Jamshedpur.,0
Exactly 2 of the following cities are in the same country: Bhiwandi and Jiangyin.,0
Exactly 2 of the following cities are in the same country: Busan and Goyang-si.,1
Exactly 2 of the following cities are in the same country: Weinan and Paranaque City.,0
Exactly 2 of the following cities are in the same country: Seoul and Hwaseong-si.,1
Exactly 2 of the following cities are in the same country: Acapulco de Juarez and Torreon.,1
Exactly 2 of the following cities are in the same country: Bursa and Diyarbakir.,1
Exactly 2 of the following cities are in the same country: Douala and Luohe.,0
Exactly 2 of the following cities are in the same country: Jieyang and Islamabad.,0
Exactly 2 of the following cities are in the same country: Leipzig and Kleinzschocher.,1
Exactly 2 of the following cities are in the same country: Kota Bharu and Erbil.,0
Exactly 2 of the following cities are in the same country: Yangon and Fukuoka.,0
Exactly 2 of the following cities are in the same country: Rangpur and Chattogram.,1
Exactly 2 of the following cities are in the same country: Bucheon-si and Kimhae.,1
Exactly 2 of the following cities are in the same country: Ufa and Astrakhan.,1
Exactly 2 of the following cities are in the same country: Maputo and Johannesburg.,0
Exactly 2 of the following cities are in the same country: Xining and Quezon City.,0
Exactly 2 of the following cities are in the same country: Urumqi and Benin City.,0
Exactly 2 of the following cities are in the same country: Santo Domingo Oeste and Kalininskiy.,0
Exactly 2 of the following cities are in the same country: Port Said and Madinat an Nasr.,1
Exactly 2 of the following cities are in the same country: Dandong and Macapa.,0
Exactly 2 of the following cities are in the same country: Prayagraj and Zigong.,0
Exactly 2 of the following cities are in the same country: Tlalpan and Sao Bernardo do Campo.,0
Exactly 2 of the following cities are in the same country: Las Pinas and Davao.,1
Exactly 2 of the following cities are in the same country: Taicang and Tanggu.,1
Exactly 2 of the following cities are in the same country: Culiacan and Aguascalientes.,1
Exactly 2 of the following cities are in the same country: Nasiriyah and Pune.,0
Exactly 2 of the following cities are in the same country: Khulna and Comilla.,1
Exactly 2 of the following cities are in the same country: Taiz and Al Hudaydah.,1
Exactly 2 of the following cities are in the same country: Chicago and Ribeirao Preto.,0
Exactly 2 of the following cities are in the same country: Subang Jaya and Kampung Baru Subang.,1
Exactly 2 of the following cities are in the same country: Turin and Campos dos Goytacazes.,0
Exactly 2 of the following cities are in the same country: Acapulco de Juarez and Tlaquepaque.,1
Exactly 2 of the following cities are in the same country: Kobe and Kitakyushu.,1
Exactly 2 of the following cities are in the same country: Okayama and Warri.,0
Exactly 2 of the following cities are in the same country: Novosibirsk and Liuzhou.,0
Exactly 2 of the following cities are in the same country: Poznan and Wroclaw.,1
Exactly 2 of the following cities are in the same country: Dakar and Tonghua.,0
Exactly 2 of the following cities are in the same country: Mukalla and Al Fayyum.,0
Exactly 2 of the following cities are in the same country: Mersin and Erzurum.,1
Exactly 2 of the following cities are in the same country: Guangyuan and Theni.,0
Exactly 2 of the following cities are in the same country: Visakhapatnam and Makassar.,0
Exactly 2 of the following cities are in the same country: Shenyang and Baghdad.,0
Exactly 2 of the following cities are in the same country: Batam and Makassar.,1
Exactly 2 of the following cities are in the same country: Quito and Serang.,0
Exactly 2 of the following cities are in the same country: Bhiwandi and Zagreb.,0
Exactly 2 of the following cities are in the same country: Hwaseong-si and Bucheon-si.,1
Exactly 2 of the following cities are in the same country: Naucalpan de Juarez and San Luis Potosi.,1
Exactly 2 of the following cities are in the same country: Zhangjiagang and Zhangzhou.,1
Exactly 2 of the following cities are in the same country: Nampula and Cheonan.,0
Exactly 2 of the following cities are in the same country: Kyiv and Tolyatti.,0
Exactly 2 of the following cities are in the same country: Lyon and Serang.,0
Exactly 2 of the following cities are in the same country: Battagram and Muzaffarabad.,1
Exactly 2 of the following cities are in the same country: Dhanbad and Kanayannur.,1
Exactly 2 of the following cities are in the same country: Helsinki and Oyo.,0
Exactly 2 of the following cities are in the same country: Makhachkala and Rostov-na-Donu.,1
Exactly 2 of the following cities are in the same country: Jakarta and Denpasar.,1
Exactly 2 of the following cities are in the same country: Nay Pyi Taw and Fushun.,0
Exactly 2 of the following cities are in the same country: Krasnoyarsk and Huzhou.,0
Exactly 2 of the following cities are in the same country: Uskudar and Klang.,0
Exactly 2 of the following cities are in the same country: Irkutsk and Kunming.,0
Exactly 2 of the following cities are in the same country: Bagcilar and Malatya.,1
Exactly 2 of the following cities are in the same country: Tangerang and Batam.,1
Exactly 2 of the following cities are in the same country: Nanded and Lanzhou.,0
Exactly 2 of the following cities are in the same country: Irkutsk and Nizhniy Novgorod.,1
Exactly 2 of the following cities are in the same country: Chenzhou and Shangyu.,1
Exactly 2 of the following cities are in the same country: Penza and Ya'an.,0
Exactly 2 of the following cities are in the same country: Albuquerque and Detroit.,1
Exactly 2 of the following cities are in the same country: Binzhou and Hamhung.,0
Exactly 2 of the following cities are in the same country: Kharkiv and Sevastopol.,1
Exactly 2 of the following cities are in the same country: Jos and Onitsha.,1
Exactly 2 of the following cities are in the same country: Maracaibo and Fortaleza.,0
Exactly 2 of the following cities are in the same country: Mar del Plata and Salta.,1
Exactly 2 of the following cities are in the same country: Tokyo and Hiroshima.,1
Exactly 2 of the following cities are in the same country: Kobe and Saitama.,1
Exactly 2 of the following cities are in the same country: Dammam and Novokuznetsk.,0
Exactly 2 of the following cities are in the same country: Kotli and Faisalabad.,1
Exactly 2 of the following cities are in the same country: Macapa and Puducherry.,0
Exactly 2 of the following cities are in the same country: Himeji and Tangshan.,0
Exactly 2 of the following cities are in the same country: Adana and Gaziantep.,1
Exactly 2 of the following cities are in the same country: Bhubaneswar and Borivli.,1
Exactly 2 of the following cities are in the same country: Giza and Mumbai.,0
Exactly 2 of the following cities are in the same country: Detroit and Seattle.,1
Exactly 2 of the following cities are in the same country: Hiroshima and Kumamoto.,1
Exactly 2 of the following cities are in the same country: Zhangjiakou and Korla.,1
Exactly 2 of the following cities are in the same country: Hiroshima and Saitama.,1
Exactly 2 of the following cities are in the same country: Mandalay and Nay Pyi Taw.,1
Exactly 2 of the following cities are in the same country: Tlalpan and Ecatepec de Morelos.,1
Exactly 2 of the following cities are in the same country: Khartoum and Namangan.,0
Exactly 2 of the following cities are in the same country: Goyang-si and Cheongju-si.,1
Exactly 2 of the following cities are in the same country: Fuxin and Brazzaville.,0
Exactly 2 of the following cities are in the same country: Belo Horizonte and Baghdad.,0
Exactly 2 of the following cities are in the same country: Cixi and Lilongwe.,0
Exactly 2 of the following cities are in the same country: Pontianak and Bhiwandi.,0
Exactly 2 of the following cities are in the same country: Kumasi and Hohhot.,0
Exactly 2 of the following cities are in the same country: Okayama and Zhaotong.,0
Exactly 2 of the following cities are in the same country: Maracaibo and Detroit.,0
Exactly 2 of the following cities are in the same country: Changchun and Palembang.,0
Exactly 2 of the following cities are in the same country: Belo Horizonte and Marseille.,0
Exactly 2 of the following cities are in the same country: Malacca and Johor Bahru.,1
Exactly 2 of the following cities are in the same country: Cheongju-si and Samarkand.,0
Exactly 2 of the following cities are in the same country: Tehran and Kermanshah.,1
Exactly 2 of the following cities are in the same country: Laibin and Las Pinas.,0
Exactly 2 of the following cities are in the same country: Sambhaji Nagar and Port-au-Prince.,0
Exactly 2 of the following cities are in the same country: Hannover and Duesseldorf.,1
Exactly 2 of the following cities are in the same country: Esenler and Cangzhou.,0
Exactly 2 of the following cities are in the same country: Foshan and Tangshan.,1
Exactly 2 of the following cities are in the same country: Bursa and Bahcelievler.,1
Exactly 2 of the following cities are in the same country: Asmara and Shangqiu.,0
Exactly 2 of the following cities are in the same country: Esenler and Vilnius.,0
Exactly 2 of the following cities are in the same country: Okayama and Fukuoka.,1
Exactly 2 of the following cities are in the same country: Jakarta and Beirut.,0
Exactly 2 of the following cities are in the same country: Zarqa and Dortmund.,0
Exactly 2 of the following cities are in the same country: Mogadishu and Subang Jaya.,0
Exactly 2 of the following cities are in the same country: General Santos and Wroclaw.,0
Exactly 2 of the following cities are in the same country: Reynosa and Mexicali.,1
Exactly 2 of the following cities are in the same country: Al Mawsil al Jadidah and Kirkuk.,1
Exactly 2 of the following cities are in the same country: Madinat an Nasr and Asyut.,1
Exactly 2 of the following cities are in the same country: Naucalpan de Juarez and Yunfu.,0
Exactly 2 of the following cities are in the same country: Bandar Lampung and Kampala.,0
Exactly 2 of the following cities are in the same country: Bengaluru and Bareilly.,1
Exactly 2 of the following cities are in the same country: Huizhou and Qinzhou.,1
Exactly 2 of the following cities are in the same country: Sharjah and Dubai.,1
Exactly 2 of the following cities are in the same country: Ouagadougou and Managua.,0
Exactly 2 of the following cities are in the same country: Muzaffarabad and Karachi.,1
Exactly 2 of the following cities are in the same country: Frankfurt am Main and Hannover.,1
Exactly 2 of the following cities are in the same country: Ebute Ikorodu and Oyo.,1
Exactly 2 of the following cities are in the same country: Kryvyy Rih and Kyiv.,1
Exactly 2 of the following cities are in the same country: Abu Ghurayb and Al Mawsil al Jadidah.,1
Exactly 2 of the following cities are in the same country: Cixi and Port Said.,0
Exactly 2 of the following cities are in the same country: Nizhniy Novgorod and Jeddah.,0
Exactly 2 of the following cities are in the same country: Guarulhos and Teresina.,1
Exactly 2 of the following cities are in the same country: Pietermaritzburg and Pretoria.,1
Exactly 2 of the following cities are in the same country: Lu'an and Kanpur.,0
Exactly 2 of the following cities are in the same country: Kuala Lumpur and Kampung Baru Subang.,1
Exactly 2 of the following cities are in the same country: Guayaquil and Onitsha.,0
Exactly 2 of the following cities are in the same country: Mersin and Izmir.,1
Exactly 2 of the following cities are in the same country: Bloemfontein and Durban.,1
Exactly 2 of the following cities are in the same country: Kobe and Karol Bagh.,0
Exactly 2 of the following cities are in the same country: Narela and Hannover.,0
Exactly 2 of the following cities are in the same country: Goyang-si and Kimhae.,1
Exactly 2 of the following cities are in the same country: Siliguri and Bareilly.,1
Exactly 2 of the following cities are in the same country: Rahim Yar Khan and Faisalabad.,1
Exactly 2 of the following cities are in the same country: Petaling Jaya and Nanjing.,0
Exactly 2 of the following cities are in the same country: Ganzhou and Stockholm.,0
Exactly 2 of the following cities are in the same country: Abu Dhabi and Yaroslavl.,0
Exactly 2 of the following cities are in the same country: Hangzhou and Kigali.,0
Exactly 2 of the following cities are in the same country: Mandalay and Nagoya.,0
Exactly 2 of the following cities are in the same country: Recife and Abu Dhabi.,0
Exactly 2 of the following cities are in the same country: Xiangtan and Callao.,0
Exactly 2 of the following cities are in the same country: Benin City and Abeokuta.,1
Exactly 2 of the following cities are in the same country: Wroclaw and Dehra Dun.,0
Exactly 2 of the following cities are in the same country: Chicago and New York City.,1
Exactly 2 of the following cities are in the same country: Teresina and Urumqi.,0
Exactly 2 of the following cities are in the same country: Calgary and Quebec.,1
Exactly 2 of the following cities are in the same country: Naucalpan de Juarez and Ciudad Juarez.,1
Exactly 2 of the following cities are in the same country: Quetta and Johannesburg.,0
Exactly 2 of the following cities are in the same country: Kirkuk and Al Basrah al Qadimah.,1
Exactly 2 of the following cities are in the same country: Cucuta and Barranquilla.,1
Exactly 2 of the following cities are in the same country: Nuernberg and Kleinzschocher.,1
Exactly 2 of the following cities are in the same country: Rui'an and Changshu.,1
Exactly 2 of the following cities are in the same country: Marrakesh and Casablanca.,1
Exactly 2 of the following cities are in the same country: Caracas and Maracaibo.,1
Exactly 2 of the following cities are in the same country: Fukuoka and Himeji.,1
Exactly 2 of the following cities are in the same country: Odesa and Hengyang.,0
Exactly 2 of the following cities are in the same country: Cankaya and Istanbul.,1
Exactly 2 of the following cities are in the same country: Bagcilar and Eskisehir.,1
Exactly 2 of the following cities are in the same country: Incheon and Changwon.,1
Exactly 2 of the following cities are in the same country: Malang and Jakarta.,1
Exactly 2 of the following cities are in the same country: Okayama and San Pedro Sula.,0
Exactly 2 of the following cities are in the same country: Qinzhou and Cimahi.,0
Exactly 2 of the following cities are in the same country: Kuala Lumpur and Petaling Jaya.,1
Exactly 2 of the following cities are in the same country: Lu'an and Hanoi.,0
Exactly 2 of the following cities are in the same country: Matsuyama and Kobe.,1
Exactly 2 of the following cities are in the same country: Klang and General Santos.,0
Exactly 2 of the following cities are in the same country: Caloocan City and Davao.,1
Exactly 2 of the following cities are in the same country: Dandong and Zagreb.,0
Exactly 2 of the following cities are in the same country: Casablanca and Fes.,1
Exactly 2 of the following cities are in the same country: Al Fayyum and Port Said.,1
Exactly 2 of the following cities are in the same country: Klang and Malacca.,1
Exactly 2 of the following cities are in the same country: Longyan and Can Tho.,0
Exactly 2 of the following cities are in the same country: Seoul and Cheonan.,1
Exactly 2 of the following cities are in the same country: Huainan and Contagem.,0
Exactly 2 of the following cities are in the same country: Jiaxing and Harare.,0
Exactly 2 of the following cities are in the same country: Bagcilar and Kuantan.,0
Exactly 2 of the following cities are in the same country: Paranaque City and Kermanshah.,0
Exactly 2 of the following cities are in the same country: Karachi and Hefei.,0
Exactly 2 of the following cities are in the same country: Porto Alegre and Curitiba.,1
Exactly 2 of the following cities are in the same country: Nanjing and Jiujiang.,1
Exactly 2 of the following cities are in the same country: Sao Bernardo do Campo and Macapa.,1
Exactly 2 of the following cities are in the same country: Bhilai and Chennai.,1
Exactly 2 of the following cities are in the same country: Tijuana and Reynosa.,1
Exactly 2 of the following cities are in the same country: Petaling Jaya and Yichang.,0
Exactly 2 of the following cities are in the same country: Ningbo and Karachi.,0
Exactly 2 of the following cities are in the same country: Namangan and Indore.,0
Exactly 2 of the following cities are in the same country: Abu Dhabi and Kano.,0
Exactly 2 of the following cities are in the same country: Hegang and Sangli.,0
Exactly 2 of the following cities are in the same country: Wuzhou and Lyon.,0
Exactly 2 of the following cities are in the same country: Ribeirao Preto and Aracaju.,1
Exactly 2 of the following cities are in the same country: Oyo and Shenzhen.,0
Exactly 2 of the following cities are in the same country: Bien Hoa and Hanoi.,1
Exactly 2 of the following cities are in the same country: Nairobi and Odesa.,0
Exactly 2 of the following cities are in the same country: Sharjah and Al Ain City.,1
Exactly 2 of the following cities are in the same country: Enugu and Ilorin.,1
Exactly 2 of the following cities are in the same country: Detroit and Kumamoto.,0
Exactly 2 of the following cities are in the same country: Jaboatao dos Guararapes and Maceio.,1
Exactly 2 of the following cities are in the same country: Zahedan and Shiraz.,1
Exactly 2 of the following cities are in the same country: Ansan-si and Jeonju.,1
Exactly 2 of the following cities are in the same country: Nowrangapur and Jiaozuo.,0
Exactly 2 of the following cities are in the same country: Sanming and Kano.,0
Exactly 2 of the following cities are in the same country: Tashkent and Samarkand.,1
Exactly 2 of the following cities are in the same country: Chizhou and Dandong.,1
Exactly 2 of the following cities are in the same country: Basrah and Baghdad.,1
Exactly 2 of the following cities are in the same country: Naberezhnyye Chelny and Sharjah.,0
Exactly 2 of the following cities are in the same country: Kashgar and Bahcelievler.,0
Exactly 2 of the following cities are in the same country: Kano and Benin City.,1
Exactly 2 of the following cities are in the same country: Changchun and Antwerpen.,0
Exactly 2 of the following cities are in the same country: Ebute Ikorodu and Port Harcourt.,1
Exactly 2 of the following cities are in the same country: Baise and Karol Bagh.,0
Exactly 2 of the following cities are in the same country: Hannover and Cangzhou.,0
Exactly 2 of the following cities are in the same country: Dnipro and Lviv.,1
Exactly 2 of the following cities are in the same country: South Tangerang and Nuernberg.,0
Exactly 2 of the following cities are in the same country: Aparecida de Goiania and Manaus.,1
Exactly 2 of the following cities are in the same country: Changshu and New York City.,0
Exactly 2 of the following cities are in the same country: Hamadan and Pietermaritzburg.,0
Exactly 2 of the following cities are in the same country: Linfen and E'zhou.,1
Exactly 2 of the following cities are in the same country: Rahim Yar Khan and Changde.,0
Exactly 2 of the following cities are in the same country: Sevastopol and Nagoya.,0
Exactly 2 of the following cities are in the same country: Peshawar and Rahim Yar Khan.,1
Exactly 2 of the following cities are in the same country: Ebute Ikorodu and Ilorin.,1
Exactly 2 of the following cities are in the same country: Novosibirsk and Tabriz.,0
Exactly 2 of the following cities are in the same country: Muzaffarabad and Londrina.,0
Exactly 2 of the following cities are in the same country: Matola and Asuncion.,0
Exactly 2 of the following cities are in the same country: Indianapolis and E'zhou.,0
Exactly 2 of the following cities are in the same country: Pikine and Dakar.,1
Exactly 2 of the following cities are in the same country: Khabarovsk and Casablanca.,0
Exactly 2 of the following cities are in the same country: Maracay and Ciudad Guayana.,1
Exactly 2 of the following cities are in the same country: The Bronx and Albuquerque.,1
Exactly 2 of the following cities are in the same country: Novokuznetsk and Zhanjiang.,0
Exactly 2 of the following cities are in the same country: Shiraz and Kermanshah.,1
Exactly 2 of the following cities are in the same country: Xuchang and Cixi.,1
Exactly 2 of the following cities are in the same country: Quetta and Ulan Bator.,0
Exactly 2 of the following cities are in the same country: Gujranwala and Faisalabad.,1
Exactly 2 of the following cities are in the same country: Tangshan and Al Fayyum.,0
Exactly 2 of the following cities are in the same country: Balikpapan and Budapest.,0
Exactly 2 of the following cities are in the same country: Bagcilar and Mersin.,1
Exactly 2 of the following cities are in the same country: Kanpur and Jinan.,0
Exactly 2 of the following cities are in the same country: Kunshan and Stockholm.,0
Exactly 2 of the following cities are in the same country: Aparecida de Goiania and The Bronx.,0
Exactly 2 of the following cities are in the same country: Ar Raqqah and Kuantan.,0
Exactly 2 of the following cities are in the same country: Madinat an Nasr and Giza.,1
Exactly 2 of the following cities are in the same country: Maceio and Sao Jose dos Campos.,1
Exactly 2 of the following cities are in the same country: Tembisa and Benoni.,1
Exactly 2 of the following cities are in the same country: Nouakchott and Hiroshima.,0
Exactly 2 of the following cities are in the same country: Juiz de Fora and Torreon.,0
Exactly 2 of the following cities are in the same country: Kigali and Baotou.,0
Exactly 2 of the following cities are in the same country: Penza and Irkutsk.,1
Exactly 2 of the following cities are in the same country: Sangli and Binzhou.,0
Exactly 2 of the following cities are in the same country: Ufa and Ningbo.,0
Exactly 2 of the following cities are in the same country: Lahore and Peshawar.,1
Exactly 2 of the following cities are in the same country: Kharkiv and Odesa.,1
Exactly 2 of the following cities are in the same country: Yongzhou and Suining.,1
Exactly 2 of the following cities are in the same country: Kimhae and Nizhniy Novgorod.,0
Exactly 2 of the following cities are in the same country: Ciudad Nezahualcoyotl and Fortaleza.,0
Exactly 2 of the following cities are in the same country: Caracas and Tebessa.,0
Exactly 2 of the following cities are in the same country: Leipzig and Santiago de los Caballeros.,0
Exactly 2 of the following cities are in the same country: Zhumadian and Surakarta.,0
Exactly 2 of the following cities are in the same country: Johannesburg and Joao Pessoa.,0
Exactly 2 of the following cities are in the same country: Curitiba and Tangshan.,0
Exactly 2 of the following cities are in the same country: Xiangtan and Joao Pessoa.,0
Exactly 2 of the following cities are in the same country: Matola and Tangier.,0
Exactly 2 of the following cities are in the same country: Sambhaji Nagar and Samarkand.,0
Exactly 2 of the following cities are in the same country: Tianjin and Belo Horizonte.,0
Exactly 2 of the following cities are in the same country: Bulawayo and Tebessa.,0
Exactly 2 of the following cities are in the same country: Marrakesh and Cotonou.,0
Exactly 2 of the following cities are in the same country: Frankfurt am Main and Mosul.,0
Exactly 2 of the following cities are in the same country: Londrina and Voronezh.,0
Exactly 2 of the following cities are in the same country: Amritsar and Sao Jose dos Campos.,0
Exactly 2 of the following cities are in the same country: Las Pinas and Caloocan City.,1
Exactly 2 of the following cities are in the same country: Riga and Maceio.,0
Exactly 2 of the following cities are in the same country: Sapporo and Kuantan.,0
Exactly 2 of the following cities are in the same country: Karachi and Faisalabad.,1
Exactly 2 of the following cities are in the same country: Samarinda and Jakarta.,1
Exactly 2 of the following cities are in the same country: Al Fayyum and Suez.,1
Exactly 2 of the following cities are in the same country: Orumiyeh and Karaj.,1
Exactly 2 of the following cities are in the same country: Port Harcourt and Turin.,0
Exactly 2 of the following cities are in the same country: Omsk and Santiago de los Caballeros.,0
Exactly 2 of the following cities are in the same country: General Santos and Cape Town.,0
Exactly 2 of the following cities are in the same country: Sevastopol and Dnipro.,1
Exactly 2 of the following cities are in the same country: Lusaka and Xuzhou.,0
Exactly 2 of the following cities are in the same country: Caloocan City and Abidjan.,0
Exactly 2 of the following cities are in the same country: Jabalpur and Krakow.,0
Exactly 2 of the following cities are in the same country: Anyang-si and Queens.,0
Exactly 2 of the following cities are in the same country: Namangan and Samarkand.,1
Exactly 2 of the following cities are in the same country: Porto Alegre and Duque de Caxias.,1
Exactly 2 of the following cities are in the same country: Subang Jaya and Shah Alam.,1
Exactly 2 of the following cities are in the same country: Bhilai and Mumbai.,1
Exactly 2 of the following cities are in the same country: Surat and Huaibei.,0
Exactly 2 of the following cities are in the same country: Gwalior and Al Fayyum.,0
Exactly 2 of the following cities are in the same country: Voronezh and Kalininskiy.,1
Exactly 2 of the following cities are in the same country: Kotli and Rawalpindi.,1
Exactly 2 of the following cities are in the same country: Hamadan and Orumiyeh.,1
Exactly 2 of the following cities are in the same country: Ulyanovsk and Mexicali.,0
Exactly 2 of the following cities are in the same country: Bandar Lampung and Balikpapan.,1
Exactly 2 of the following cities are in the same country: Daqing and Caloocan City.,0
Exactly 2 of the following cities are in the same country: Nova Iguacu and Zigong.,0
Exactly 2 of the following cities are in the same country: Nizhniy Novgorod and Krasnoyarsk.,1
Exactly 2 of the following cities are in the same country: Huaihua and Aden.,0
Exactly 2 of the following cities are in the same country: Al Fayyum and Kunming.,0
Exactly 2 of the following cities are in the same country: Mexico City and Kampala.,0
Exactly 2 of the following cities are in the same country: Banjarmasin and Jilin.,0
Exactly 2 of the following cities are in the same country: Tangerang and Kumasi.,0
Exactly 2 of the following cities are in the same country: Santiago de Queretaro and Soweto.,0
Exactly 2 of the following cities are in the same country: Jeddah and Dammam.,1
Exactly 2 of the following cities are in the same country: Milwaukee and Albuquerque.,1
Exactly 2 of the following cities are in the same country: Zhuzhou and Kallakurichi.,0
Exactly 2 of the following cities are in the same country: Dubai and Al Ain City.,1
Exactly 2 of the following cities are in the same country: Sarajevo and Kallakurichi.,0
Exactly 2 of the following cities are in the same country: Shantou and Karachi.,0
Exactly 2 of the following cities are in the same country: Tomsk and Bangkok.,0
Exactly 2 of the following cities are in the same country: Guatemala City and Mukalla.,0
Exactly 2 of the following cities are in the same country: Bengaluru and Florianopolis.,0
Exactly 2 of the following cities are in the same country: Bursa and Benin City.,0
Exactly 2 of the following cities are in the same country: Istanbul and Battagram.,0
Exactly 2 of the following cities are in the same country: Cankaya and Sharjah.,0
Exactly 2 of the following cities are in the same country: Bayannur and Shah Alam.,0
Exactly 2 of the following cities are in the same country: Chicago and Rawalpindi.,0
Exactly 2 of the following cities are in the same country: Bengaluru and Kanpur.,1
Exactly 2 of the following cities are in the same country: Porto Velho and Sao Paulo.,1
Exactly 2 of the following cities are in the same country: Fukuoka and Oyo.,0
Exactly 2 of the following cities are in the same country: Dammam and Tangshan.,0
Exactly 2 of the following cities are in the same country: Jakarta and Shivaji Nagar.,0
Exactly 2 of the following cities are in the same country: Huaihua and Anyang-si.,0
Exactly 2 of the following cities are in the same country: Ciudad Nezahualcoyotl and Sao Bernardo do Campo.,0
Exactly 2 of the following cities are in the same country: Cebu City and Makati City.,1
Exactly 2 of the following cities are in the same country: Tangerang and Bhopal.,0
Exactly 2 of the following cities are in the same country: Adana and Bursa.,1
Exactly 2 of the following cities are in the same country: Tabriz and Tehran.,1
Exactly 2 of the following cities are in the same country: Najafgarh and Chenzhou.,0
Exactly 2 of the following cities are in the same country: Huaihua and Surat.,0
Exactly 2 of the following cities are in the same country: Suwon and Cheonan.,1
Exactly 2 of the following cities are in the same country: Santo Domingo Oeste and Kleinzschocher.,0
Exactly 2 of the following cities are in the same country: Victoria de Durango and Tlaquepaque.,1
Exactly 2 of the following cities are in the same country: Can Tho and Neijiang.,0
Exactly 2 of the following cities are in the same country: Lahore and Faisalabad.,1
Exactly 2 of the following cities are in the same country: Madinat an Nasr and Foshan.,0
Exactly 2 of the following cities are in the same country: Johannesburg and Bloemfontein.,1
Exactly 2 of the following cities are in the same country: Najran and Al Mahallah al Kubra.,0
Exactly 2 of the following cities are in the same country: Tangier and Fes.,1
Exactly 2 of the following cities are in the same country: Daejeon and Incheon.,1
Exactly 2 of the following cities are in the same country: Asuncion and Huaihua.,0
Exactly 2 of the following cities are in the same country: Zahedan and Brazzaville.,0
Exactly 2 of the following cities are in the same country: Volgograd and Khabarovsk.,1
Exactly 2 of the following cities are in the same country: Zhangye and New York City.,0
Exactly 2 of the following cities are in the same country: Rourkela and Kanayannur.,1
Exactly 2 of the following cities are in the same country: Nampula and Beira.,1
Exactly 2 of the following cities are in the same country: Quetta and Faisalabad.,1
Exactly 2 of the following cities are in the same country: Bishkek and Nashik.,0
Exactly 2 of the following cities are in the same country: Nampula and Maputo.,1
Exactly 2 of the following cities are in the same country: Istanbul and Kayseri.,1
Exactly 2 of the following cities are in the same country: Chelyabinsk and Duque de Caxias.,0
Exactly 2 of the following cities are in the same country: Jilin and Ilorin.,0
Exactly 2 of the following cities are in the same country: Rohini and Chisinau.,0
Exactly 2 of the following cities are in the same country: Cuttack and Cucuta.,0
Exactly 2 of the following cities are in the same country: Surakarta and Balikpapan.,1
Exactly 2 of the following cities are in the same country: Mudanjiang and Ibadan.,0
Exactly 2 of the following cities are in the same country: Balikpapan and Batam.,1
Exactly 2 of the following cities are in the same country: Cape Town and Tembisa.,1
Exactly 2 of the following cities are in the same country: Tangier and Bouake.,0
Exactly 2 of the following cities are in the same country: Warri and Bauchi.,1
Exactly 2 of the following cities are in the same country: Manaus and Puning.,0
Exactly 2 of the following cities are in the same country: Chuzhou and Shiraz.,0
Exactly 2 of the following cities are in the same country: Paranaque City and Caloocan City.,1
Exactly 2 of the following cities are in the same country: Zibo and Ha'il.,0
Exactly 2 of the following cities are in the same country: Liupanshui and Kigali.,0
Exactly 2 of the following cities are in the same country: Karachi and Islamabad.,1
Exactly 2 of the following cities are in the same country: Zarqa and Amman.,1
Exactly 2 of the following cities are in the same country: Kumamoto and Luancheng.,0
Exactly 2 of the following cities are in the same country: Can Tho and Da Nang.,1
Exactly 2 of the following cities are in the same country: Shubra al Khaymah and Rourkela.,0
Exactly 2 of the following cities are in the same country: Kyiv and Lviv.,1
Exactly 2 of the following cities are in the same country: Tashkent and Mudanjiang.,0
Exactly 2 of the following cities are in the same country: Al Mawsil al Jadidah and Hegang.,0
Exactly 2 of the following cities are in the same country: Poznan and Jieyang.,0
Exactly 2 of the following cities are in the same country: Shubra al Khaymah and Zhumadian.,0
Exactly 2 of the following cities are in the same country: Al Mahallah al Kubra and Al Fayyum.,1
Exactly 2 of the following cities are in the same country: Izmir and Cankaya.,1
Exactly 2 of the following cities are in the same country: Pontianak and Jakarta.,1
Exactly 2 of the following cities are in the same country: Daejeon and Changwon.,1
Exactly 2 of the following cities are in the same country: Cheongju-si and Cheonan.,1
Exactly 2 of the following cities are in the same country: Jeddah and New York City.,0
Exactly 2 of the following cities are in the same country: Thane and Tirunelveli.,1
Exactly 2 of the following cities are in the same country: Hegang and Yaroslavl.,0
Exactly 2 of the following cities are in the same country: Port Harcourt and Warri.,1
Exactly 2 of the following cities are in the same country: Voronezh and Krasnodar.,1
Exactly 2 of the following cities are in the same country: Rahim Yar Khan and Mosul.,0
Exactly 2 of the following cities are in the same country: Irkutsk and Qom.,0
Exactly 2 of the following cities are in the same country: Guayaquil and Hwaseong-si.,0
Exactly 2 of the following cities are in the same country: Pretoria and Johannesburg.,1
Exactly 2 of the following cities are in the same country: Lodz and Wroclaw.,1
Exactly 2 of the following cities are in the same country: Deyang and Changwon.,0
Exactly 2 of the following cities are in the same country: Astrakhan and Tiruchirappalli.,0
Exactly 2 of the following cities are in the same country: Bouake and Nyala.,0
Exactly 2 of the following cities are in the same country: Pretoria and Soweto.,1
Exactly 2 of the following cities are in the same country: Prayagraj and Weifang.,0
Exactly 2 of the following cities are in the same country: Macapa and Liaocheng.,0
Exactly 2 of the following cities are in the same country: Qiqihar and Tiruchirappalli.,0
Exactly 2 of the following cities are in the same country: Theni and Weifang.,0
Exactly 2 of the following cities are in the same country: Odesa and Kyiv.,1
Exactly 2 of the following cities are in the same country: Hezhou and Yiwu.,1
Exactly 2 of the following cities are in the same country: Libreville and Harbin.,0
Exactly 2 of the following cities are in the same country: Narela and Tiruppur.,1
Exactly 2 of the following cities are in the same country: Voronezh and Ulyanovsk.,1
Exactly 2 of the following cities are in the same country: Narela and Faisalabad.,0
Exactly 2 of the following cities are in the same country: Ha'il and Bhayandar.,0
Exactly 2 of the following cities are in the same country: Varanasi and Bucharest.,0
Exactly 2 of the following cities are in the same country: Petaling Jaya and Dombivli.,0
Exactly 2 of the following cities are in the same country: Huaihua and Hebi.,1
Exactly 2 of the following cities are in the same country: Kryvyy Rih and Lviv.,1
Exactly 2 of the following cities are in the same country: Sanya and Hanoi.,0
Exactly 2 of the following cities are in the same country: Irbid and Gold Coast.,0
Exactly 2 of the following cities are in the same country: Anshun and Turin.,0
Exactly 2 of the following cities are in the same country: Xuchang and Jaboatao.,0
Exactly 2 of the following cities are in the same country: Benin City and Onitsha.,1
Exactly 2 of the following cities are in the same country: Aleppo and Homs.,1
Exactly 2 of the following cities are in the same country: New South Memphis and Seattle.,1
Exactly 2 of the following cities are in the same country: Paranaque City and Hegang.,0
Exactly 2 of the following cities are in the same country: Hachioji and Osaka.,1
Exactly 2 of the following cities are in the same country: Uberlandia and Duque de Caxias.,1
Exactly 2 of the following cities are in the same country: Santo Domingo Oeste and Santiago de los Caballeros.,1
Exactly 2 of the following cities are in the same country: Kampala and Tegucigalpa.,0
Exactly 2 of the following cities are in the same country: Malacca and Kuala Lumpur.,1
Exactly 2 of the following cities are in the same country: Bahawalpur and Sargodha.,1
Exactly 2 of the following cities are in the same country: Saint Petersburg and Tomsk.,1
Exactly 2 of the following cities are in the same country: Kakamega and Samarkand.,0
Exactly 2 of the following cities are in the same country: San Pedro Sula and Tegucigalpa.,1
Exactly 2 of the following cities are in the same country: Florianopolis and Sorocaba.,1
Exactly 2 of the following cities are in the same country: Xiamen and Mazar-e Sharif.,0
Exactly 2 of the following cities are in the same country: Bahawalpur and Rawalpindi.,1
Exactly 2 of the following cities are in the same country: Arak and Ahvaz.,1
Exactly 2 of the following cities are in the same country: Irbid and Khartoum.,0
Exactly 2 of the following cities are in the same country: Acapulco de Juarez and Yiwu.,0
Exactly 2 of the following cities are in the same country: Chongqing and Batam.,0
Exactly 2 of the following cities are in the same country: Abu Dhabi and Multan.,0
Exactly 2 of the following cities are in the same country: New South Memphis and Oklahoma City.,1
Exactly 2 of the following cities are in the same country: Wanxian and Tashkent.,0
Exactly 2 of the following cities are in the same country: Zhoushan and Barquisimeto.,0
Exactly 2 of the following cities are in the same country: Addis Ababa and Tomsk.,0
Exactly 2 of the following cities are in the same country: Nuernberg and Duesseldorf.,1
Exactly 2 of the following cities are in the same country: Nasiriyah and Basrah.,1
Exactly 2 of the following cities are in the same country: N'Djamena and Mar del Plata.,0
Exactly 2 of the following cities are in the same country: Kobe and Paranaque City.,0
Exactly 2 of the following cities are in the same country: Krasnoyarsk and Ibadan.,0
Exactly 2 of the following cities are in the same country: Fukuoka and Hiroshima.,1
Exactly 2 of the following cities are in the same country: Al Fayyum and Shubra al Khaymah.,1
Exactly 2 of the following cities are in the same country: Kermanshah and Zahedan.,1
Exactly 2 of the following cities are in the same country: Oyo and Zaria.,1
Exactly 2 of the following cities are in the same country: Boumerdes and Beijing.,0
Exactly 2 of the following cities are in the same country: Cochin and Benoni.,0
Exactly 2 of the following cities are in the same country: Korla and Pingdingshan.,1
Exactly 2 of the following cities are in the same country: Ilorin and Changde.,0
Exactly 2 of the following cities are in the same country: Tlaquepaque and Ciudad Nezahualcoyotl.,1
Exactly 2 of the following cities are in the same country: Tokyo and Matsuyama.,1
Exactly 2 of the following cities are in the same country: Xianning and Kobe.,0
Exactly 2 of the following cities are in the same country: Bujumbura and General Santos.,0
Exactly 2 of the following cities are in the same country: Shaoxing and General Santos.,0
Exactly 2 of the following cities are in the same country: Zunyi and Kanayannur.,0
Exactly 2 of the following cities are in the same country: Reynosa and Coyoacan.,1
Exactly 2 of the following cities are in the same country: Seoul and Addis Ababa.,0
Exactly 2 of the following cities are in the same country: Gold Coast and Sao Bernardo do Campo.,0
Exactly 2 of the following cities are in the same country: Mississauga and Quebec.,1
Exactly 2 of the following cities are in the same country: Sambhaji Nagar and Xiangtan.,0
Exactly 2 of the following cities are in the same country: Gaziantep and Istanbul.,1
Exactly 2 of the following cities are in the same country: Tijuana and Mexico City.,1
Exactly 2 of the following cities are in the same country: Daejeon and Faisalabad.,0
Exactly 2 of the following cities are in the same country: Tashkent and Palembang.,0
Exactly 2 of the following cities are in the same country: Bijie and Turin.,0
Exactly 2 of the following cities are in the same country: Kunming and Longyan.,1
Exactly 2 of the following cities are in the same country: Anqing and Kanayannur.,0
Exactly 2 of the following cities are in the same country: Dhanbad and Nagoya.,0
Exactly 2 of the following cities are in the same country: Tijuana and Jiaozuo.,0
Exactly 2 of the following cities are in the same country: Zaporizhzhya and Jeonju.,0
Exactly 2 of the following cities are in the same country: Cheonan and Kemerovo.,0
Exactly 2 of the following cities are in the same country: Seongnam-si and Incheon.,1
Exactly 2 of the following cities are in the same country: Ryazan' and Chelyabinsk.,1
Exactly 2 of the following cities are in the same country: Abobo and Bouake.,1
Exactly 2 of the following cities are in the same country: Calgary and Winnipeg.,1
Exactly 2 of the following cities are in the same country: Aguascalientes and Iztapalapa.,1
Exactly 2 of the following cities are in the same country: Algiers and Boumerdes.,1
Exactly 2 of the following cities are in the same country: Santo Domingo Este and Santiago de los Caballeros.,1
Exactly 2 of the following cities are in the same country: Fes and Meknes.,1
Exactly 2 of the following cities are in the same country: New York City and Tucson.,1
Exactly 2 of the following cities are in the same country: Kota Kinabalu and Malacca.,1
Exactly 2 of the following cities are in the same country: Ilorin and Wanning.,0
Exactly 2 of the following cities are in the same country: Quetta and Muzaffarabad.,1
Exactly 2 of the following cities are in the same country: Dar es Salaam and Aparecida de Goiania.,0
Exactly 2 of the following cities are in the same country: Tehran and Rajkot.,0
Exactly 2 of the following cities are in the same country: Maracaibo and Barquisimeto.,1
Exactly 2 of the following cities are in the same country: Islamabad and Peshawar.,1
Exactly 2 of the following cities are in the same country: Cimahi and Kumasi.,0
Exactly 2 of the following cities are in the same country: Cotonou and Soweto.,0
Exactly 2 of the following cities are in the same country: Pyongyang and General Santos.,0
Exactly 2 of the following cities are in the same country: Jos and Ilorin.,1
Exactly 2 of the following cities are in the same country: Karol Bagh and Mogadishu.,0
Exactly 2 of the following cities are in the same country: Santa Maria Chimalhuacan and Port Said.,0
Exactly 2 of the following cities are in the same country: Sapporo and Kagoshima.,1
Exactly 2 of the following cities are in the same country: Kuala Lumpur and Ipoh.,1
Exactly 2 of the following cities are in the same country: Xining and Krakow.,0
Exactly 2 of the following cities are in the same country: Pontianak and Malang.,1
Exactly 2 of the following cities are in the same country: Arak and Kahriz.,1
Exactly 2 of the following cities are in the same country: Isfahan and Matola.,0
Exactly 2 of the following cities are in the same country: Erzurum and Cankaya.,1
Exactly 2 of the following cities are in the same country: Peshawar and Gujranwala.,1
Exactly 2 of the following cities are in the same country: Eskisehir and Busan.,0
Exactly 2 of the following cities are in the same country: Hachioji and Neijiang.,0
Exactly 2 of the following cities are in the same country: Ecatepec de Morelos and Kalyan.,0
Exactly 2 of the following cities are in the same country: Kampung Baru Subang and Kuantan.,1
Exactly 2 of the following cities are in the same country: Saratov and Saint Petersburg.,1
Exactly 2 of the following cities are in the same country: Florianopolis and Macapa.,1
Exactly 2 of the following cities are in the same country: Kyoto and Hamamatsu.,1
Exactly 2 of the following cities are in the same country: Kozhikode and Solapur.,1
Exactly 2 of the following cities are in the same country: Marrakesh and Goyang-si.,0
Exactly 2 of the following cities are in the same country: Irkutsk and Iztapalapa.,0
Exactly 2 of the following cities are in the same country: Ta'if and Kisangani.,0
Exactly 2 of the following cities are in the same country: Quito and Shaoguan.,0
Exactly 2 of the following cities are in the same country: Sapporo and Shizuoka.,1
Exactly 2 of the following cities are in the same country: Hanzhong and Goyang-si.,0
Exactly 2 of the following cities are in the same country: Tehran and Krakow.,0
Exactly 2 of the following cities are in the same country: Bhayandar and Al Mawsil al Jadidah.,0
Exactly 2 of the following cities are in the same country: Milwaukee and Yangquan.,0
Exactly 2 of the following cities are in the same country: Huzhou and Multan.,0
Exactly 2 of the following cities are in the same country: Zahedan and Kashgar.,0
Exactly 2 of the following cities are in the same country: Abeokuta and Oyo.,1
Exactly 2 of the following cities are in the same country: Queens and Oklahoma City.,1
Exactly 2 of the following cities are in the same country: Petaling Jaya and Sokoto.,0
Exactly 2 of the following cities are in the same country: Bikaner and Lodz.,0
Exactly 2 of the following cities are in the same country: Saitama and Shizuoka.,1
Exactly 2 of the following cities are in the same country: Nasiriyah and Bilimora.,0
Exactly 2 of the following cities are in the same country: Battagram and Faisalabad.,1
Exactly 2 of the following cities are in the same country: Kumasi and Omdurman.,0
Exactly 2 of the following cities are in the same country: Sanaa and Surat.,0
Exactly 2 of the following cities are in the same country: Chicago and Oklahoma City.,1
Exactly 2 of the following cities are in the same country: Ciudad Nezahualcoyotl and Cancun.,1
Exactly 2 of the following cities are in the same country: Maputo and Beira.,1
Exactly 2 of the following cities are in the same country: Sevastopol and Binzhou.,0
Exactly 2 of the following cities are in the same country: Tebessa and Algiers.,1
Exactly 2 of the following cities are in the same country: Changwon and Seoul.,1
Exactly 2 of the following cities are in the same country: Abu Ghurayb and Tembisa.,0
Exactly 2 of the following cities are in the same country: Rui'an and Bucharest.,0
Exactly 2 of the following cities are in the same country: Daqing and Soweto.,0
Exactly 2 of the following cities are in the same country: Jeddah and Mexico City.,0
Exactly 2 of the following cities are in the same country: Marseille and Lyon.,1
Exactly 2 of the following cities are in the same country: Kermanshah and Suining.,0
Exactly 2 of the following cities are in the same country: Krasnoyarsk and Grosszschocher.,0
Exactly 2 of the following cities are in the same country: Guangzhou and Sangli.,0
Exactly 2 of the following cities are in the same country: Zhangjiakou and Palembang.,0
Exactly 2 of the following cities are in the same country: Benoni and Pretoria.,1
Exactly 2 of the following cities are in the same country: Jaboatao dos Guararapes and Brasilia.,1
Exactly 2 of the following cities are in the same country: Buraydah and Jeddah.,1
Exactly 2 of the following cities are in the same country: Ciudad Guayana and Ecatepec de Morelos.,0
Exactly 2 of the following cities are in the same country: Ciudad Juarez and Ranchi.,0
Exactly 2 of the following cities are in the same country: Port Said and Bhavnagar.,0
Exactly 2 of the following cities are in the same country: Chelyabinsk and Lanzhou.,0
Exactly 2 of the following cities are in the same country: The Bronx and Queens.,1
Exactly 2 of the following cities are in the same country: Khartoum and Puning.,0
Exactly 2 of the following cities are in the same country: Khartoum and Nyala.,1
Exactly 2 of the following cities are in the same country: Serang and Cimahi.,1
Exactly 2 of the following cities are in the same country: Pekanbaru and Malang.,1
Exactly 2 of the following cities are in the same country: Aparecida de Goiania and Sao Paulo.,1
Exactly 2 of the following cities are in the same country: Mukalla and Ya'an.,0
Exactly 2 of the following cities are in the same country: Karaj and Shiraz.,1
Exactly 2 of the following cities are in the same country: Erzurum and Chennai.,0
Exactly 2 of the following cities are in the same country: Bishkek and Marrakesh.,0
Exactly 2 of the following cities are in the same country: Santiago de Queretaro and Arak.,0
Exactly 2 of the following cities are in the same country: Kryvyy Rih and Odesa.,1
Exactly 2 of the following cities are in the same country: Ta'if and Copenhagen.,0
Exactly 2 of the following cities are in the same country: Nanded and Laiwu.,0
Exactly 2 of the following cities are in the same country: Kotli and Peshawar.,1
Exactly 2 of the following cities are in the same country: Ansan-si and Daegu.,1
Exactly 2 of the following cities are in the same country: Naucalpan de Juarez and Tegucigalpa.,0
Exactly 2 of the following cities are in the same country: Meknes and Dakar.,0
Exactly 2 of the following cities are in the same country: Hamadan and Isfahan.,1
Exactly 2 of the following cities are in the same country: Guntur and Jaipur.,1
Exactly 2 of the following cities are in the same country: Sulaymaniyah and Al Mawsil al Jadidah.,1
Exactly 2 of the following cities are in the same country: Manaus and Maturin.,0
Exactly 2 of the following cities are in the same country: Davao and Cebu City.,1
Exactly 2 of the following cities are in the same country: Longyan and Hefei.,1
Exactly 2 of the following cities are in the same country: Ebute Ikorodu and Warri.,1
Exactly 2 of the following cities are in the same country: Kotli and Rangpur.,0
Exactly 2 of the following cities are in the same country: Pretoria and Cape Town.,1
Exactly 2 of the following cities are in the same country: Konya and Karbala.,0
Exactly 2 of the following cities are in the same country: Ryazan' and Sanaa.,0
Exactly 2 of the following cities are in the same country: Suwon and Tonghua.,0
Exactly 2 of the following cities are in the same country: Tyumen and Cancun.,0
Exactly 2 of the following cities are in the same country: Mukalla and Kashgar.,0
Exactly 2 of the following cities are in the same country: Adana and Caloocan City.,0
Exactly 2 of the following cities are in the same country: Sanaa and Al Hudaydah.,1
Exactly 2 of the following cities are in the same country: Matsuyama and Rostov-na-Donu.,0
Exactly 2 of the following cities are in the same country: Abuja and Dar es Salaam.,0
Exactly 2 of the following cities are in the same country: Zhaoqing and Cancun.,0
Exactly 2 of the following cities are in the same country: Quzhou and Douala.,0
Exactly 2 of the following cities are in the same country: Fort Worth and Oklahoma City.,1
Exactly 2 of the following cities are in the same country: Madurai and Nay Pyi Taw.,0
Exactly 2 of the following cities are in the same country: Kyoto and Niigata.,1
Exactly 2 of the following cities are in the same country: Tabriz and Zahedan.,1
Exactly 2 of the following cities are in the same country: Tolyatti and Khabarovsk.,1
Exactly 2 of the following cities are in the same country: Tabriz and Shanghai.,0
Exactly 2 of the following cities are in the same country: Rawalpindi and Mersin.,0
Exactly 2 of the following cities are in the same country: Mbuji-Mayi and Gaziantep.,0
Exactly 2 of the following cities are in the same country: Hiroshima and Hachioji.,1
Exactly 2 of the following cities are in the same country: Xianning and Sao Jose dos Campos.,0
Exactly 2 of the following cities are in the same country: Pietermaritzburg and Bloemfontein.,1
Exactly 2 of the following cities are in the same country: Mumbai and Dehra Dun.,1
Exactly 2 of the following cities are in the same country: Harare and Bulawayo.,1
Exactly 2 of the following cities are in the same country: Ciudad Nezahualcoyotl and Reynosa.,1
Exactly 2 of the following cities are in the same country: Tabriz and Shiraz.,1
Exactly 2 of the following cities are in the same country: Ar Raqqah and Aleppo.,1
Exactly 2 of the following cities are in the same country: Aktobe and Shymkent.,1
Exactly 2 of the following cities are in the same country: Al Ahmadi and Turin.,0
Exactly 2 of the following cities are in the same country: Ribeirao Preto and Odesa.,0
Exactly 2 of the following cities are in the same country: Contagem and Aracaju.,1
Exactly 2 of the following cities are in the same country: Uberlandia and Contagem.,1
Exactly 2 of the following cities are in the same country: Laibin and Bagcilar.,0
Exactly 2 of the following cities are in the same country: Culiacan and Victoria de Durango.,1
Exactly 2 of the following cities are in the same country: Goiania and Enugu.,0
Exactly 2 of the following cities are in the same country: Mukalla and Kyoto.,0
Exactly 2 of the following cities are in the same country: Marrakesh and Fes.,1
Exactly 2 of the following cities are in the same country: Guankou and Weihai.,1
Exactly 2 of the following cities are in the same country: Campos dos Goytacazes and Port Said.,0
Exactly 2 of the following cities are in the same country: Can Tho and Solapur.,0
Exactly 2 of the following cities are in the same country: Tehran and Kahriz.,1
Exactly 2 of the following cities are in the same country: Istanbul and Mersin.,1
Exactly 2 of the following cities are in the same country: Contagem and Juiz de Fora.,1
Exactly 2 of the following cities are in the same country: Kota Bharu and Klang.,1
Exactly 2 of the following cities are in the same country: Balikpapan and Jakarta.,1
Exactly 2 of the following cities are in the same country: Wuwei and Suez.,0
Exactly 2 of the following cities are in the same country: Makati City and Pasig City.,1
Exactly 2 of the following cities are in the same country: Guayaquil and Kaduna.,0
Exactly 2 of the following cities are in the same country: Detroit and Karol Bagh.,0
Exactly 2 of the following cities are in the same country: Benoni and Johannesburg.,1
Exactly 2 of the following cities are in the same country: Bhavnagar and Conakry.,0
Exactly 2 of the following cities are in the same country: Xingtai and Tiruppur.,0
Exactly 2 of the following cities are in the same country: Managua and Esenler.,0
Exactly 2 of the following cities are in the same country: Hegang and Suizhou.,1
Exactly 2 of the following cities are in the same country: Lipetsk and Port Said.,0
Exactly 2 of the following cities are in the same country: Hangzhou and Cixi.,1
Exactly 2 of the following cities are in the same country: Bijie and Yangon.,0
Exactly 2 of the following cities are in the same country: Ribeirao Preto and Kagoshima.,0
Exactly 2 of the following cities are in the same country: Theni and Shangqiu.,0
Exactly 2 of the following cities are in the same country: Meknes and Marrakesh.,1
Exactly 2 of the following cities are in the same country: Ankara and Esenler.,1
Exactly 2 of the following cities are in the same country: Pietermaritzburg and Suwon.,0
Exactly 2 of the following cities are in the same country: Kimhae and Tebessa.,0
Exactly 2 of the following cities are in the same country: Beira and Matola.,1
Exactly 2 of the following cities are in the same country: Ebute Ikorodu and Onitsha.,1
Exactly 2 of the following cities are in the same country: Palembang and Ankara.,0
Exactly 2 of the following cities are in the same country: Jambi City and E'zhou.,0
Exactly 2 of the following cities are in the same country: Cheonan and Yiwu.,0
Exactly 2 of the following cities are in the same country: Grosszschocher and Algiers.,0
Exactly 2 of the following cities are in the same country: Maturin and Nanchang.,0
Exactly 2 of the following cities are in the same country: Dammam and Najran.,1
Exactly 2 of the following cities are in the same country: Orumiyeh and Tehran.,1
Exactly 2 of the following cities are in the same country: Qiqihar and Nagoya.,0
Exactly 2 of the following cities are in the same country: Izmir and Kayseri.,1
Exactly 2 of the following cities are in the same country: Shangrao and Warri.,0
Exactly 2 of the following cities are in the same country: Jinan and Contagem.,0
Exactly 2 of the following cities are in the same country: Chiclayo and Callao.,1
Exactly 2 of the following cities are in the same country: Yekaterinburg and Makhachkala.,1
Exactly 2 of the following cities are in the same country: Cimahi and South Tangerang.,1
Exactly 2 of the following cities are in the same country: Kunming and Abuja.,0
Exactly 2 of the following cities are in the same country: Sanming and Ouagadougou.,0
Exactly 2 of the following cities are in the same country: Kahriz and Shiraz.,1
Exactly 2 of the following cities are in the same country: Quezon City and Lviv.,0
Exactly 2 of the following cities are in the same country: Al Mawsil al Jadidah and Basrah.,1
Exactly 2 of the following cities are in the same country: Cucuta and Rawalpindi.,0
Exactly 2 of the following cities are in the same country: Baghdad and Sulaymaniyah.,1
Exactly 2 of the following cities are in the same country: Borivli and Ouagadougou.,0
Exactly 2 of the following cities are in the same country: Shizuoka and Wroclaw.,0
Exactly 2 of the following cities are in the same country: Huaibei and Kashgar.,1
Exactly 2 of the following cities are in the same country: Hamhung and Fushun.,0
Exactly 2 of the following cities are in the same country: Okayama and Hiroshima.,1
Exactly 2 of the following cities are in the same country: Samarinda and Bekasi.,1
Exactly 2 of the following cities are in the same country: Fort Worth and Tucson.,1
Exactly 2 of the following cities are in the same country: Cancun and Madinat an Nasr.,0
Exactly 2 of the following cities are in the same country: Algiers and Chuzhou.,0
Exactly 2 of the following cities are in the same country: Kota Kinabalu and Klang.,1
Exactly 2 of the following cities are in the same country: Ciudad Juarez and Daegu.,0
Exactly 2 of the following cities are in the same country: Sao Jose dos Campos and Mexico City.,0
Exactly 2 of the following cities are in the same country: Maoming and Asansol.,0
Exactly 2 of the following cities are in the same country: Seongnam-si and Daegu.,1
Exactly 2 of the following cities are in the same country: Da Nang and Rio de Janeiro.,0
Exactly 2 of the following cities are in the same country: Weinan and Puente Alto.,0
Exactly 2 of the following cities are in the same country: Florianopolis and Maceio.,1
Exactly 2 of the following cities are in the same country: Kagoshima and Kyoto.,1
Exactly 2 of the following cities are in the same country: Karol Bagh and Dombivli.,1
Exactly 2 of the following cities are in the same country: Bandar Lampung and Malang.,1
Exactly 2 of the following cities are in the same country: Muzaffarabad and Gujranwala.,1
Exactly 2 of the following cities are in the same country: Mysore and Zaporizhzhya.,0
Exactly 2 of the following cities are in the same country: Kano and Onitsha.,1
Exactly 2 of the following cities are in the same country: Maceio and Manaus.,1
Exactly 2 of the following cities are in the same country: Malacca and Rangpur.,0
Exactly 2 of the following cities are in the same country: Florianopolis and Bogor.,0
Exactly 2 of the following cities are in the same country: Tonghua and Wroclaw.,0
Exactly 2 of the following cities are in the same country: Visakhapatnam and Bahawalpur.,0
Exactly 2 of the following cities are in the same country: Meerut and Enugu.,0
Exactly 2 of the following cities are in the same country: Belo Horizonte and Nouakchott.,0
Exactly 2 of the following cities are in the same country: Aleppo and Latakia.,1
Exactly 2 of the following cities are in the same country: Kagoshima and Kobe.,1
Exactly 2 of the following cities are in the same country: Naucalpan de Juarez and Krakow.,0
Exactly 2 of the following cities are in the same country: Pekanbaru and Jakarta.,1
Exactly 2 of the following cities are in the same country: Beijing and Karol Bagh.,0
Exactly 2 of the following cities are in the same country: Durban and Johannesburg.,1
Exactly 2 of the following cities are in the same country: Johannesburg and Soweto.,1
Exactly 2 of the following cities are in the same country: Lviv and Sevastopol.,1
Exactly 2 of the following cities are in the same country: Tucson and Jiaozhou.,0
Exactly 2 of the following cities are in the same country: Taiz and Shivaji Nagar.,0
Exactly 2 of the following cities are in the same country: Zhumadian and Heze.,1
Exactly 2 of the following cities are in the same country: Enugu and Winnipeg.,0
Exactly 2 of the following cities are in the same country: Matsuyama and Tabriz.,0
Exactly 2 of the following cities are in the same country: Abu Dhabi and Dubai.,1
Exactly 2 of the following cities are in the same country: Meknes and Tokyo.,0
Exactly 2 of the following cities are in the same country: Oklahoma City and Seattle.,1
Exactly 2 of the following cities are in the same country: Cebu City and Taguig.,1
Exactly 2 of the following cities are in the same country: Perm and Batam.,0
Exactly 2 of the following cities are in the same country: Najran and Ta'if.,1
Exactly 2 of the following cities are in the same country: Tokyo and Kagoshima.,1
Exactly 2 of the following cities are in the same country: Yiwu and Pekanbaru.,0
Exactly 2 of the following cities are in the same country: Erbil and Basrah.,1
Exactly 2 of the following cities are in the same country: Karachi and Multan.,1
Exactly 2 of the following cities are in the same country: Krakow and Maracaibo.,0
Exactly 2 of the following cities are in the same country: Naberezhnyye Chelny and Barnaul.,1
Exactly 2 of the following cities are in the same country: Chongqing and Soweto.,0
Exactly 2 of the following cities are in the same country: Lviv and Wenzhou.,0
Exactly 2 of the following cities are in the same country: Shiraz and Tyumen.,0
Exactly 2 of the following cities are in the same country: Aparecida de Goiania and Macapa.,1
Exactly 2 of the following cities are in the same country: Yekaterinburg and Irkutsk.,1
Exactly 2 of the following cities are in the same country: Serang and Guatemala City.,0
Exactly 2 of the following cities are in the same country: Kumamoto and Changshu.,0
Exactly 2 of the following cities are in the same country: Ryazan' and Penza.,1
Exactly 2 of the following cities are in the same country: Subang Jaya and Malacca.,1
Exactly 2 of the following cities are in the same country: Odesa and Mosul.,0
Exactly 2 of the following cities are in the same country: Ouagadougou and Jiamusi.,0
Exactly 2 of the following cities are in the same country: Ghaziabad and Tashkent.,0
Exactly 2 of the following cities are in the same country: Qingdao and Taguig.,0
Exactly 2 of the following cities are in the same country: Hanoi and Thuan An.,1
Exactly 2 of the following cities are in the same country: Karachi and Bahawalpur.,1
Exactly 2 of the following cities are in the same country: Aracaju and Goiania.,1
Exactly 2 of the following cities are in the same country: Palembang and Serang.,1
Exactly 2 of the following cities are in the same country: Addis Ababa and Sargodha.,0
Exactly 2 of the following cities are in the same country: Gaziantep and Kayseri.,1
Exactly 2 of the following cities are in the same country: Bucaramanga and Ibague.,1
Exactly 2 of the following cities are in the same country: Abuja and Jos.,1
Exactly 2 of the following cities are in the same country: Bhavnagar and Ghaziabad.,1
Exactly 2 of the following cities are in the same country: Shizuoka and Fukuoka.,1
Exactly 2 of the following cities are in the same country: Serang and Jakarta.,1
Exactly 2 of the following cities are in the same country: Gold Coast and Mombasa.,0
Exactly 2 of the following cities are in the same country: Ansan-si and Cheongju-si.,1
Exactly 2 of the following cities are in the same country: Dortmund and Leipzig.,1
Exactly 2 of the following cities are in the same country: Anyang-si and Seongnam-si.,1
Exactly 2 of the following cities are in the same country: Pasig City and General Santos.,1
Exactly 2 of the following cities are in the same country: Jambi City and Beijing.,0
Exactly 2 of the following cities are in the same country: Najafgarh and Minsk.,0
Exactly 2 of the following cities are in the same country: Puning and Huaibei.,1
Exactly 2 of the following cities are in the same country: Recife and Londrina.,1
Exactly 2 of the following cities are in the same country: Ibague and Cucuta.,1
Exactly 2 of the following cities are in the same country: Yangquan and Addis Ababa.,0
Exactly 2 of the following cities are in the same country: Ganzhou and Okayama.,0
Exactly 2 of the following cities are in the same country: Guntur and Vladivostok.,0
Exactly 2 of the following cities are in the same country: Malang and Palembang.,1
Exactly 2 of the following cities are in the same country: Putian and Jiamusi.,1
Exactly 2 of the following cities are in the same country: Nova Iguacu and Londrina.,1
Exactly 2 of the following cities are in the same country: Kyiv and Sevastopol.,1
Exactly 2 of the following cities are in the same country: Abu Ghurayb and Banjarmasin.,0
Exactly 2 of the following cities are in the same country: Jiujiang and Dubai.,0
Exactly 2 of the following cities are in the same country: Goyang-si and Nashik.,0
Exactly 2 of the following cities are in the same country: Wuhan and Quito.,0
Exactly 2 of the following cities are in the same country: Bien Hoa and Ho Chi Minh City.,1
Exactly 2 of the following cities are in the same country: Makati City and Kashgar.,0
Exactly 2 of the following cities are in the same country: Guankou and Copenhagen.,0
Exactly 2 of the following cities are in the same country: Jakarta and Krasnoyarsk.,0
Exactly 2 of the following cities are in the same country: Conakry and Zagreb.,0
Exactly 2 of the following cities are in the same country: Guarulhos and Meerut.,0
Exactly 2 of the following cities are in the same country: Bagcilar and Adana.,1
Exactly 2 of the following cities are in the same country: Putian and Hamhung.,0
Exactly 2 of the following cities are in the same country: Tokyo and Malatya.,0
Exactly 2 of the following cities are in the same country: Kawaguchi and Hiroshima.,1
Exactly 2 of the following cities are in the same country: Huangshi and Deyang.,1
Exactly 2 of the following cities are in the same country: Buraydah and Ta'if.,1
Exactly 2 of the following cities are in the same country: Lu'an and Dar es Salaam.,0
Exactly 2 of the following cities are in the same country: Koeln and Dortmund.,1
Exactly 2 of the following cities are in the same country: Hohhot and Prayagraj.,0
Exactly 2 of the following cities are in the same country: Benin City and Chuzhou.,0
Exactly 2 of the following cities are in the same country: Tehran and Shiraz.,1
Exactly 2 of the following cities are in the same country: Xuzhou and Khabarovsk.,0
Exactly 2 of the following cities are in the same country: Saint Petersburg and Chandigarh.,0
Exactly 2 of the following cities are in the same country: Visakhapatnam and Isfahan.,0
Exactly 2 of the following cities are in the same country: Cimahi and Pekanbaru.,1
Exactly 2 of the following cities are in the same country: Shijiazhuang and Guatemala City.,0
Exactly 2 of the following cities are in the same country: Batam and Cimahi.,1
Exactly 2 of the following cities are in the same country: Durban and Sanming.,0
Exactly 2 of the following cities are in the same country: Foshan and Mosul.,0
Exactly 2 of the following cities are in the same country: Kalyan and Meerut.,1
Exactly 2 of the following cities are in the same country: Esenler and Bahcelievler.,1
Exactly 2 of the following cities are in the same country: Petaling Jaya and Subang Jaya.,1
Exactly 2 of the following cities are in the same country: Frankfurt am Main and Guangyuan.,0
Exactly 2 of the following cities are in the same country: The Bronx and Milwaukee.,1
Exactly 2 of the following cities are in the same country: Nanjing and Brasilia.,0
Exactly 2 of the following cities are in the same country: Saratov and Yaroslavl.,1
Exactly 2 of the following cities are in the same country: Al Mawsil al Jadidah and Shivaji Nagar.,0
Exactly 2 of the following cities are in the same country: Nyala and Linyi.,0
Exactly 2 of the following cities are in the same country: Arak and Isfahan.,1
Exactly 2 of the following cities are in the same country: Sao Jose dos Campos and Rio de Janeiro.,1
Exactly 2 of the following cities are in the same country: Barquisimeto and Maracay.,1
Exactly 2 of the following cities are in the same country: Zahedan and Hamadan.,1
Exactly 2 of the following cities are in the same country: Kryvyy Rih and Chengdu.,0
Exactly 2 of the following cities are in the same country: Abeokuta and Bauchi.,1
Exactly 2 of the following cities are in the same country: Thuan An and Ho Chi Minh City.,1
Exactly 2 of the following cities are in the same country: Victoria de Durango and Dakar.,0
Exactly 2 of the following cities are in the same country: Contagem and Samarinda.,0
Exactly 2 of the following cities are in the same country: Liuzhou and Asansol.,0
Exactly 2 of the following cities are in the same country: Meknes and Agadir.,1
Exactly 2 of the following cities are in the same country: Contagem and Sao Jose dos Campos.,1
Exactly 2 of the following cities are in the same country: Beirut and Cape Town.,0
Exactly 2 of the following cities are in the same country: Antalya and Quezon City.,0
Exactly 2 of the following cities are in the same country: Agadir and Marrakesh.,1
Exactly 2 of the following cities are in the same country: Buraydah and Hangzhou.,0
Exactly 2 of the following cities are in the same country: Haiphong and Guiyang.,0
Exactly 2 of the following cities are in the same country: Chiclayo and Arequipa.,1
Exactly 2 of the following cities are in the same country: Rangpur and Rajshahi.,1
Exactly 2 of the following cities are in the same country: Kampala and Luancheng.,0
Exactly 2 of the following cities are in the same country: Ecatepec de Morelos and Torreon.,1
Exactly 2 of the following cities are in the same country: Bahawalpur and Multan.,1
Exactly 2 of the following cities are in the same country: Fort Worth and Milwaukee.,1
Exactly 2 of the following cities are in the same country: Asyut and Giza.,1
Exactly 2 of the following cities are in the same country: Sorocaba and Macapa.,1
Exactly 2 of the following cities are in the same country: Jalandhar and Abuja.,0
Exactly 2 of the following cities are in the same country: Thuan An and Da Nang.,1
Exactly 2 of the following cities are in the same country: Narela and Bareilly.,1
Exactly 2 of the following cities are in the same country: Aligarh and Sevastopol.,0
Exactly 2 of the following cities are in the same country: Hamamatsu and Niigata.,1
Exactly 2 of the following cities are in the same country: Osaka and Kobe.,1
Exactly 2 of the following cities are in the same country: Shubra al Khaymah and Abuja.,0
Exactly 2 of the following cities are in the same country: Haiphong and Da Nang.,1
Exactly 2 of the following cities are in the same country: Al Ain City and Aparecida de Goiania.,0
Exactly 2 of the following cities are in the same country: Handan and Arequipa.,0
Exactly 2 of the following cities are in the same country: Konya and Ziyang.,0
Exactly 2 of the following cities are in the same country: Madurai and Banjarmasin.,0
Exactly 2 of the following cities are in the same country: Suez and Madinat an Nasr.,1
Exactly 2 of the following cities are in the same country: Sanmenxia and Lviv.,0
Exactly 2 of the following cities are in the same country: Tehran and Shihezi.,0
Exactly 2 of the following cities are in the same country: Jieyang and Pretoria.,0
Exactly 2 of the following cities are in the same country: Makati City and Krasnoyarsk.,0
Exactly 2 of the following cities are in the same country: Kyoto and Matsuyama.,1
Exactly 2 of the following cities are in the same country: Ya'an and Ulan Bator.,0
Exactly 2 of the following cities are in the same country: Bamako and Yerevan.,0
Exactly 2 of the following cities are in the same country: Agadir and Fes.,1
Exactly 2 of the following cities are in the same country: Niamey and Irkutsk.,0
Exactly 2 of the following cities are in the same country: Chizhou and Taicang.,1
Exactly 2 of the following cities are in the same country: Kota Bharu and Jambi City.,0
Exactly 2 of the following cities are in the same country: Sao Paulo and Quzhou.,0
Exactly 2 of the following cities are in the same country: Sokoto and Kakamega.,0
Exactly 2 of the following cities are in the same country: Okayama and Shizuoka.,1
Exactly 2 of the following cities are in the same country: Kitakyushu and Saitama.,1
Exactly 2 of the following cities are in the same country: Pontianak and Serang.,1
Exactly 2 of the following cities are in the same country: Pasig City and Dubai.,0
Exactly 2 of the following cities are in the same country: Kleinzschocher and Grosszschocher.,1
Exactly 2 of the following cities are in the same country: Da Nang and Hanoi.,1
Exactly 2 of the following cities are in the same country: Albuquerque and Fort Worth.,1
Exactly 2 of the following cities are in the same country: Latakia and Ar Raqqah.,1
Exactly 2 of the following cities are in the same country: Quetta and Rawalpindi.,1
Exactly 2 of the following cities are in the same country: Shiraz and Latakia.,0
Exactly 2 of the following cities are in the same country: Mexico City and Pingliang.,0
Exactly 2 of the following cities are in the same country: Luzhou and Odesa.,0
Exactly 2 of the following cities are in the same country: Tianjin and Aguascalientes.,0
Exactly 2 of the following cities are in the same country: Kobe and Shizuoka.,1
Exactly 2 of the following cities are in the same country: Battagram and Nizhniy Novgorod.,0
Exactly 2 of the following cities are in the same country: Tianjin and Seongnam-si.,0
Exactly 2 of the following cities are in the same country: Ghaziabad and Jos.,0
Exactly 2 of the following cities are in the same country: Jakarta and Minsk.,0
Exactly 2 of the following cities are in the same country: Sanaa and Marseille.,0
Exactly 2 of the following cities are in the same country: Brazzaville and Munich.,0
Exactly 2 of the following cities are in the same country: Ranchi and Khartoum.,0
Exactly 2 of the following cities are in the same country: Al Mawsil al Jadidah and Baghdad.,1
Exactly 2 of the following cities are in the same country: Ta'if and Huainan.,0
Exactly 2 of the following cities are in the same country: Bareilly and Ufa.,0
Exactly 2 of the following cities are in the same country: Davao and Quezon City.,1
Exactly 2 of the following cities are in the same country: Jakarta and Kyiv.,0
Exactly 2 of the following cities are in the same country: Daejeon and Daegu.,1
Exactly 2 of the following cities are in the same country: Nouakchott and Batam.,0
Exactly 2 of the following cities are in the same country: Theni and Thane.,1
Exactly 2 of the following cities are in the same country: Istanbul and Konya.,1
Exactly 2 of the following cities are in the same country: Sanaa and Mukalla.,1
Exactly 2 of the following cities are in the same country: Lodz and Poznan.,1
Exactly 2 of the following cities are in the same country: Erode and Baoji.,0
Exactly 2 of the following cities are in the same country: Al Fayyum and Giza.,1
Exactly 2 of the following cities are in the same country: Kalininskiy and Lipetsk.,1
Exactly 2 of the following cities are in the same country: Stockholm and Bobo-Dioulasso.,0
Exactly 2 of the following cities are in the same country: Tangerang and Bekasi.,1
Exactly 2 of the following cities are in the same country: Istanbul and Antalya.,1
Exactly 2 of the following cities are in the same country: Bahawalpur and Gujranwala.,1
Exactly 2 of the following cities are in the same country: Shymkent and Ha'il.,0
Exactly 2 of the following cities are in the same country: Jakarta and Shangqiu.,0
Exactly 2 of the following cities are in the same country: Acapulco de Juarez and Reynosa.,1
Exactly 2 of the following cities are in the same country: Cuiaba and Juiz de Fora.,1
Exactly 2 of the following cities are in the same country: Zarqa and Yaounde.,0
Exactly 2 of the following cities are in the same country: Kozhikode and Cixi.,0
Exactly 2 of the following cities are in the same country: Vijayawada and Maputo.,0
Exactly 2 of the following cities are in the same country: Cheongju-si and Sangli.,0
Exactly 2 of the following cities are in the same country: Linyi and Naberezhnyye Chelny.,0
Exactly 2 of the following cities are in the same country: Kyoto and Hiroshima.,1
Exactly 2 of the following cities are in the same country: Shaoxing and Kimhae.,0
Exactly 2 of the following cities are in the same country: Antalya and Nampula.,0
Exactly 2 of the following cities are in the same country: Asyut and Jieyang.,0
Exactly 2 of the following cities are in the same country: Munich and Koeln.,1
Exactly 2 of the following cities are in the same country: Chattogram and Rajshahi.,1
Exactly 2 of the following cities are in the same country: Kano and Ludhiana.,0
Exactly 2 of the following cities are in the same country: Daegu and Goyang-si.,1
Exactly 2 of the following cities are in the same country: Kumasi and Sao Jose dos Campos.,0
Exactly 2 of the following cities are in the same country: Incheon and Hebi.,0
Exactly 2 of the following cities are in the same country: Thuan An and Can Tho.,1
Exactly 2 of the following cities are in the same country: Duesseldorf and Frankfurt am Main.,1
Exactly 2 of the following cities are in the same country: Naberezhnyye Chelny and Dnipro.,0
Exactly 2 of the following cities are in the same country: Nanchang and Quzhou.,1
Exactly 2 of the following cities are in the same country: Bahcelievler and Bagcilar.,1
Exactly 2 of the following cities are in the same country: Zigong and Helsinki.,0
Exactly 2 of the following cities are in the same country: Niigata and Kobe.,1
Exactly 2 of the following cities are in the same country: Omdurman and Uberlandia.,0
Exactly 2 of the following cities are in the same country: Hengyang and Tiruchirappalli.,0
Exactly 2 of the following cities are in the same country: Onitsha and Port Harcourt.,1
Exactly 2 of the following cities are in the same country: Shubra al Khaymah and Al Mahallah al Kubra.,1
Exactly 2 of the following cities are in the same country: Kharkiv and Kyiv.,1
Exactly 2 of the following cities are in the same country: Bhubaneswar and Tirunelveli.,1
Exactly 2 of the following cities are in the same country: Matola and Maputo.,1
Exactly 2 of the following cities are in the same country: Kharkiv and Daejeon.,0
Exactly 2 of the following cities are in the same country: Yangjiang and Guigang.,1
Exactly 2 of the following cities are in the same country: Tangier and Agadir.,1
Exactly 2 of the following cities are in the same country: Haiphong and Can Tho.,1
Exactly 2 of the following cities are in the same country: Bucaramanga and Cucuta.,1
Exactly 2 of the following cities are in the same country: Cape Town and Barquisimeto.,0
Exactly 2 of the following cities are in the same country: Naucalpan de Juarez and Rizhao.,0
Exactly 2 of the following cities are in the same country: Herat and Kandahar.,1
Exactly 2 of the following cities are in the same country: Denpasar and Qingdao.,0
Exactly 2 of the following cities are in the same country: Yongzhou and Wenzhou.,1
Exactly 2 of the following cities are in the same country: Batam and Zahedan.,0
Exactly 2 of the following cities are in the same country: Muzaffarabad and Islamabad.,1
Exactly 2 of the following cities are in the same country: Borivli and Cheonan.,0
Exactly 2 of the following cities are in the same country: Erzurum and Kayseri.,1
Exactly 2 of the following cities are in the same country: Jambi City and Serang.,1
Exactly 2 of the following cities are in the same country: Muzaffarabad and Faisalabad.,1
Exactly 2 of the following cities are in the same country: Khabarovsk and Weifang.,0
Exactly 2 of the following cities are in the same country: Bagcilar and Xiangtan.,0
Exactly 2 of the following cities are in the same country: Visakhapatnam and Chennai.,1
Exactly 2 of the following cities are in the same country: Moradabad and Londrina.,0
Exactly 2 of the following cities are in the same country: Luzhou and Baotou.,1
Exactly 2 of the following cities are in the same country: Osaka and Mar del Plata.,0
Exactly 2 of the following cities are in the same country: Visakhapatnam and Nashik.,1
Exactly 2 of the following cities are in the same country: Malatya and Konya.,1
Exactly 2 of the following cities are in the same country: Tucson and Detroit.,1
Exactly 2 of the following cities are in the same country: Baku and Ansan-si.,0
Exactly 2 of the following cities are in the same country: Batam and Serang.,1
Exactly 2 of the following cities are in the same country: Johor Bahru and Klang.,1
Exactly 2 of the following cities are in the same country: Makati City and Caloocan City.,1
Exactly 2 of the following cities are in the same country: Manaus and Goiania.,1
Exactly 2 of the following cities are in the same country: Tirunelveli and Agadir.,0
Exactly 2 of the following cities are in the same country: Mexicali and Iztapalapa.,1
Exactly 2 of the following cities are in the same country: Karbala and Abu Ghurayb.,1
Exactly 2 of the following cities are in the same country: Kano and Oyo.,1
Exactly 2 of the following cities are in the same country: Solapur and Xiamen.,0
Exactly 2 of the following cities are in the same country: Aktobe and Almaty.,1
Exactly 2 of the following cities are in the same country: Chicago and Tucson.,1
Exactly 2 of the following cities are in the same country: Indianapolis and Detroit.,1
Exactly 2 of the following cities are in the same country: Bandar Lampung and Palembang.,1
Exactly 2 of the following cities are in the same country: Shymkent and Subang Jaya.,0
Exactly 2 of the following cities are in the same country: Kozhikode and Qionghai.,0
Exactly 2 of the following cities are in the same country: Dandong and Cebu City.,0
Exactly 2 of the following cities are in the same country: San Luis Potosi and Harbin.,0
Exactly 2 of the following cities are in the same country: Esenler and Erzurum.,1
Exactly 2 of the following cities are in the same country: Niigata and Matsuyama.,1
Exactly 2 of the following cities are in the same country: Nairobi and Kakamega.,1
Exactly 2 of the following cities are in the same country: Kuala Lumpur and Beirut.,0
Exactly 2 of the following cities are in the same country: South Tangerang and Semarang.,1
Exactly 2 of the following cities are in the same country: Recife and Surakarta.,0
Exactly 2 of the following cities are in the same country: Queens and Douala.,0
Exactly 2 of the following cities are in the same country: Pontianak and Amritsar.,0
Exactly 2 of the following cities are in the same country: New York City and Fort Worth.,1
Exactly 2 of the following cities are in the same country: Daejeon and Kimhae.,1
Exactly 2 of the following cities are in the same country: Abu Ghurayb and Nasiriyah.,1
Exactly 2 of the following cities are in the same country: Guiyang and Culiacan.,0
Exactly 2 of the following cities are in the same country: Arak and Karaj.,1
Exactly 2 of the following cities are in the same country: Ulyanovsk and Cochin.,0
Exactly 2 of the following cities are in the same country: Kampala and Warangal.,0
Exactly 2 of the following cities are in the same country: Daegu and Meerut.,0
Exactly 2 of the following cities are in the same country: Cuttack and Kolkata.,1
Exactly 2 of the following cities are in the same country: Jakarta and Bogor.,1
Exactly 2 of the following cities are in the same country: Najran and Ribeirao Preto.,0
Exactly 2 of the following cities are in the same country: Ibague and Barranquilla.,1
Exactly 2 of the following cities are in the same country: Hamhung and Bandar Lampung.,0
Exactly 2 of the following cities are in the same country: Pasig City and Khabarovsk.,0
Exactly 2 of the following cities are in the same country: Al Ahmadi and Jieyang.,0
Exactly 2 of the following cities are in the same country: Buraydah and Lome.,0
Exactly 2 of the following cities are in the same country: Ansan-si and Pingdingshan.,0
Exactly 2 of the following cities are in the same country: Las Pinas and Quezon City.,1
Exactly 2 of the following cities are in the same country: Abeokuta and Kampung Baru Subang.,0
Exactly 2 of the following cities are in the same country: Tangerang and Jambi City.,1
Exactly 2 of the following cities are in the same country: Nanchang and Deyang.,1
Exactly 2 of the following cities are in the same country: Coimbatore and Kolhapur.,1
Exactly 2 of the following cities are in the same country: Shenzhen and Shangluo.,1
Exactly 2 of the following cities are in the same country: Nairobi and Mombasa.,1
Exactly 2 of the following cities are in the same country: Volgograd and Barranquilla.,0
Exactly 2 of the following cities are in the same country: Tebessa and Dombivli.,0
Exactly 2 of the following cities are in the same country: Casablanca and Hachioji.,0
Exactly 2 of the following cities are in the same country: Shaoguan and Bishkek.,0
Exactly 2 of the following cities are in the same country: Leipzig and Nuernberg.,1
Exactly 2 of the following cities are in the same country: Caracas and Helsinki.,0
Exactly 2 of the following cities are in the same country: Koeln and Leipzig.,1
Exactly 2 of the following cities are in the same country: Hebi and Sofia.,0
Exactly 2 of the following cities are in the same country: Yibin and Nairobi.,0
Exactly 2 of the following cities are in the same country: Salta and Aparecida de Goiania.,0
Exactly 2 of the following cities are in the same country: Port-au-Prince and Niamey.,0
Exactly 2 of the following cities are in the same country: Borivli and Bhopal.,1
Exactly 2 of the following cities are in the same country: Rahim Yar Khan and Theni.,0
Exactly 2 of the following cities are in the same country: Poznan and Krakow.,1
Exactly 2 of the following cities are in the same country: Antananarivo and Bishkek.,0
Exactly 2 of the following cities are in the same country: Binzhou and Enugu.,0
Exactly 2 of the following cities are in the same country: Eskisehir and Adana.,1
Exactly 2 of the following cities are in the same country: Shah Alam and Malacca.,1
Exactly 2 of the following cities are in the same country: Jalandhar and Borivli.,1
Exactly 2 of the following cities are in the same country: Grosszschocher and Hanoi.,0
Exactly 2 of the following cities are in the same country: Victoria de Durango and Mexico City.,1
Exactly 2 of the following cities are in the same country: Zhengzhou and Sofia.,0
Exactly 2 of the following cities are in the same country: Shiraz and Isfahan.,1
Exactly 2 of the following cities are in the same country: Asyut and Shubra al Khaymah.,1
Exactly 2 of the following cities are in the same country: Addis Ababa and Bahcelievler.,0
Exactly 2 of the following cities are in the same country: Ta'if and Mogadishu.,0
Exactly 2 of the following cities are in the same country: Mukalla and Aden.,1
Exactly 2 of the following cities are in the same country: Banjarmasin and Makassar.,1
Exactly 2 of the following cities are in the same country: Bekasi and Jambi City.,1
Exactly 2 of the following cities are in the same country: Meknes and Casablanca.,1
Exactly 2 of the following cities are in the same country: Mukalla and Linfen.,0
Exactly 2 of the following cities are in the same country: Bhopal and Omdurman.,0
Exactly 2 of the following cities are in the same country: Malacca and Kampung Baru Subang.,1
Exactly 2 of the following cities are in the same country: Pretoria and Milwaukee.,0
Exactly 2 of the following cities are in the same country: Ar Raqqah and Homs.,1
Exactly 2 of the following cities are in the same country: Paranaque City and Cebu City.,1
Exactly 2 of the following cities are in the same country: Cancun and San Luis Potosi.,1
Exactly 2 of the following cities are in the same country: Hamadan and Arak.,1
Exactly 2 of the following cities are in the same country: Chiclayo and Cheongju-si.,0
Exactly 2 of the following cities are in the same country: Baghdad and Mosul.,1
Exactly 2 of the following cities are in the same country: Maturin and Maracay.,1
Exactly 2 of the following cities are in the same country: Tangerang and Jakarta.,1
Exactly 2 of the following cities are in the same country: Xiamen and Saratov.,0
Exactly 2 of the following cities are in the same country: Baghdad and Al Basrah al Qadimah.,1
Exactly 2 of the following cities are in the same country: Ankara and Moradabad.,0
Exactly 2 of the following cities are in the same country: Bouake and Abidjan.,1
Exactly 2 of the following cities are in the same country: Konya and Mersin.,1
Exactly 2 of the following cities are in the same country: Wanzhou and Asmara.,0
Exactly 2 of the following cities are in the same country: Batam and Krakow.,0
Exactly 2 of the following cities are in the same country: Khulna and Kisangani.,0
Exactly 2 of the following cities are in the same country: Zunyi and Gujranwala.,0
Exactly 2 of the following cities are in the same country: Enugu and Ebute Ikorodu.,1
Exactly 2 of the following cities are in the same country: Tangier and Marrakesh.,1
Exactly 2 of the following cities are in the same country: Ranchi and Yangon.,0
Exactly 2 of the following cities are in the same country: Baku and Chenzhou.,0
Exactly 2 of the following cities are in the same country: Erbil and Wanning.,0
Exactly 2 of the following cities are in the same country: Nagoya and Kyoto.,1
Exactly 2 of the following cities are in the same country: Qom and Zahedan.,1
Exactly 2 of the following cities are in the same country: Tembisa and Pretoria.,1
Exactly 2 of the following cities are in the same country: Kinshasa and Kisangani.,1
Exactly 2 of the following cities are in the same country: Thuan An and Pontianak.,0
Exactly 2 of the following cities are in the same country: Cankaya and Bareilly.,0
Exactly 2 of the following cities are in the same country: Cankaya and Kunming.,0
Exactly 2 of the following cities are in the same country: Laiwu and Karbala.,0
Exactly 2 of the following cities are in the same country: Rourkela and Muzaffarabad.,0
Exactly 2 of the following cities are in the same country: Surakarta and Kathmandu.,0
Exactly 2 of the following cities are in the same country: Zhengzhou and Jiamusi.,1
Exactly 2 of the following cities are in the same country: Caracas and Maturin.,1
Exactly 2 of the following cities are in the same country: Sendai and Shanghai.,0
Exactly 2 of the following cities are in the same country: Giza and Port Said.,1
Exactly 2 of the following cities are in the same country: Kuantan and Ipoh.,1
Exactly 2 of the following cities are in the same country: Gujranwala and Sulaymaniyah.,0
Exactly 2 of the following cities are in the same country: Diyarbakir and Guangyuan.,0
Exactly 2 of the following cities are in the same country: Suez and Baku.,0
Exactly 2 of the following cities are in the same country: Kyoto and Kumamoto.,1
Exactly 2 of the following cities are in the same country: Daejeon and Ulsan.,1
Exactly 2 of the following cities are in the same country: Tianjin and Daegu.,0
Exactly 2 of the following cities are in the same country: Nova Iguacu and Manaus.,1
Exactly 2 of the following cities are in the same country: Rajshahi and Xiamen.,0
Exactly 2 of the following cities are in the same country: Asansol and Herat.,0
Exactly 2 of the following cities are in the same country: Jalandhar and Saint Petersburg.,0
Exactly 2 of the following cities are in the same country: Sangli and Ahmedabad.,1
Exactly 2 of the following cities are in the same country: Tolyatti and Kemerovo.,1
Exactly 2 of the following cities are in the same country: Hannover and Munich.,1
Exactly 2 of the following cities are in the same country: Shangyu and Cimahi.,0
Exactly 2 of the following cities are in the same country: Maracaibo and Maracay.,1
Exactly 2 of the following cities are in the same country: Benoni and Bloemfontein.,1
Exactly 2 of the following cities are in the same country: Quetta and Karachi.,1
Exactly 2 of the following cities are in the same country: Bucheon-si and Suwon.,1
Exactly 2 of the following cities are in the same country: Enugu and Abuja.,1
Exactly 2 of the following cities are in the same country: Torreon and Ciudad Juarez.,1
Exactly 2 of the following cities are in the same country: Volgograd and Chelyabinsk.,1
Exactly 2 of the following cities are in the same country: Riga and Jaboatao dos Guararapes.,0
Exactly 2 of the following cities are in the same country: Xuzhou and Izhevsk.,0
Exactly 2 of the following cities are in the same country: Rahim Yar Khan and Antalya.,0
Exactly 2 of the following cities are in the same country: Yekaterinburg and Munich.,0
Exactly 2 of the following cities are in the same country: Asyut and Al Fayyum.,1
Exactly 2 of the following cities are in the same country: Pune and Amritsar.,1
Exactly 2 of the following cities are in the same country: Jabalpur and Guwahati.,1
Exactly 2 of the following cities are in the same country: Bauchi and Port Harcourt.,1
Exactly 2 of the following cities are in the same country: Florianopolis and Fortaleza.,1
Exactly 2 of the following cities are in the same country: Voronezh and Volgograd.,1
Exactly 2 of the following cities are in the same country: Kleinzschocher and Isfahan.,0
Exactly 2 of the following cities are in the same country: Queens and Seattle.,1
Exactly 2 of the following cities are in the same country: Seattle and Tucson.,1
Exactly 2 of the following cities are in the same country: Mexico City and Bogor.,0
Exactly 2 of the following cities are in the same country: Kampala and Varanasi.,0
Exactly 2 of the following cities are in the same country: Ajmer and Vadodara.,1
Exactly 2 of the following cities are in the same country: Ajmer and Battagram.,0
Exactly 2 of the following cities are in the same country: Maputo and Lu'an.,0
Exactly 2 of the following cities are in the same country: Barranquilla and New York City.,0
Exactly 2 of the following cities are in the same country: Suwon and Ansan-si.,1
Exactly 2 of the following cities are in the same country: Leon de los Aldama and Aguascalientes.,1
Exactly 2 of the following cities are in the same country: Varanasi and Prayagraj.,1
Exactly 2 of the following cities are in the same country: Dortmund and Gwalior.,0
Exactly 2 of the following cities are in the same country: Duesseldorf and Grosszschocher.,1
Exactly 2 of the following cities are in the same country: Mandalay and Budapest.,0
Exactly 2 of the following cities are in the same country: Chattogram and Borivli.,0
Exactly 2 of the following cities are in the same country: Seattle and Milwaukee.,1
Exactly 2 of the following cities are in the same country: Maceio and Joao Pessoa.,1
Exactly 2 of the following cities are in the same country: Nasiriyah and Karbala.,1
Exactly 2 of the following cities are in the same country: Gaziantep and Shangluo.,0
Exactly 2 of the following cities are in the same country: Amman and Kyiv.,0
Exactly 2 of the following cities are in the same country: Chenzhou and Beirut.,0
Exactly 2 of the following cities are in the same country: Ulyanovsk and Yekaterinburg.,1
Exactly 2 of the following cities are in the same country: Comilla and Rangpur.,1
Exactly 2 of the following cities are in the same country: Chennai and Dammam.,0
Exactly 2 of the following cities are in the same country: Goeteborg and Bauchi.,0
Exactly 2 of the following cities are in the same country: Benoni and Cape Town.,1
Exactly 2 of the following cities are in the same country: Rio de Janeiro and Jaboatao dos Guararapes.,1
Exactly 2 of the following cities are in the same country: Bhavnagar and Changchun.,0
Exactly 2 of the following cities are in the same country: Meerut and Nanning.,0
Exactly 2 of the following cities are in the same country: Matola and Puducherry.,0
"Exactly 2 of the following cities are in the same country: Cheonan and Mianzhu, Deyang, Sichuan.",0
Exactly 2 of the following cities are in the same country: Caracas and Maracay.,1
Exactly 2 of the following cities are in the same country: San Miguel de Tucuman and Porto Velho.,0
Exactly 2 of the following cities are in the same country: Port Said and Al Mahallah al Kubra.,1
Exactly 2 of the following cities are in the same country: Johor Bahru and Kota Kinabalu.,1
Exactly 2 of the following cities are in the same country: Voronezh and Tlalpan.,0
Exactly 2 of the following cities are in the same country: Enugu and Warri.,1
Exactly 2 of the following cities are in the same country: Gujranwala and Diyarbakir.,0
Exactly 2 of the following cities are in the same country: Sapporo and General Santos.,0
Exactly 2 of the following cities are in the same country: The Bronx and Oklahoma City.,1
Exactly 2 of the following cities are in the same country: Taiz and Mukalla.,1
Exactly 2 of the following cities are in the same country: Beirut and Guntur.,0
Exactly 2 of the following cities are in the same country: Indianapolis and Pingdingshan.,0
Exactly 2 of the following cities are in the same country: Bokaro and Jiaxing.,0
Exactly 2 of the following cities are in the same country: Esenler and Konya.,1
Exactly 2 of the following cities are in the same country: Rahim Yar Khan and Chandigarh.,0
Exactly 2 of the following cities are in the same country: Shangyu and Marrakesh.,0
Exactly 2 of the following cities are in the same country: Culiacan and Kakamega.,0
Exactly 2 of the following cities are in the same country: Makassar and Malang.,1
Exactly 2 of the following cities are in the same country: Saitama and Sapporo.,1
Exactly 2 of the following cities are in the same country: Sangli and Jakarta.,0
Exactly 2 of the following cities are in the same country: Anyang-si and Ansan-si.,1
Exactly 2 of the following cities are in the same country: Batam and Pekanbaru.,1
Exactly 2 of the following cities are in the same country: Santa Maria Chimalhuacan and Mexico City.,1
Exactly 2 of the following cities are in the same country: Kampung Baru Subang and Kota Kinabalu.,1
Exactly 2 of the following cities are in the same country: Bahawalpur and Peshawar.,1
Exactly 2 of the following cities are in the same country: Orumiyeh and Isfahan.,1
Exactly 2 of the following cities are in the same country: Kuantan and Subang Jaya.,1
Exactly 2 of the following cities are in the same country: Lviv and Odesa.,1
Exactly 2 of the following cities are in the same country: Kuantan and Kuala Lumpur.,1
Exactly 2 of the following cities are in the same country: Moradabad and Kolhapur.,1
Exactly 2 of the following cities are in the same country: Kawaguchi and Osaka.,1
Exactly 2 of the following cities are in the same country: Teresina and Uberlandia.,1
Exactly 2 of the following cities are in the same country: Milwaukee and Beirut.,0
Exactly 2 of the following cities are in the same country: Seongnam-si and Benoni.,0
Exactly 2 of the following cities are in the same country: Visakhapatnam and Ciudad Guayana.,0
Exactly 2 of the following cities are in the same country: Erbil and Kirkuk.,1
Exactly 2 of the following cities are in the same country: Hamadan and Kahriz.,1
Exactly 2 of the following cities are in the same country: Kleinzschocher and Munich.,1
Exactly 2 of the following cities are in the same country: Mazar-e Sharif and Kandahar.,1
Exactly 2 of the following cities are in the same country: Sorocaba and Tijuana.,0
Exactly 2 of the following cities are in the same country: Kalininskiy and Conakry.,0
Exactly 2 of the following cities are in the same country: Aden and Taiz.,1
Exactly 2 of the following cities are in the same country: Eskisehir and Malatya.,1
Exactly 2 of the following cities are in the same country: Lubumbashi and Kisangani.,1
Exactly 2 of the following cities are in the same country: Baghdad and Erbil.,1
Exactly 2 of the following cities are in the same country: Shiraz and Ahvaz.,1
Exactly 2 of the following cities are in the same country: Kumamoto and Okayama.,1
Exactly 2 of the following cities are in the same country: Detroit and New South Memphis.,1
Exactly 2 of the following cities are in the same country: Koeln and Frankfurt am Main.,1
Exactly 2 of the following cities are in the same country: Ulsan and Suwon.,1
Exactly 2 of the following cities are in the same country: Ciudad Guayana and Maracaibo.,1
Exactly 2 of the following cities are in the same country: Buraydah and Dammam.,1
Exactly 2 of the following cities are in the same country: Konya and Erzurum.,1
Exactly 2 of the following cities are in the same country: Zhangzhou and Riga.,0
Exactly 2 of the following cities are in the same country: Albuquerque and New South Memphis.,1
Exactly 2 of the following cities are in the same country: Abu Ghurayb and Erbil.,1
Exactly 2 of the following cities are in the same country: Mbuji-Mayi and Lubumbashi.,1
Exactly 2 of the following cities are in the same country: Cheongju-si and Kimhae.,1
Exactly 2 of the following cities are in the same country: Aparecida de Goiania and Liuzhou.,0
Exactly 2 of the following cities are in the same country: Santo Domingo Oeste and Palembang.,0
Exactly 2 of the following cities are in the same country: Ashgabat and Taiz.,0
Exactly 2 of the following cities are in the same country: Dammam and Ha'il.,1
Exactly 2 of the following cities are in the same country: Pasig City and Zigong.,0
Exactly 2 of the following cities are in the same country: Jambi City and Samarinda.,1
Exactly 2 of the following cities are in the same country: Macapa and Sao Jose dos Campos.,1
Exactly 2 of the following cities are in the same country: Quebec and Winnipeg.,1
Exactly 2 of the following cities are in the same country: Busan and Kimhae.,1
Exactly 2 of the following cities are in the same country: Ciudad Guayana and Nowrangapur.,0
Exactly 2 of the following cities are in the same country: Suining and Erzurum.,0
Exactly 2 of the following cities are in the same country: Goiania and Peshawar.,0
Exactly 2 of the following cities are in the same country: Hanoi and Mudanjiang.,0
Exactly 2 of the following cities are in the same country: Erbil and Al Basrah al Qadimah.,1
Exactly 2 of the following cities are in the same country: Chongqing and Maputo.,0
Exactly 2 of the following cities are in the same country: Oslo and Kanayannur.,0
Exactly 2 of the following cities are in the same country: Makati City and Taguig.,1
Exactly 2 of the following cities are in the same country: Arequipa and Callao.,1
Exactly 2 of the following cities are in the same country: Casablanca and Jeonju.,0
Exactly 2 of the following cities are in the same country: Campos dos Goytacazes and Macapa.,1
Exactly 2 of the following cities are in the same country: San Pedro Sula and Kuala Lumpur.,0
Exactly 2 of the following cities are in the same country: Ufa and Vladivostok.,1
Exactly 2 of the following cities are in the same country: Mogadishu and Bishkek.,0
Exactly 2 of the following cities are in the same country: Leon de los Aldama and Iztapalapa.,1
Exactly 2 of the following cities are in the same country: San Miguel de Tucuman and Salta.,1
Exactly 2 of the following cities are in the same country: Nashik and New York City.,0
Exactly 2 of the following cities are in the same country: Ranchi and Ghaziabad.,1
Exactly 2 of the following cities are in the same country: Mandalay and Yangon.,1
Exactly 2 of the following cities are in the same country: San Luis Potosi and Ciudad Nezahualcoyotl.,1
Exactly 2 of the following cities are in the same country: Dammam and Ta'if.,1
Exactly 2 of the following cities are in the same country: Krasnodar and Nizhniy Novgorod.,1
Exactly 2 of the following cities are in the same country: Subang Jaya and Najran.,0
Exactly 2 of the following cities are in the same country: Surakarta and Huizhou.,0
Exactly 2 of the following cities are in the same country: Grosszschocher and Frankfurt am Main.,1
Exactly 2 of the following cities are in the same country: Jos and Enugu.,1
Exactly 2 of the following cities are in the same country: Jilin and Huaihua.,1
Exactly 2 of the following cities are in the same country: Wenzhou and Vadodara.,0
Exactly 2 of the following cities are in the same country: Kleinzschocher and Hamhung.,0
Exactly 2 of the following cities are in the same country: Balikpapan and Samarinda.,1
Exactly 2 of the following cities are in the same country: Hanzhong and Bahawalpur.,0
Exactly 2 of the following cities are in the same country: Davao and Kathmandu.,0
Exactly 2 of the following cities are in the same country: Ecatepec de Morelos and Tlaquepaque.,1
Exactly 2 of the following cities are in the same country: Zhenjiang and Rangpur.,0
Exactly 2 of the following cities are in the same country: Karachi and Gujranwala.,1
Exactly 2 of the following cities are in the same country: Accra and Kumasi.,1
Exactly 2 of the following cities are in the same country: Warri and Yichang.,0
Exactly 2 of the following cities are in the same country: Ya'an and San Pedro Sula.,0
Exactly 2 of the following cities are in the same country: Brasilia and The Bronx.,0
Exactly 2 of the following cities are in the same country: Bien Hoa and Haiphong.,1
Exactly 2 of the following cities are in the same country: Mysore and Ahmedabad.,1
Exactly 2 of the following cities are in the same country: Petaling Jaya and Kota Kinabalu.,1
Exactly 2 of the following cities are in the same country: Bahcelievler and Mersin.,1
Exactly 2 of the following cities are in the same country: Bagcilar and Izmir.,1
Exactly 2 of the following cities are in the same country: Chicago and Makhachkala.,0
Exactly 2 of the following cities are in the same country: Sendai and Hachioji.,1
Exactly 2 of the following cities are in the same country: Hannover and Nuernberg.,1
Exactly 2 of the following cities are in the same country: Saint Petersburg and Huangshi.,0
Exactly 2 of the following cities are in the same country: Sambhaji Nagar and Siliguri.,1
Exactly 2 of the following cities are in the same country: Isfahan and Qom.,1
Exactly 2 of the following cities are in the same country: Cancun and Leon de los Aldama.,1
Exactly 2 of the following cities are in the same country: Sulaymaniyah and Kirkuk.,1
Exactly 2 of the following cities are in the same country: Mumbai and Huangshi.,0
Exactly 2 of the following cities are in the same country: Mississauga and Winnipeg.,1
Exactly 2 of the following cities are in the same country: Tianshui and Bareilly.,0
Exactly 2 of the following cities are in the same country: Goeteborg and Stockholm.,1
Exactly 2 of the following cities are in the same country: Shivaji Nagar and Jingmen.,0
Exactly 2 of the following cities are in the same country: Khabarovsk Vtoroy and Quito.,0
Exactly 2 of the following cities are in the same country: Las Pinas and Makati City.,1
Exactly 2 of the following cities are in the same country: Johannesburg and Cotonou.,0
Exactly 2 of the following cities are in the same country: Jamshedpur and Aligarh.,1
Exactly 2 of the following cities are in the same country: Abeokuta and Enugu.,1
Exactly 2 of the following cities are in the same country: Khulna and Xinyang.,0
Exactly 2 of the following cities are in the same country: Seongnam-si and Cheongju-si.,1
Exactly 2 of the following cities are in the same country: Sanaa and Contagem.,0
Exactly 2 of the following cities are in the same country: Anshan and Adana.,0
Exactly 2 of the following cities are in the same country: Novosibirsk and Yaroslavl.,1
Exactly 2 of the following cities are in the same country: Omsk and Al Ahmadi.,0
Exactly 2 of the following cities are in the same country: Maiduguri and Taiz.,0
Exactly 2 of the following cities are in the same country: Arak and Abeokuta.,0
Exactly 2 of the following cities are in the same country: Frankfurt am Main and Dortmund.,1
Exactly 2 of the following cities are in the same country: Rajshahi and Khulna.,1
Exactly 2 of the following cities are in the same country: Ulsan and Goyang-si.,1
Exactly 2 of the following cities are in the same country: Santiago de Queretaro and Culiacan.,1
Exactly 2 of the following cities are in the same country: Barnaul and Yaroslavl.,1
Exactly 2 of the following cities are in the same country: Multan and Battagram.,1
Exactly 2 of the following cities are in the same country: Guwahati and Hezhou.,0
Exactly 2 of the following cities are in the same country: Jiamusi and Voronezh.,0
Exactly 2 of the following cities are in the same country: Libreville and Zhaotong.,0
Exactly 2 of the following cities are in the same country: Ipoh and Subang Jaya.,1
Exactly 2 of the following cities are in the same country: Porto Alegre and Karbala.,0
Exactly 2 of the following cities are in the same country: Yinchuan and Namangan.,0
Exactly 2 of the following cities are in the same country: Tirunelveli and Jaipur.,1
Exactly 2 of the following cities are in the same country: Cape Town and Pietermaritzburg.,1
Exactly 2 of the following cities are in the same country: The Bronx and New York City.,1
Exactly 2 of the following cities are in the same country: Oslo and Pune.,0
Exactly 2 of the following cities are in the same country: Maracay and Kharkiv.,0
Exactly 2 of the following cities are in the same country: Kota Kinabalu and Kota Bharu.,1
Exactly 2 of the following cities are in the same country: Ulsan and Incheon.,1
Exactly 2 of the following cities are in the same country: Tashkent and Liaocheng.,0
Exactly 2 of the following cities are in the same country: Klang and Fukuoka.,0
Exactly 2 of the following cities are in the same country: Bahawalpur and Sulaymaniyah.,0
Exactly 2 of the following cities are in the same country: Rio de Janeiro and Sao Bernardo do Campo.,1
Exactly 2 of the following cities are in the same country: Sendai and Perm.,0
Exactly 2 of the following cities are in the same country: Kampung Baru Subang and Puente Alto.,0
Exactly 2 of the following cities are in the same country: Herat and Mazar-e Sharif.,1
Exactly 2 of the following cities are in the same country: Bayannur and Cochin.,0
Exactly 2 of the following cities are in the same country: Bien Hoa and Meknes.,0
Exactly 2 of the following cities are in the same country: Nashik and Isfahan.,0
Exactly 2 of the following cities are in the same country: New York City and Oklahoma City.,1
Exactly 2 of the following cities are in the same country: Mississauga and Malacca.,0
Exactly 2 of the following cities are in the same country: New South Memphis and Tangshan.,0
Exactly 2 of the following cities are in the same country: Dnipro and Kryvyy Rih.,1
Exactly 2 of the following cities are in the same country: Aligarh and Karol Bagh.,1
Exactly 2 of the following cities are in the same country: Rostov-na-Donu and Liupanshui.,0
Exactly 2 of the following cities are in the same country: Kumamoto and Macapa.,0
Exactly 2 of the following cities are in the same country: Ahmedabad and Bahcelievler.,0
Exactly 2 of the following cities are in the same country: Abu Dhabi and Sharjah.,1
Exactly 2 of the following cities are in the same country: Yangquan and Baku.,0
Exactly 2 of the following cities are in the same country: Duesseldorf and Taguig.,0
Exactly 2 of the following cities are in the same country: Duesseldorf and Comilla.,0
Exactly 2 of the following cities are in the same country: Reynosa and Santa Maria Chimalhuacan.,1
Exactly 2 of the following cities are in the same country: Novokuznetsk and Lipetsk.,1
Exactly 2 of the following cities are in the same country: Eskisehir and Jiaxing.,0
Exactly 2 of the following cities are in the same country: Acapulco de Juarez and Kalininskiy.,0
Exactly 2 of the following cities are in the same country: Munich and Frankfurt am Main.,1
Exactly 2 of the following cities are in the same country: Krakow and Wroclaw.,1
Exactly 2 of the following cities are in the same country: Tirunelveli and Nanchang.,0
Exactly 2 of the following cities are in the same country: Ranchi and Thiruvananthapuram.,1
Exactly 2 of the following cities are in the same country: Bhayandar and Ranchi.,1
Exactly 2 of the following cities are in the same country: Langfang and Hanoi.,0
Exactly 2 of the following cities are in the same country: Recife and Brasilia.,1
Exactly 2 of the following cities are in the same country: Bien Hoa and Thuan An.,1
Exactly 2 of the following cities are in the same country: Himeji and Siping.,0
Exactly 2 of the following cities are in the same country: Hanoi and Haiphong.,1
Exactly 2 of the following cities are in the same country: Anshan and New Kingston.,0
Exactly 2 of the following cities are in the same country: Ecatepec de Morelos and Reynosa.,1
Exactly 2 of the following cities are in the same country: Homyel' and Minsk.,1
Exactly 2 of the following cities are in the same country: Zhangzhou and Faisalabad.,0
Exactly 2 of the following cities are in the same country: Milwaukee and Oklahoma City.,1
Exactly 2 of the following cities are in the same country: Qom and Batam.,0
Exactly 2 of the following cities are in the same country: Bulawayo and Luzhou.,0
Exactly 2 of the following cities are in the same country: Seattle and Novosibirsk.,0
Exactly 2 of the following cities are in the same country: Kano and Jos.,1
Exactly 2 of the following cities are in the same country: Sulaymaniyah and Nasiriyah.,1
Exactly 2 of the following cities are in the same country: Guntur and Lu'an.,0
Exactly 2 of the following cities are in the same country: Las Pinas and Cebu City.,1
Exactly 2 of the following cities are in the same country: Milwaukee and Indianapolis.,1
Exactly 2 of the following cities are in the same country: Ilorin and Orumiyeh.,0
Exactly 2 of the following cities are in the same country: Warri and Onitsha.,1
Exactly 2 of the following cities are in the same country: Cheongju-si and Nagoya.,0
Exactly 2 of the following cities are in the same country: Xianyang and Vadodara.,0
Exactly 2 of the following cities are in the same country: Shubra al Khaymah and Bareilly.,0
Exactly 2 of the following cities are in the same country: Eskisehir and Huzhou.,0
Exactly 2 of the following cities are in the same country: Krasnodar and Bucaramanga.,0
Exactly 2 of the following cities are in the same country: Dakar and Guigang.,0
Exactly 2 of the following cities are in the same country: Ziyang and Wenzhou.,1
Exactly 2 of the following cities are in the same country: N'Djamena and Ha'il.,0
Exactly 2 of the following cities are in the same country: Lviv and Kharkiv.,1
Exactly 2 of the following cities are in the same country: Omdurman and Nyala.,1
Exactly 2 of the following cities are in the same country: Ibadan and Kaduna.,1
Exactly 2 of the following cities are in the same country: Rawalpindi and Faisalabad.,1
Exactly 2 of the following cities are in the same country: Nuernberg and Dortmund.,1
Exactly 2 of the following cities are in the same country: Baghdad and Tyumen.,0
Exactly 2 of the following cities are in the same country: Suez and Al Mahallah al Kubra.,1
Exactly 2 of the following cities are in the same country: Dar es Salaam and Bien Hoa.,0
Exactly 2 of the following cities are in the same country: Zaria and Hohhot.,0
Exactly 2 of the following cities are in the same country: Odesa and Tokyo.,0
Exactly 2 of the following cities are in the same country: Contagem and Campos dos Goytacazes.,1
Exactly 2 of the following cities are in the same country: Xuanzhou and Zhangye.,1
Exactly 2 of the following cities are in the same country: Gujranwala and Lahore.,1
Exactly 2 of the following cities are in the same country: Cankaya and Yichang.,0
Exactly 2 of the following cities are in the same country: Las Pinas and Pasig City.,1
Exactly 2 of the following cities are in the same country: Belo Horizonte and Sapporo.,0
Exactly 2 of the following cities are in the same country: Pyongyang and Hamhung.,1
Exactly 2 of the following cities are in the same country: Zahedan and Queens.,0
Exactly 2 of the following cities are in the same country: Caloocan City and Cebu City.,1
Exactly 2 of the following cities are in the same country: Incheon and Daegu.,1
Exactly 2 of the following cities are in the same country: Najran and Fukuoka.,0
Exactly 2 of the following cities are in the same country: Shaoxing and Santo Domingo Oeste.,0
Exactly 2 of the following cities are in the same country: Saint Petersburg and Makhachkala.,1
Exactly 2 of the following cities are in the same country: Shizuoka and Bouake.,0
Exactly 2 of the following cities are in the same country: Buraydah and Najran.,1
Exactly 2 of the following cities are in the same country: Kakamega and Mombasa.,1
Exactly 2 of the following cities are in the same country: Kharkiv and Amritsar.,0
Exactly 2 of the following cities are in the same country: Goyang-si and Anyang-si.,1
Exactly 2 of the following cities are in the same country: Guatemala City and Urumqi.,0
Exactly 2 of the following cities are in the same country: Ansan-si and Hwaseong-si.,1
Exactly 2 of the following cities are in the same country: Tlalpan and Duesseldorf.,0
Exactly 2 of the following cities are in the same country: Taiz and Sanaa.,1
Exactly 2 of the following cities are in the same country: Aparecida de Goiania and Erbil.,0
Exactly 2 of the following cities are in the same country: Zaporizhzhya and Kyiv.,1
Exactly 2 of the following cities are in the same country: Cancun and Coyoacan.,1
Exactly 2 of the following cities are in the same country: Borivli and Cheongju-si.,0
Exactly 2 of the following cities are in the same country: Zaria and Bhopal.,0
Exactly 2 of the following cities are in the same country: Samarinda and Victoria de Durango.,0
Exactly 2 of the following cities are in the same country: The Bronx and Bhubaneswar.,0
Exactly 2 of the following cities are in the same country: Ibague and Hachioji.,0
Exactly 2 of the following cities are in the same country: Siping and Santiago de Cuba.,0
Exactly 2 of the following cities are in the same country: Pietermaritzburg and Soweto.,1
Exactly 2 of the following cities are in the same country: Surat and Belo Horizonte.,0
Exactly 2 of the following cities are in the same country: Ulhasnagar and Guwahati.,1
Exactly 2 of the following cities are in the same country: Samarkand and Kharkiv.,0
Exactly 2 of the following cities are in the same country: Kayseri and Jeddah.,0
Exactly 2 of the following cities are in the same country: Conakry and Voronezh.,0
Exactly 2 of the following cities are in the same country: Liuzhou and Amman.,0
Exactly 2 of the following cities are in the same country: Huangshi and Ma'anshan.,1
Exactly 2 of the following cities are in the same country: Port-au-Prince and Guilin.,0
Exactly 2 of the following cities are in the same country: Porto Velho and Sao Jose dos Campos.,1
Exactly 2 of the following cities are in the same country: Nizhniy Novgorod and Penza.,1
Exactly 2 of the following cities are in the same country: Ulan Bator and Makhachkala.,0
Exactly 2 of the following cities are in the same country: Shivaji Nagar and Jos.,0
Exactly 2 of the following cities are in the same country: Ouagadougou and Nuernberg.,0
Exactly 2 of the following cities are in the same country: Caloocan City and New York City.,0
Exactly 2 of the following cities are in the same country: Dubai and Benin City.,0
Exactly 2 of the following cities are in the same country: Vijayawada and Rostov-na-Donu.,0
Exactly 2 of the following cities are in the same country: Khulna and Rangpur.,1
Exactly 2 of the following cities are in the same country: Zaria and Abeokuta.,1
Exactly 2 of the following cities are in the same country: Mar del Plata and San Miguel de Tucuman.,1
Exactly 2 of the following cities are in the same country: Hanzhong and Nizhniy Novgorod.,0
Exactly 2 of the following cities are in the same country: Kumasi and Kathmandu.,0
Exactly 2 of the following cities are in the same country: Ibadan and Enugu.,1
Exactly 2 of the following cities are in the same country: Battagram and Quetta.,1
Exactly 2 of the following cities are in the same country: Abu Ghurayb and Basrah.,1
Exactly 2 of the following cities are in the same country: Leon de los Aldama and Tlaquepaque.,1
Exactly 2 of the following cities are in the same country: Ipoh and Shah Alam.,1
Exactly 2 of the following cities are in the same country: Batam and Bandar Lampung.,1
Exactly 2 of the following cities are in the same country: Pontianak and Makassar.,1
Exactly 2 of the following cities are in the same country: Goiania and Ulhasnagar.,0
Exactly 2 of the following cities are in the same country: Quezon City and Jakarta.,0
Exactly 2 of the following cities are in the same country: Kayseri and Bagcilar.,1
Exactly 2 of the following cities are in the same country: Nuernberg and Shantou.,0
Exactly 2 of the following cities are in the same country: Rangpur and Dalian.,0
Exactly 2 of the following cities are in the same country: Yinchuan and Nanchang.,1
Exactly 2 of the following cities are in the same country: Changwon and Cheonan.,1
Exactly 2 of the following cities are in the same country: Lubumbashi and Kinshasa.,1
Exactly 2 of the following cities are in the same country: Karaj and Tabriz.,1
Exactly 2 of the following cities are in the same country: Weinan and Oklahoma City.,0
Exactly 2 of the following cities are in the same country: Nouakchott and Santiago de los Caballeros.,0
Exactly 2 of the following cities are in the same country: Eskisehir and Deyang.,0
Exactly 2 of the following cities are in the same country: Arequipa and Coyoacan.,0
Exactly 2 of the following cities are in the same country: Wuzhou and Tabriz.,0
Exactly 2 of the following cities are in the same country: Saint Petersburg and Voronezh.,1
Exactly 2 of the following cities are in the same country: Odesa and Aligarh.,0
Exactly 2 of the following cities are in the same country: Indianapolis and Seattle.,1
Exactly 2 of the following cities are in the same country: Joao Pessoa and Ho Chi Minh City.,0
Exactly 2 of the following cities are in the same country: Tucson and Bhiwandi.,0
Exactly 2 of the following cities are in the same country: Cheongju-si and Incheon.,1
Exactly 2 of the following cities are in the same country: Tangier and Erode.,0
Exactly 2 of the following cities are in the same country: Guilin and Taicang.,1
Exactly 2 of the following cities are in the same country: Yongzhou and Jaboatao dos Guararapes.,0
Exactly 2 of the following cities are in the same country: Uskudar and Erzurum.,1
Exactly 2 of the following cities are in the same country: Irkutsk and Sapporo.,0
Exactly 2 of the following cities are in the same country: Barranquilla and Homyel'.,0
Exactly 2 of the following cities are in the same country: Sendai and Tokyo.,1
Exactly 2 of the following cities are in the same country: Cankaya and Vladivostok.,0
Exactly 2 of the following cities are in the same country: Zagreb and Las Pinas.,0
Exactly 2 of the following cities are in the same country: Al Mawsil al Jadidah and Karbala.,1
Exactly 2 of the following cities are in the same country: Reynosa and Naucalpan de Juarez.,1
Exactly 2 of the following cities are in the same country: Kawaguchi and Himeji.,1
Exactly 2 of the following cities are in the same country: Chizhou and Bujumbura.,0
Exactly 2 of the following cities are in the same country: Pune and Dehra Dun.,1
Exactly 2 of the following cities are in the same country: Seongnam-si and Beirut.,0
Exactly 2 of the following cities are in the same country: Manaus and Macapa.,1
Exactly 2 of the following cities are in the same country: Jeddah and Ha'il.,1
Exactly 2 of the following cities are in the same country: Culiacan and Suining.,0
Exactly 2 of the following cities are in the same country: Latakia and Homs.,1
Exactly 2 of the following cities are in the same country: Quezon City and Lodz.,0
Exactly 2 of the following cities are in the same country: Abeokuta and Maiduguri.,1
Exactly 2 of the following cities are in the same country: Kalininskiy and Volgograd.,1
Exactly 2 of the following cities are in the same country: Handan and Cancun.,0
Exactly 2 of the following cities are in the same country: Cheongju-si and Suwon.,1
Exactly 2 of the following cities are in the same country: Ahvaz and Orumiyeh.,1
Exactly 2 of the following cities are in the same country: Mombasa and Bengaluru.,0
Exactly 2 of the following cities are in the same country: Wuwei and Ciudad Nezahualcoyotl.,0
Exactly 2 of the following cities are in the same country: Klang and Kuantan.,1
Exactly 2 of the following cities are in the same country: Zhaotong and Kinshasa.,0
Exactly 2 of the following cities are in the same country: Aligarh and Sambhaji Nagar.,1
Exactly 2 of the following cities are in the same country: Zhabei and Jieyang.,1
Exactly 2 of the following cities are in the same country: Culiacan and Ciudad Nezahualcoyotl.,1
Exactly 2 of the following cities are in the same country: Chattogram and Comilla.,1
Exactly 2 of the following cities are in the same country: Huangshi and Almaty.,0
Exactly 2 of the following cities are in the same country: Bien Hoa and Can Tho.,1
Exactly 2 of the following cities are in the same country: Santiago de Queretaro and Tlalpan.,1
Exactly 2 of the following cities are in the same country: Port Harcourt and Zarqa.,0
Exactly 2 of the following cities are in the same country: Kagoshima and Fukuoka.,1
Exactly 2 of the following cities are in the same country: Kolkata and Ordos.,0
Exactly 2 of the following cities are in the same country: Barnaul and Tebessa.,0
Exactly 2 of the following cities are in the same country: Porto Alegre and Juiz de Fora.,1
Exactly 2 of the following cities are in the same country: Hamhung and Zhaoqing.,0
Exactly 2 of the following cities are in the same country: Albuquerque and Oyo.,0
Exactly 2 of the following cities are in the same country: Oklahoma City and Albuquerque.,1
Exactly 2 of the following cities are in the same country: Nay Pyi Taw and Ibadan.,0
Exactly 2 of the following cities are in the same country: Chuzhou and Marseille.,0
Exactly 2 of the following cities are in the same country: Sao Bernardo do Campo and Uberlandia.,1
Exactly 2 of the following cities are in the same country: Niigata and Kitakyushu.,1
Exactly 2 of the following cities are in the same country: Kumamoto and Kobe.,1
Exactly 2 of the following cities are in the same country: Karbala and Basrah.,1
Exactly 2 of the following cities are in the same country: Al Mawsil al Jadidah and Nasiriyah.,1
Exactly 2 of the following cities are in the same country: Xinyang and Kleinzschocher.,0
Exactly 2 of the following cities are in the same country: Ufa and Yangjiang.,0
Exactly 2 of the following cities are in the same country: Shangluo and N'Djamena.,0
Exactly 2 of the following cities are in the same country: Barquisimeto and Maturin.,1
Exactly 2 of the following cities are in the same country: Karachi and Sao Jose dos Campos.,0
Exactly 2 of the following cities are in the same country: Jos and Zaria.,1
Exactly 2 of the following cities are in the same country: Cochin and Wuzhou.,0
Exactly 2 of the following cities are in the same country: Ma'anshan and General Santos.,0
Exactly 2 of the following cities are in the same country: Ranchi and Istanbul.,0
Exactly 2 of the following cities are in the same country: Zaria and Maiduguri.,1
Exactly 2 of the following cities are in the same country: Homs and Lahore.,0
Exactly 2 of the following cities are in the same country: Rawalpindi and Muzaffarabad.,1
Exactly 2 of the following cities are in the same country: Guarulhos and Jaboatao dos Guararapes.,1
Exactly 2 of the following cities are in the same country: Nagpur and Jos.,0
Exactly 2 of the following cities are in the same country: Koeln and Nuernberg.,1
Exactly 2 of the following cities are in the same country: Saratov and Mexicali.,0
Exactly 2 of the following cities are in the same country: The Bronx and Antananarivo.,0
Exactly 2 of the following cities are in the same country: Seoul and Busan.,1
Exactly 2 of the following cities are in the same country: Qujing and Benoni.,0
Exactly 2 of the following cities are in the same country: Maturin and Maracaibo.,1
Exactly 2 of the following cities are in the same country: Frankfurt am Main and Islamabad.,0
Exactly 2 of the following cities are in the same country: Macapa and Goiania.,1
Exactly 2 of the following cities are in the same country: Algiers and Yaounde.,0
Exactly 2 of the following cities are in the same country: Zagreb and Pikine.,0
Exactly 2 of the following cities are in the same country: General Santos and Makati City.,1
Exactly 2 of the following cities are in the same country: Santiago de Queretaro and Ciudad Juarez.,1
Exactly 2 of the following cities are in the same country: Lviv and Phnom Penh.,0
Exactly 2 of the following cities are in the same country: Kawaguchi and Saitama.,1
Exactly 2 of the following cities are in the same country: Durban and Yingkou.,0
Exactly 2 of the following cities are in the same country: Irkutsk and Makhachkala.,1
Exactly 2 of the following cities are in the same country: Port Harcourt and Ibadan.,1
Exactly 2 of the following cities are in the same country: Qujing and Fortaleza.,0
Exactly 2 of the following cities are in the same country: Malang and Bogor.,1
Exactly 2 of the following cities are in the same country: Al Ahmadi and Izhevsk.,0
Exactly 2 of the following cities are in the same country: Ebute Ikorodu and Qinhuangdao.,0
Exactly 2 of the following cities are in the same country: Amritsar and Brasilia.,0
Exactly 2 of the following cities are in the same country: Denpasar and Bandar Lampung.,1
Exactly 2 of the following cities are in the same country: Diyarbakir and Cankaya.,1
Exactly 2 of the following cities are in the same country: Battagram and Pingliang.,0
Exactly 2 of the following cities are in the same country: Luohe and Albuquerque.,0
Exactly 2 of the following cities are in the same country: Diyarbakir and Zhoushan.,0
Exactly 2 of the following cities are in the same country: Queens and Milwaukee.,1
Exactly 2 of the following cities are in the same country: Binzhou and Makassar.,0
Exactly 2 of the following cities are in the same country: Konya and Tijuana.,0
Exactly 2 of the following cities are in the same country: Izmir and Istanbul.,1
Exactly 2 of the following cities are in the same country: Dnipro and Kyiv.,1
Exactly 2 of the following cities are in the same country: Grosszschocher and Nuernberg.,1
Exactly 2 of the following cities are in the same country: Naberezhnyye Chelny and Teresina.,0
Exactly 2 of the following cities are in the same country: Johannesburg and Tembisa.,1
Exactly 2 of the following cities are in the same country: Rio de Janeiro and Sao Paulo.,1
Exactly 2 of the following cities are in the same country: Sargodha and Gujranwala.,1
Exactly 2 of the following cities are in the same country: Shubra al Khaymah and Giza.,1
Exactly 2 of the following cities are in the same country: Antalya and Cankaya.,1
Exactly 2 of the following cities are in the same country: Bulawayo and Lilongwe.,0
Exactly 2 of the following cities are in the same country: General Santos and Dushanbe.,0
Exactly 2 of the following cities are in the same country: Maturin and Ciudad Guayana.,1
Exactly 2 of the following cities are in the same country: Karol Bagh and Marrakesh.,0
Exactly 2 of the following cities are in the same country: Perm and Makhachkala.,1
Exactly 2 of the following cities are in the same country: Harare and Santiago de Queretaro.,0
Exactly 2 of the following cities are in the same country: Yaounde and Douala.,1
Exactly 2 of the following cities are in the same country: Indianapolis and Fort Worth.,1
Exactly 2 of the following cities are in the same country: Beira and Brasilia.,0
Exactly 2 of the following cities are in the same country: Al Mahallah al Kubra and Mbuji-Mayi.,0
Exactly 2 of the following cities are in the same country: Dubai and Nanchong.,0
Exactly 2 of the following cities are in the same country: Shangluo and Dushanbe.,0
Exactly 2 of the following cities are in the same country: Homyel' and Samarinda.,0
Exactly 2 of the following cities are in the same country: Tangshan and Malang.,0
Exactly 2 of the following cities are in the same country: Shah Alam and Johor Bahru.,1
Exactly 2 of the following cities are in the same country: Serang and Zaporizhzhya.,0
Exactly 2 of the following cities are in the same country: Guangzhou and Erzurum.,0
Exactly 2 of the following cities are in the same country: Hiroshima and Nizhniy Novgorod.,0
Exactly 2 of the following cities are in the same country: Kuala Lumpur and Maiduguri.,0
Exactly 2 of the following cities are in the same country: Deyang and Shiraz.,0
Exactly 2 of the following cities are in the same country: Munich and Duesseldorf.,1
Exactly 2 of the following cities are in the same country: Himeji and Asmara.,0
Exactly 2 of the following cities are in the same country: Contagem and Weifang.,0
Exactly 2 of the following cities are in the same country: Rajshahi and Abu Ghurayb.,0
Exactly 2 of the following cities are in the same country: Orumiyeh and Gaziantep.,0
Exactly 2 of the following cities are in the same country: Suez and Nashik.,0
Exactly 2 of the following cities are in the same country: Mukalla and Al Hudaydah.,1
Exactly 2 of the following cities are in the same country: Amman and Irbid.,1
Exactly 2 of the following cities are in the same country: Bouake and Nuernberg.,0
Exactly 2 of the following cities are in the same country: Al Basrah al Qadimah and Sulaymaniyah.,1
Exactly 2 of the following cities are in the same country: Isfahan and Tehran.,1
Exactly 2 of the following cities are in the same country: Hefei and Ya'an.,1
Exactly 2 of the following cities are in the same country: Okayama and Kawaguchi.,1
Exactly 2 of the following cities are in the same country: Fes and Chenzhou.,0
Exactly 2 of the following cities are in the same country: Yangon and Nay Pyi Taw.,1
Exactly 2 of the following cities are in the same country: Cape Town and Bloemfontein.,1
Exactly 2 of the following cities are in the same country: Suining and Istanbul.,0
Exactly 2 of the following cities are in the same country: Guankou and Chandigarh.,0
Exactly 2 of the following cities are in the same country: Buraydah and Ha'il.,1
Exactly 2 of the following cities are in the same country: Changshu and Makhachkala.,0
Exactly 2 of the following cities are in the same country: Yangjiang and Benoni.,0
Exactly 2 of the following cities are in the same country: Bhubaneswar and Huizhou.,0
Exactly 2 of the following cities are in the same country: Rostov-na-Donu and Moradabad.,0
Exactly 2 of the following cities are in the same country: Kryvyy Rih and Kharkiv.,1
Exactly 2 of the following cities are in the same country: Chisinau and Karol Bagh.,0
Exactly 2 of the following cities are in the same country: Rawalpindi and Cheonan.,0
Exactly 2 of the following cities are in the same country: Contagem and Changshu.,0
Exactly 2 of the following cities are in the same country: Curitiba and Guarulhos.,1
Exactly 2 of the following cities are in the same country: Zunyi and Nanchang.,1
Exactly 2 of the following cities are in the same country: Bhopal and Tehran.,0
Exactly 2 of the following cities are in the same country: Tangerang and Tijuana.,0
Exactly 2 of the following cities are in the same country: Barnaul and Ulyanovsk.,1
Exactly 2 of the following cities are in the same country: Sorocaba and Qujing.,0
Exactly 2 of the following cities are in the same country: Novokuznetsk and Conakry.,0
Exactly 2 of the following cities are in the same country: Queens and Fort Worth.,1
Exactly 2 of the following cities are in the same country: Soweto and Tembisa.,1
Exactly 2 of the following cities are in the same country: Oyo and Sokoto.,1
Exactly 2 of the following cities are in the same country: South Tangerang and Tiruchirappalli.,0
Exactly 2 of the following cities are in the same country: Zaporizhzhya and Lviv.,1
Exactly 2 of the following cities are in the same country: Jambi City and Surakarta.,1
Exactly 2 of the following cities are in the same country: Al Hudaydah and Davao.,0
Exactly 2 of the following cities are in the same country: Tashkent and San Luis Potosi.,0
Exactly 2 of the following cities are in the same country: Campos dos Goytacazes and Belo Horizonte.,1
Exactly 2 of the following cities are in the same country: Mexico City and Reynosa.,1
Exactly 2 of the following cities are in the same country: Paranaque City and Taguig.,1
Exactly 2 of the following cities are in the same country: Herat and Shangrao.,0
Exactly 2 of the following cities are in the same country: Al Basrah al Qadimah and Basrah.,1
Exactly 2 of the following cities are in the same country: Abuja and Gold Coast.,0
Exactly 2 of the following cities are in the same country: Suwon and Daejeon.,1
Exactly 2 of the following cities are in the same country: Zaporizhzhya and Sevastopol.,1
Exactly 2 of the following cities are in the same country: Multan and Gujranwala.,1
Exactly 2 of the following cities are in the same country: Surakarta and Binzhou.,0
Exactly 2 of the following cities are in the same country: Ankara and Saint Petersburg.,0
Exactly 2 of the following cities are in the same country: Indianapolis and Queens.,1
Exactly 2 of the following cities are in the same country: Sambhaji Nagar and Xingtai.,0
Exactly 2 of the following cities are in the same country: Bekasi and Semarang.,1
Exactly 2 of the following cities are in the same country: Isfahan and Kermanshah.,1
Exactly 2 of the following cities are in the same country: Amman and Karol Bagh.,0
Exactly 2 of the following cities are in the same country: Karaj and Zahedan.,1
Exactly 2 of the following cities are in the same country: Siping and Rajshahi.,0
Exactly 2 of the following cities are in the same country: Mbuji-Mayi and Kinshasa.,1
Exactly 2 of the following cities are in the same country: Shah Alam and Kampung Baru Subang.,1
Exactly 2 of the following cities are in the same country: Ho Chi Minh City and Hanoi.,1
Exactly 2 of the following cities are in the same country: Bagcilar and Esenler.,1
Exactly 2 of the following cities are in the same country: Jieyang and Zhanjiang.,1
Exactly 2 of the following cities are in the same country: Hamadan and Shiraz.,1
Exactly 2 of the following cities are in the same country: Aden and Al Hudaydah.,1
Exactly 2 of the following cities are in the same country: Bogor and Balikpapan.,1
Exactly 2 of the following cities are in the same country: Ulhasnagar and Yunfu.,0
Exactly 2 of the following cities are in the same country: Amravati and Zaporizhzhya.,0
Exactly 2 of the following cities are in the same country: Quetta and Chandigarh.,0
Exactly 2 of the following cities are in the same country: Battagram and Bahawalpur.,1
Exactly 2 of the following cities are in the same country: Dnipro and Odesa.,1
Exactly 2 of the following cities are in the same country: Hwaseong-si and Vladivostok.,0
Exactly 2 of the following cities are in the same country: Onitsha and Harbin.,0
Exactly 2 of the following cities are in the same country: Tanggu and Theni.,0
Exactly 2 of the following cities are in the same country: Kryvyy Rih and Sevastopol.,1
Exactly 2 of the following cities are in the same country: Curitiba and Aparecida de Goiania.,1
Exactly 2 of the following cities are in the same country: Kota Bharu and Ipoh.,1
Exactly 2 of the following cities are in the same country: Porto Velho and Belo Horizonte.,1
Exactly 2 of the following cities are in the same country: South Tangerang and Bogor.,1
Exactly 2 of the following cities are in the same country: Kirkuk and Can Tho.,0
Exactly 2 of the following cities are in the same country: Bhopal and Kharkiv.,0
Exactly 2 of the following cities are in the same country: Yekaterinburg and Orenburg.,1
Exactly 2 of the following cities are in the same country: Al Mahallah al Kubra and Dar es Salaam.,0
Exactly 2 of the following cities are in the same country: Zaria and Can Tho.,0
Exactly 2 of the following cities are in the same country: Ulsan and Pontianak.,0
Exactly 2 of the following cities are in the same country: Ciudad Guayana and Barquisimeto.,1
Exactly 2 of the following cities are in the same country: Gold Coast and Nagpur.,0
Exactly 2 of the following cities are in the same country: Mogadishu and Nay Pyi Taw.,0
Exactly 2 of the following cities are in the same country: Taguig and Las Pinas.,1
Exactly 2 of the following cities are in the same country: Aguascalientes and Tanggu.,0
Exactly 2 of the following cities are in the same country: Ho Chi Minh City and Da Nang.,1
Exactly 2 of the following cities are in the same country: Changshu and Serang.,0
Exactly 2 of the following cities are in the same country: Isfahan and Jeddah.,0
Exactly 2 of the following cities are in the same country: Karachi and Sargodha.,1
Exactly 2 of the following cities are in the same country: Khartoum and Tomsk.,0
Exactly 2 of the following cities are in the same country: Casablanca and Tangier.,1
Exactly 2 of the following cities are in the same country: Borivli and Sao Jose dos Campos.,0
Exactly 2 of the following cities are in the same country: Tembisa and Bloemfontein.,1
Exactly 2 of the following cities are in the same country: Shaoguan and Taguig.,0
Exactly 2 of the following cities are in the same country: Kalininskiy and Ranchi.,0
Exactly 2 of the following cities are in the same country: Daejeon and Bhiwandi.,0
Exactly 2 of the following cities are in the same country: Sokoto and Abuja.,1
Exactly 2 of the following cities are in the same country: Nanchong and Korla.,1
Exactly 2 of the following cities are in the same country: Hamadan and Tabriz.,1
Exactly 2 of the following cities are in the same country: Mersin and Bursa.,1
Exactly 2 of the following cities are in the same country: Bobo-Dioulasso and Ouagadougou.,1
Exactly 2 of the following cities are in the same country: Islamabad and Quetta.,1
Exactly 2 of the following cities are in the same country: Sendai and Himeji.,1
Exactly 2 of the following cities are in the same country: Malatya and Maoming.,0
Exactly 2 of the following cities are in the same country: Mombasa and Herat.,0
Exactly 2 of the following cities are in the same country: Tirunelveli and Aracaju.,0
Exactly 2 of the following cities are in the same country: Cape Town and Soweto.,1
Exactly 2 of the following cities are in the same country: Karaj and Kermanshah.,1
Exactly 2 of the following cities are in the same country: Antananarivo and Nampula.,0
Exactly 2 of the following cities are in the same country: Changshu and Tlalpan.,0
Exactly 2 of the following cities are in the same country: Shaoxing and Ipoh.,0
Exactly 2 of the following cities are in the same country: Caracas and Barquisimeto.,1
Exactly 2 of the following cities are in the same country: Karachi and Nizhniy Novgorod.,0
Exactly 2 of the following cities are in the same country: Islamabad and Kotli.,1
Exactly 2 of the following cities are in the same country: Detroit and Haiphong.,0
Exactly 2 of the following cities are in the same country: Kleinzschocher and Duesseldorf.,1
Exactly 2 of the following cities are in the same country: Port Harcourt and Oyo.,1
Exactly 2 of the following cities are in the same country: Naucalpan de Juarez and Soweto.,0
Exactly 2 of the following cities are in the same country: Changwon and Hwaseong-si.,1
Exactly 2 of the following cities are in the same country: Matsuyama and Kagoshima.,1
Exactly 2 of the following cities are in the same country: Detroit and The Bronx.,1
Exactly 2 of the following cities are in the same country: Jeddah and Najran.,1
Exactly 2 of the following cities are in the same country: Laibin and Quito.,0
Exactly 2 of the following cities are in the same country: Karbala and Karol Bagh.,0
Exactly 2 of the following cities are in the same country: Ipoh and Kampung Baru Subang.,1
Exactly 2 of the following cities are in the same country: Dnipro and Kharkiv.,1
Exactly 2 of the following cities are in the same country: Quezon City and Tiruchirappalli.,0
Exactly 2 of the following cities are in the same country: Ahvaz and Hamadan.,1
Exactly 2 of the following cities are in the same country: Saint Petersburg and Izhevsk.,1
Exactly 2 of the following cities are in the same country: Serang and Bekasi.,1
Exactly 2 of the following cities are in the same country: Salta and Jamshedpur.,0
Exactly 2 of the following cities are in the same country: General Santos and Las Pinas.,1
Exactly 2 of the following cities are in the same country: Mississauga and Calgary.,1
Exactly 2 of the following cities are in the same country: Bien Hoa and Da Nang.,1
Exactly 2 of the following cities are in the same country: Jieyang and Sulaymaniyah.,0
Exactly 2 of the following cities are in the same country: Bandar Lampung and Tirunelveli.,0
Exactly 2 of the following cities are in the same country: Ningbo and Rajkot.,0
Exactly 2 of the following cities are in the same country: Abeokuta and Cape Town.,0
Exactly 2 of the following cities are in the same country: Beira and Chicago.,0
Exactly 2 of the following cities are in the same country: Kermanshah and Kakamega.,0
Exactly 2 of the following cities are in the same country: Siping and Thiruvananthapuram.,0
Exactly 2 of the following cities are in the same country: Cheongju-si and Seoul.,1
Exactly 2 of the following cities are in the same country: Abu Ghurayb and Mosul.,1
Exactly 2 of the following cities are in the same country: Bucaramanga and Barranquilla.,1
Exactly 2 of the following cities are in the same country: Dnipro and Kitakyushu.,0
Exactly 2 of the following cities are in the same country: Sargodha and Quetta.,1
Exactly 2 of the following cities are in the same country: Xinyang and Puducherry.,0
Exactly 2 of the following cities are in the same country: Cheonan and Palembang.,0
Exactly 2 of the following cities are in the same country: Johor Bahru and Muzaffarabad.,0
Exactly 2 of the following cities are in the same country: Xiaogan and Cancun.,0
Exactly 2 of the following cities are in the same country: Dombivli and Suining.,0
Exactly 2 of the following cities are in the same country: Fort Worth and Ebute Ikorodu.,0
Exactly 2 of the following cities are in the same country: Erbil and Nasiriyah.,1
Exactly 2 of the following cities are in the same country: Changwon and Qinhuangdao.,0
Exactly 2 of the following cities are in the same country: Changde and Shangqiu.,1
Exactly 2 of the following cities are in the same country: Al Ain City and Abu Dhabi.,1
Exactly 2 of the following cities are in the same country: San Luis Potosi and Bareilly.,0
Exactly 2 of the following cities are in the same country: Lipetsk and Haiphong.,0
Exactly 2 of the following cities are in the same country: Sevastopol and Bhubaneswar.,0
Exactly 2 of the following cities are in the same country: Bangkok and Ciudad Nezahualcoyotl.,0
Exactly 2 of the following cities are in the same country: Cucuta and Jaboatao.,0
Exactly 2 of the following cities are in the same country: Kermanshah and Kahriz.,1
Exactly 2 of the following cities are in the same country: Comilla and Rajshahi.,1
Exactly 2 of the following cities are in the same country: General Santos and Quezon City.,1
Exactly 2 of the following cities are in the same country: Penza and Ma'anshan.,0
Exactly 2 of the following cities are in the same country: Yekaterinburg and Yaroslavl.,1
Exactly 2 of the following cities are in the same country: Ajmer and Matola.,0
Exactly 2 of the following cities are in the same country: Quezon City and Makati City.,1
Exactly 2 of the following cities are in the same country: Rahim Yar Khan and Gujranwala.,1
Exactly 2 of the following cities are in the same country: Shuangyashan and Baoji.,1
Exactly 2 of the following cities are in the same country: Qinzhou and Jalandhar.,0
Exactly 2 of the following cities are in the same country: Nyala and Bikaner.,0
Exactly 2 of the following cities are in the same country: Aden and Sanaa.,1
Exactly 2 of the following cities are in the same country: Fukuoka and Sendai.,1
Exactly 2 of the following cities are in the same country: Zigong and Izmir.,0
Exactly 2 of the following cities are in the same country: Xining and Pune.,0
Exactly 2 of the following cities are in the same country: Kalyan and Nasiriyah.,0
Exactly 2 of the following cities are in the same country: Pikine and Meizhou.,0
Exactly 2 of the following cities are in the same country: New South Memphis and Jaboatao.,0
Exactly 2 of the following cities are in the same country: Pontianak and Bekasi.,1
Exactly 2 of the following cities are in the same country: Lipetsk and Sanaa.,0
Exactly 2 of the following cities are in the same country: Tegucigalpa and Bouake.,0
Exactly 2 of the following cities are in the same country: Qom and Hamadan.,1
Exactly 2 of the following cities are in the same country: Subang Jaya and Johor Bahru.,1
Exactly 2 of the following cities are in the same country: Abu Dhabi and Shuangyashan.,0
Exactly 2 of the following cities are in the same country: Palembang and Samarinda.,1
Exactly 2 of the following cities are in the same country: Lviv and Anshun.,0
Exactly 2 of the following cities are in the same country: Tokyo and Shantou.,0
Exactly 2 of the following cities are in the same country: Mosul and Agadir.,0
Exactly 2 of the following cities are in the same country: Astrakhan and Yaroslavl.,1
Exactly 2 of the following cities are in the same country: Quetta and Kotli.,1
Exactly 2 of the following cities are in the same country: Cape Town and Binzhou.,0
Exactly 2 of the following cities are in the same country: Latakia and Jieyang.,0
Exactly 2 of the following cities are in the same country: Nuernberg and Frankfurt am Main.,1
Exactly 2 of the following cities are in the same country: Xiangtan and Lodz.,0
Exactly 2 of the following cities are in the same country: Bucaramanga and Urumqi.,0
Exactly 2 of the following cities are in the same country: Erbil and Mosul.,1
Exactly 2 of the following cities are in the same country: Culiacan and Torreon.,1
Exactly 2 of the following cities are in the same country: Suez and Giza.,1
Exactly 2 of the following cities are in the same country: Amritsar and Nyala.,0
Exactly 2 of the following cities are in the same country: Asyut and Port Said.,1
Exactly 2 of the following cities are in the same country: Luancheng and Bhubaneswar.,0
Exactly 2 of the following cities are in the same country: Nanded and Kozhikode.,1
Exactly 2 of the following cities are in the same country: Seongnam-si and Ulsan.,1
Exactly 2 of the following cities are in the same country: Bursa and Malatya.,1
Exactly 2 of the following cities are in the same country: Malacca and Ipoh.,1
Exactly 2 of the following cities are in the same country: Kathmandu and Leipzig.,0
Exactly 2 of the following cities are in the same country: Al Basrah al Qadimah and Karbala.,1
Exactly 2 of the following cities are in the same country: Guayaquil and Quito.,1
Exactly 2 of the following cities are in the same country: Orenburg and Grosszschocher.,0
Exactly 2 of the following cities are in the same country: Iztapalapa and Torreon.,1
Exactly 2 of the following cities are in the same country: Fortaleza and Rio de Janeiro.,1
Exactly 2 of the following cities are in the same country: Kimhae and Ulsan.,1
Exactly 2 of the following cities are in the same country: Budapest and Harbin.,0
Exactly 2 of the following cities are in the same country: Korla and Bamako.,0
Exactly 2 of the following cities are in the same country: Xiangtan and Makati City.,0
Exactly 2 of the following cities are in the same country: Quetta and Gujranwala.,1
Exactly 2 of the following cities are in the same country: Orenburg and Tomsk.,1
Exactly 2 of the following cities are in the same country: Santo Domingo Este and Urumqi.,0
Exactly 2 of the following cities are in the same country: Wenzhou and Bouake.,0
Exactly 2 of the following cities are in the same country: Namangan and Tashkent.,1
Exactly 2 of the following cities are in the same country: Kuantan and Malacca.,1
Exactly 2 of the following cities are in the same country: Dortmund and Grosszschocher.,1
Exactly 2 of the following cities are in the same country: Hefei and Denpasar.,0
Exactly 2 of the following cities are in the same country: Uskudar and Bhayandar.,0
Exactly 2 of the following cities are in the same country: Bekasi and Vilnius.,0
Exactly 2 of the following cities are in the same country: Qinhuangdao and Fes.,0
Exactly 2 of the following cities are in the same country: Ufa and Naberezhnyye Chelny.,1
Exactly 2 of the following cities are in the same country: Lahore and Karachi.,1
Exactly 2 of the following cities are in the same country: Ufa and Tyumen.,1
Exactly 2 of the following cities are in the same country: Bahawalpur and Irbid.,0
Exactly 2 of the following cities are in the same country: Rio de Janeiro and Joao Pessoa.,1
Exactly 2 of the following cities are in the same country: Joao Pessoa and Nova Iguacu.,1
Exactly 2 of the following cities are in the same country: Petaling Jaya and Klang.,1
Exactly 2 of the following cities are in the same country: Chicago and Queens.,1
Exactly 2 of the following cities are in the same country: Chelyabinsk and Voronezh.,1
Exactly 2 of the following cities are in the same country: Dortmund and Duesseldorf.,1
Exactly 2 of the following cities are in the same country: Kota Bharu and Petaling Jaya.,1
"Exactly 2 of the following cities are in the same country: Mianzhu, Deyang, Sichuan and Lusaka.",0
Exactly 2 of the following cities are in the same country: Brasilia and Seongnam-si.,0
Exactly 2 of the following cities are in the same country: Erzurum and Ankara.,1
Exactly 2 of the following cities are in the same country: Chattogram and Khulna.,1
Exactly 2 of the following cities are in the same country: Nova Iguacu and Porto Alegre.,1
Exactly 2 of the following cities are in the same country: Panshan and Ziyang.,1
Exactly 2 of the following cities are in the same country: South Tangerang and Jakarta.,1
Exactly 2 of the following cities are in the same country: Qom and Kahriz.,1
Exactly 2 of the following cities are in the same country: Abidjan and Abobo.,1
Exactly 2 of the following cities are in the same country: Aguascalientes and Huainan.,0
Exactly 2 of the following cities are in the same country: Nizhniy Novgorod and Hannover.,0
Exactly 2 of the following cities are in the same country: Dombivli and Dehra Dun.,1
Exactly 2 of the following cities are in the same country: Johannesburg and Pietermaritzburg.,1
Exactly 2 of the following cities are in the same country: Xiaogan and Benin City.,0
Exactly 2 of the following cities are in the same country: Palembang and Semarang.,1
Exactly 2 of the following cities are in the same country: San Miguel de Tucuman and Casablanca.,0
Exactly 2 of the following cities are in the same country: Ulyanovsk and Al Ain City.,0
Exactly 2 of the following cities are in the same country: Acapulco de Juarez and Baotou.,0
Exactly 2 of the following cities are in the same country: Antalya and Diyarbakir.,1
Exactly 2 of the following cities are in the same country: Aguascalientes and Ciudad Juarez.,1
Exactly 2 of the following cities are in the same country: Khabarovsk and Yingkou.,0
Exactly 2 of the following cities are in the same country: Puning and Bengaluru.,0
Exactly 2 of the following cities are in the same country: Taguig and Nizhniy Novgorod.,0
Exactly 2 of the following cities are in the same country: Aparecida de Goiania and Juiz de Fora.,1
Exactly 2 of the following cities are in the same country: Caracas and Ciudad Guayana.,1
Exactly 2 of the following cities are in the same country: Kimhae and Qinhuangdao.,0
Exactly 2 of the following cities are in the same country: Bujumbura and Bahawalpur.,0
Exactly 2 of the following cities are in the same country: Budapest and Mbuji-Mayi.,0
Exactly 2 of the following cities are in the same country: Wanning and Abidjan.,0
Exactly 2 of the following cities are in the same country: Bhilai and Wuzhou.,0
Exactly 2 of the following cities are in the same country: Nampula and Matola.,1
Exactly 2 of the following cities are in the same country: Daejeon and Hwaseong-si.,1
Exactly 2 of the following cities are in the same country: Nova Iguacu and Curitiba.,1
Exactly 2 of the following cities are in the same country: Palembang and Benoni.,0
Exactly 2 of the following cities are in the same country: Bishkek and Theni.,0
Exactly 2 of the following cities are in the same country: Leon de los Aldama and Baise.,0
Exactly 2 of the following cities are in the same country: Bhayandar and Luzhou.,0
Exactly 2 of the following cities are in the same country: Tonghua and Kyoto.,0
Exactly 2 of the following cities are in the same country: Narela and Kolhapur.,1
Exactly 2 of the following cities are in the same country: Boumerdes and Tebessa.,1
Exactly 2 of the following cities are in the same country: Sorocaba and Maceio.,1
Exactly 2 of the following cities are in the same country: Novokuznetsk and Pune.,0
Exactly 2 of the following cities are in the same country: Palembang and South Tangerang.,1
Exactly 2 of the following cities are in the same country: Klang and Anyang-si.,0
Exactly 2 of the following cities are in the same country: Mar del Plata and Kirkuk.,0
Exactly 2 of the following cities are in the same country: Hamhung and Matola.,0
Exactly 2 of the following cities are in the same country: Paranaque City and Pasig City.,1
