statement,label
"Exactly 1 of the following cities are in Afghanistan: Omsk, Jieyang, Kemerovo, Haiphong, and Herat.",1
"Exactly 2 of the following cities are in Guatemala: Serang, Bhayandar, Guatemala City, Kigali, and Santiago de los Caballeros.",0
"Exactly 1 of the following cities are in Argentina: Salta, Perm, Ningbo, Cixi, and Nampula.",1
"Exactly 2 of the following cities are in India: Zhengzhou, Homs, Puducherry, Tembisa, and Pietermaritzburg.",0
"Exactly 1 of the following cities are in Vietnam: Jalandhar, Ciudad Juarez, Sarajevo, Can Tho, and Shubra al Khaymah.",1
"Exactly 2 of the following cities are in China: Anshun, Santiago de Cuba, Dortmund, Latakia, and Rui'an.",1
"Exactly 2 of the following cities are in China: Wenzhou, Suwon, Macapa, Santa Maria Chimalhuacan, and Puducherry.",0
"Exactly 2 of the following cities are in China: Manaus, Huaihua, Asansol, Ya'an, and Rahim Yar Khan.",1
"Exactly 1 of the following cities are in Moldova: Chisinau, Kisangani, Zigong, Faisalabad, and Zhanjiang.",1
"Exactly 2 of the following cities are in Mexico: Nasiriyah, Sao Bernardo do Campo, Siping, Chisinau, and Acapulco de Juarez.",0
"Exactly 1 of the following cities are in Pakistan: Himeji, Warri, Peshawar, Kyiv, and Oyo.",1
"Exactly 2 of the following cities are in the United States: Homs, Erbil, New York City, Albuquerque, and Bursa.",1
"Exactly 3 of the following cities are in China: Suez, Chenzhou, Bagcilar, Heze, and Bijie.",1
"Exactly 2 of the following cities are in China: Beira, Bauchi, Uskudar, Jieyang, and Bhilai.",0
"Exactly 3 of the following cities are in China: Zhanjiang, Gwalior, Shanghai, Maoming, and Vadodara.",1
"Exactly 1 of the following cities are in Japan: Kawaguchi, Tokyo, Brazzaville, Bhilai, and Xuzhou.",0
"Exactly 2 of the following cities are in China: Rizhao, Gold Coast, Tlaquepaque, Prayagraj, and Jieyang.",1
"Exactly 2 of the following cities are in Brazil: Al Basrah al Qadimah, Madinat an Nasr, Londrina, Guarulhos, and Benoni.",1
"Exactly 2 of the following cities are in China: Bogor, Yangjiang, Santo Domingo Este, Accra, and Bouake.",0
"Exactly 2 of the following cities are in Indonesia: Cixi, Ningbo, Asyut, Fushun, and South Tangerang.",0
"Exactly 1 of the following cities are in China: Qiqihar, Kayseri, Kota Kinabalu, Guangzhou, and Uskudar.",0
"Exactly 1 of the following cities are in Germany: Tangerang, Arak, Puente Alto, Nagpur, and Dortmund.",1
"Exactly 1 of the following cities are in China: Changwon, Zhanjiang, Rostov-na-Donu, Zhenjiang, and Tianshui.",0
"Exactly 2 of the following cities are in Mexico: Panzhihua, Durban, Ciudad Juarez, Khabarovsk Vtoroy, and Astrakhan.",0
"Exactly 2 of the following cities are in China: Chiclayo, Detroit, Jiaozuo, Baotou, and Douala.",1
"Exactly 1 of the following cities are in China: Poznan, Wanxian, Chaozhou, Kitakyushu, and Mississauga.",0
"Exactly 3 of the following cities are in China: Zhumadian, Hezhou, Hengyang, Surakarta, and Almaty.",1
"Exactly 2 of the following cities are in Brazil: Bucharest, Kigali, Abu Ghurayb, Manaus, and Qionghai.",0
"Exactly 3 of the following cities are in China: Anyang, Mysore, Huangshi, Accra, and Jiangmen.",1
"Exactly 2 of the following cities are in Nigeria: Enugu, Yangquan, Karaj, Eskisehir, and Bloemfontein.",0
"Exactly 2 of the following cities are in China: Tiruchirappalli, Bekasi, Cape Town, Mudanjiang, and Xining.",1
"Exactly 2 of the following cities are in China: Xianyang, Cebu City, Siliguri, Wanzhou, and Niigata.",1
"Exactly 2 of the following cities are in India: Rohini, Muzaffarabad, Nagpur, E'zhou, and Pontianak.",1
"Exactly 1 of the following cities are in Japan: Weinan, Seongnam-si, Aktobe, Tyumen, and Niigata.",1
"Exactly 2 of the following cities are in the Democratic Republic of the Congo: Al Mahallah al Kubra, Tolyatti, San Miguel de Tucuman, Pikine, and Kinshasa.",0
"Exactly 3 of the following cities are in China: Pingdingshan, Poznan, Makassar, Anshan, and Kyoto.",0
"Exactly 1 of the following cities are in China: Goiania, Adana, Zhoushan, Guarulhos, and Aracaju.",1
"Exactly 2 of the following cities are in Côte d'Ivoire: Amman, Buraydah, Vijayawada, Brasilia, and Bouake.",0
"Exactly 2 of the following cities are in China: Xianning, Liuzhou, Abu Dhabi, Kitakyushu, and Oklahoma City.",1
"Exactly 2 of the following cities are in China: Kolkata, Phnom Penh, Yingkou, Jaipur, and Siping.",1
"Exactly 2 of the following cities are in China: Porto Alegre, Pimpri, Lubumbashi, Huizhou, and Ouagadougou.",0
"Exactly 2 of the following cities are in China: Changde, Ya'an, Ibague, Bujumbura, and San Pedro Sula.",1
"Exactly 2 of the following cities are in Germany: Ya'an, Ibague, Boumerdes, Munich, and Lviv.",0
"Exactly 3 of the following cities are in Japan: Bhilai, Kobe, Chongqing, Thiruvananthapuram, and Detroit.",0
"Exactly 1 of the following cities are in China: Quetta, Feira de Santana, Qiqihar, Rawalpindi, and Arak.",1
"Exactly 2 of the following cities are in China: Kuala Lumpur, Kathmandu, Wanning, Kampung Baru Subang, and Oyo.",0
"Exactly 2 of the following cities are in Russia: Irkutsk, Shubra al Khaymah, Quito, Fort Worth, and Laibin.",0
"Exactly 2 of the following cities are in China: Port Said, Huainan, Kimhae, Rio de Janeiro, and Weihai.",1
"Exactly 2 of the following cities are in Côte d'Ivoire: Abidjan, Ashgabat, Bogor, Zhuzhou, and Zhengzhou.",0
"Exactly 2 of the following cities are in India: Basrah, Zhuzhou, Gujranwala, Rourkela, and Ordos.",0
"Exactly 1 of the following cities are in Turkey: Kayseri, Bamako, Abu Ghurayb, Shah Alam, and Curitiba.",1
"Exactly 2 of the following cities are in China: Antananarivo, Beirut, Navi Mumbai, Binzhou, and Zhumadian.",1
"Exactly 2 of the following cities are in Norway: Hebi, Tirunelveli, Oslo, Meerut, and Santiago de Queretaro.",0
"Exactly 2 of the following cities are in India: Shaoxing, Paranaque City, Bhavnagar, Fuxin, and Mersin.",0
"Exactly 1 of the following cities are in India: Binzhou, Hohhot, Bokaro, Volgograd, and Dhanbad.",0
"Exactly 4 of the following cities are in Bangladesh: Bucheon-si, Milwaukee, Rangpur, Chizhou, and Jos.",0
"Exactly 1 of the following cities are in India: Yongzhou, Mandalay, Vadodara, Pietermaritzburg, and Nagpur.",0
"Exactly 4 of the following cities are in China: Shangyu, Mombasa, Maoming, Yinchuan, and Bengbu.",1
"Exactly 3 of the following cities are in China: Baise, Ufa, Benxi, Haiphong, and Zhaotong.",1
"Exactly 2 of the following cities are in Japan: Himeji, Chongqing, Bayannur, Jos, and Tashkent.",0
"Exactly 2 of the following cities are in China: Balikpapan, Dhanbad, Sanya, Nanchang, and Addis Ababa.",1
"Exactly 2 of the following cities are in Turkey: Antalya, Daejeon, Zhangjiagang, Izhevsk, and Wuzhou.",0
"Exactly 3 of the following cities are in Pakistan: Homs, Irkutsk, Tanggu, Rahim Yar Khan, and Handan.",0
"Exactly 2 of the following cities are in China: Liupanshui, Aktobe, Seattle, Kermanshah, and Suining.",1
"Exactly 1 of the following cities are in Malaysia: Kozhikode, Jinan, Petaling Jaya, Paranaque City, and Cebu City.",1
"Exactly 3 of the following cities are in India: Prayagraj, Aligarh, Hwaseong-si, Sambhaji Nagar, and Mexico City.",1
"Exactly 1 of the following cities are in Turkey: Langfang, Yinchuan, Istanbul, Ulsan, and Palembang.",1
"Exactly 1 of the following cities are in China: Nizhniy Novgorod, Hebi, Lianyungang, Busan, and Amravati.",0
"Exactly 2 of the following cities are in China: Kano, Suining, Samarkand, Rui'an, and Culiacan.",1
"Exactly 1 of the following cities are in China: Luohe, Shihezi, Nagoya, Khabarovsk Vtoroy, and Cebu City.",0
"Exactly 2 of the following cities are in India: Saitama, Bhubaneswar, Dandong, Nizhniy Novgorod, and Navi Mumbai.",1
"Exactly 3 of the following cities are in China: Duesseldorf, Chisinau, Wenzhou, Zigong, and Chenzhou.",1
"Exactly 2 of the following cities are in Malaysia: Kuantan, Kunming, Fort Worth, Malacca, and Himeji.",1
"Exactly 1 of the following cities are in India: Jabalpur, Esenler, Malang, Kunming, and Sao Jose dos Campos.",1
"Exactly 2 of the following cities are in China: Kaifeng, Ahvaz, Konya, Ziyang, and Victoria de Durango.",1
"Exactly 2 of the following cities are in China: Nanchong, Kyoto, Ulyanovsk, Bucaramanga, and Xuzhou.",1
"Exactly 2 of the following cities are in China: Yichang, Handan, Izmir, Diyarbakir, and Abeokuta.",1
"Exactly 2 of the following cities are in China: Bauchi, Fes, Luzhou, Johor Bahru, and Yangjiang.",1
"Exactly 1 of the following cities are in India: Rohini, Uskudar, Santiago de Cuba, Faridabad, and Fortaleza.",0
"Exactly 1 of the following cities are in China: Niamey, Nanjing, Qujing, Giza, and Langfang.",0
"Exactly 2 of the following cities are in India: Aguascalientes, Bhopal, Surat, Wroclaw, and Zaozhuang.",1
"Exactly 2 of the following cities are in India: Sokoto, Cape Town, Asansol, Kalininskiy, and Tlaquepaque.",0
"Exactly 2 of the following cities are in Malaysia: Changde, Aktobe, Kuantan, Subang Jaya, and Zaporizhzhya.",1
"Exactly 2 of the following cities are in Brazil: Tiruppur, Erzurum, Curitiba, Solapur, and Karol Bagh.",0
"Exactly 3 of the following cities are in China: Aktobe, Hefei, Irkutsk, Xining, and Dandong.",1
"Exactly 2 of the following cities are in China: Joao Pessoa, Kryvyy Rih, Weinan, Tianshui, and Minsk.",1
"Exactly 2 of the following cities are in China: Ashgabat, Santo Domingo Oeste, Jingmen, Shizuoka, and Handan.",1
"Exactly 2 of the following cities are in India: Amritsar, Kolkata, Chaozhou, Tangerang, and Yunfu.",1
"Exactly 1 of the following cities are in India: Foshan, Brazzaville, Ibadan, Sambhaji Nagar, and Shivaji Nagar.",0
"Exactly 1 of the following cities are in India: Hannover, Abuja, Kayseri, Mysore, and Kozhikode.",0
"Exactly 2 of the following cities are in the United Arab Emirates: Samarinda, Ahmedabad, Hanoi, Fortaleza, and Abu Dhabi.",0
"Exactly 2 of the following cities are in China: Zibo, Yaroslavl, Baotou, Amravati, and Paranaque City.",1
"Exactly 1 of the following cities are in Brazil: Tomsk, Aparecida de Goiania, Teresina, Jaipur, and Longyan.",0
"Exactly 3 of the following cities are in India: Puducherry, Xuanzhou, Rio de Janeiro, Hwaseong-si, and South Tangerang.",0
"Exactly 2 of the following cities are in Azerbaijan: Ordos, Port Harcourt, Herat, Baku, and Sanmenxia.",0
"Exactly 2 of the following cities are in the Philippines: Shymkent, Makati City, Ordos, Tianjin, and Balikpapan.",0
"Exactly 1 of the following cities are in India: Dalian, Tiruchirappalli, Najafgarh, Jieyang, and Douala.",0
"Exactly 2 of the following cities are in Pakistan: Hengyang, Jieyang, Lipetsk, Islamabad, and Ulan Bator.",0
"Exactly 2 of the following cities are in India: Antalya, Subang Jaya, Nowrangapur, Pimpri, and Ajmer.",0
"Exactly 4 of the following cities are in Malaysia: Ho Chi Minh City, Warri, Changwon, Kota Kinabalu, and Ashgabat.",0
"Exactly 2 of the following cities are in China: Hanoi, Huzhou, Kunshan, Pingliang, and Sambhaji Nagar.",0
"Exactly 1 of the following cities are in India: Lome, Krasnoyarsk, Mysore, Bursa, and Kashgar.",1
"Exactly 2 of the following cities are in Bulgaria: Mississauga, Homyel', Gold Coast, Sofia, and Dushanbe.",0
"Exactly 2 of the following cities are in China: Jilin, Amritsar, Milwaukee, Zhengzhou, and Maracay.",1
"Exactly 1 of the following cities are in China: Taguig, Mississauga, Linyi, Juiz de Fora, and Duesseldorf.",1
"Exactly 2 of the following cities are in Russia: Callao, Guntur, Krasnoyarsk, Daegu, and Rostov-na-Donu.",1
"Exactly 2 of the following cities are in China: Pretoria, Ar Raqqah, Huainan, Mbuji-Mayi, and Weihai.",1
"Exactly 2 of the following cities are in Saudi Arabia: Yichang, Matola, Santo Domingo Este, Ta'if, and Sanming.",0
"Exactly 2 of the following cities are in South Africa: Zhabei, Pretoria, Nagpur, Wanzhou, and Johannesburg.",1
"Exactly 2 of the following cities are in Mali: Lome, Shangrao, Bamako, Mumbai, and Mexicali.",0
"Exactly 1 of the following cities are in China: Qingdao, Yichang, Esenler, Yangquan, and Chizhou.",0
"Exactly 2 of the following cities are in Brazil: Astrakhan, Aracaju, Luohe, Aparecida de Goiania, and Quebec.",1
"Exactly 3 of the following cities are in China: Xiamen, Binzhou, Johannesburg, Qujing, and Florianopolis.",1
"Exactly 2 of the following cities are in China: Liaocheng, Multan, Tashkent, Kirkuk, and Zhangjiakou.",1
"Exactly 2 of the following cities are in China: Zibo, Da Nang, Jieyang, Uskudar, and Kota Bharu.",1
"Exactly 2 of the following cities are in Malaysia: Mersin, Can Tho, Krakow, Mudanjiang, and Kampung Baru Subang.",0
"Exactly 2 of the following cities are in Brazil: N'Djamena, Rio de Janeiro, Klang, Phnom Penh, and Yaroslavl.",0
"Exactly 3 of the following cities are in China: Homyel', Qingdao, Urumqi, Dubai, and Tianjin.",1
"Exactly 2 of the following cities are in India: Rohini, Al Mawsil al Jadidah, Zahedan, Cuiaba, and Nowrangapur.",1
"Exactly 2 of the following cities are in China: Zhangzhou, Benxi, Ankara, Iztapalapa, and Paranaque City.",1
"Exactly 2 of the following cities are in China: Shaoxing, Tiruchirappalli, Tonghua, Kolhapur, and Ho Chi Minh City.",1
"Exactly 2 of the following cities are in Russia: Port-au-Prince, Bien Hoa, Rio de Janeiro, Rostov-na-Donu, and Santo Domingo Oeste.",0
"Exactly 2 of the following cities are in Latvia: Sargodha, Riga, Addis Ababa, Moradabad, and Laibin.",0
"Exactly 1 of the following cities are in China: Kumamoto, Sanming, Hegang, Faridabad, and Maputo.",0
"Exactly 2 of the following cities are in China: Baghdad, Kota Bharu, Hengyang, Contagem, and Nuernberg.",0
"Exactly 1 of the following cities are in Brazil: Herat, Feira de Santana, Can Tho, Maturin, and Ansan-si.",1
"Exactly 2 of the following cities are in the United States: Lyon, Yangquan, Pikine, Panshan, and The Bronx.",0
"Exactly 1 of the following cities are in India: Weifang, Zahedan, Warri, Dombivli, and Jabalpur.",0
"Exactly 2 of the following cities are in Guinea: Hamadan, Rourkela, Ouagadougou, Conakry, and Cankaya.",0
"Exactly 1 of the following cities are in China: Dongying, Aparecida de Goiania, Zhenjiang, Bangkok, and Fes.",0
"Exactly 2 of the following cities are in China: Erode, Anshan, Zhangjiagang, Erbil, and Abuja.",1
"Exactly 1 of the following cities are in India: Nowrangapur, Reynosa, Sofia, Dhanbad, and Cixi.",0
"Exactly 3 of the following cities are in Ukraine: Mysore, Kayseri, Dnipro, Astrakhan, and Vadodara.",0
"Exactly 2 of the following cities are in China: Al Mawsil al Jadidah, Mexico City, Maracaibo, Suqian, and Kayseri.",0
"Exactly 2 of the following cities are in India: Karol Bagh, Shiraz, Omdurman, Queens, and Baku.",0
"Exactly 1 of the following cities are in India: Addis Ababa, Narela, Aleppo, Quetta, and Pretoria.",1
"Exactly 3 of the following cities are in Germany: Dortmund, Cebu City, Pietermaritzburg, New Kingston, and Port Said.",0
"Exactly 2 of the following cities are in China: Gaziantep, Yangon, Zhumadian, Ya'an, and Rajshahi.",1
"Exactly 2 of the following cities are in China: Madinat an Nasr, Jiamusi, Yingkou, Barranquilla, and Seongnam-si.",1
"Exactly 1 of the following cities are in India: Frankfurt am Main, Theni, Lubumbashi, Visakhapatnam, and Kitakyushu.",0
"Exactly 2 of the following cities are in India: Sapporo, Jambi City, Solapur, Zhuzhou, and Yangon.",0
"Exactly 1 of the following cities are in South Korea: Seongnam-si, Mississauga, Quetta, Kharkiv, and Tokyo.",1
"Exactly 2 of the following cities are in Nigeria: Qom, Al Mahallah al Kubra, Ilorin, Batam, and Kano.",1
"Exactly 2 of the following cities are in Turkmenistan: Comilla, Jiaozhou, Ashgabat, Luzhou, and Ya'an.",0
"Exactly 1 of the following cities are in China: Goeteborg, Zaozhuang, Najafgarh, Sambhaji Nagar, and Fushun.",0
"Exactly 4 of the following cities are in China: Weihai, Chengdu, Dombivli, Deyang, and Hanzhong.",1
"Exactly 4 of the following cities are in the United States: Guangzhou, Huainan, Chicago, Ma'anshan, and Jaipur.",0
"Exactly 1 of the following cities are in China: Ziyang, Bogor, Chaozhou, Macapa, and Can Tho.",0
"Exactly 3 of the following cities are in China: Quzhou, Nampula, Zibo, Jakarta, and Luzhou.",1
"Exactly 1 of the following cities are in Malaysia: Zhabei, Kuantan, Kyiv, Malacca, and Pyongyang.",0
"Exactly 2 of the following cities are in Nigeria: Ibadan, Kawaguchi, Abeokuta, Lu'an, and Matsuyama.",1
"Exactly 2 of the following cities are in Yemen: Reynosa, Odesa, Cuiaba, Chongqing, and Sanaa.",0
"Exactly 1 of the following cities are in Myanmar: Himeji, Guangzhou, Omdurman, Mandalay, and Niigata.",1
"Exactly 2 of the following cities are in Iraq: Krasnodar, Basrah, Mogadishu, Rostov-na-Donu, and Yangjiang.",0
"Exactly 2 of the following cities are in Turkey: Jabalpur, Bahcelievler, Latakia, Erzurum, and Rahim Yar Khan.",1
"Exactly 2 of the following cities are in Niger: Dortmund, Victoria de Durango, Suwon, Nairobi, and Niamey.",0
"Exactly 3 of the following cities are in Iraq: Baghdad, Mosul, Chennai, Bhilai, and Teresina.",0
"Exactly 3 of the following cities are in the United Arab Emirates: Al Ain City, Namangan, Kandahar, Kunming, and Sanming.",0
"Exactly 2 of the following cities are in India: Chengdu, Vijayawada, Ya'an, Hengyang, and Kunshan.",0
"Exactly 3 of the following cities are in the Philippines: Quezon City, Sanmenxia, Rizhao, Himeji, and Kunming.",0
"Exactly 2 of the following cities are in Finland: Chelyabinsk, Bloemfontein, Ciudad Nezahualcoyotl, Helsinki, and Shanghai.",0
"Exactly 1 of the following cities are in the United States: Benoni, Fort Worth, Shivaji Nagar, Kinshasa, and Ufa.",1
"Exactly 1 of the following cities are in Japan: Zaporizhzhya, Sanaa, Xianning, Kyoto, and Nova Iguacu.",1
"Exactly 1 of the following cities are in China: Goyang-si, Putian, Buraydah, Laiwu, and N'Djamena.",0
"Exactly 1 of the following cities are in India: Makati City, Subang Jaya, Anshun, Nowrangapur, and Nagpur.",0
"Exactly 2 of the following cities are in China: Leon de los Aldama, Changde, Pimpri, Rajkot, and Jiangyin.",1
"Exactly 3 of the following cities are in India: Korla, Pimpri, Mandalay, Zapopan, and E'zhou.",0
"Exactly 2 of the following cities are in Russia: Sapporo, Penza, Urumqi, Fort Worth, and Tembisa.",0
"Exactly 3 of the following cities are in the Philippines: Zhengzhou, Yinchuan, Sendai, Maputo, and Caloocan City.",0
"Exactly 3 of the following cities are in China: Ibague, Jinan, Buraydah, Tangshan, and Mudanjiang.",1
"Exactly 2 of the following cities are in Saudi Arabia: Buraydah, Maracaibo, Aparecida de Goiania, Dhanbad, and Panzhihua.",0
"Exactly 2 of the following cities are in Germany: Hohhot, Nasiriyah, Queens, Duesseldorf, and Grosszschocher.",1
"Exactly 2 of the following cities are in India: Goeteborg, Kalyan, Kano, Saitama, and Jalandhar.",1
"Exactly 2 of the following cities are in Japan: Cucuta, Osaka, Prayagraj, Daqing, and Ibadan.",0
"Exactly 2 of the following cities are in Australia: Leipzig, Gold Coast, Wanxian, Sanya, and Ahmedabad.",0
"Exactly 2 of the following cities are in India: Stockholm, Uskudar, Dehra Dun, Addis Ababa, and Ulsan.",0
"Exactly 3 of the following cities are in India: Moradabad, Aligarh, Nagpur, Zhenjiang, and Fortaleza.",1
"Exactly 2 of the following cities are in China: Krakow, Zarqa, Jilin, Diyarbakir, and Liuzhou.",1
"Exactly 2 of the following cities are in China: Suizhou, Bhopal, Kryvyy Rih, Aden, and Yunfu.",1
"Exactly 1 of the following cities are in China: Malatya, Beijing, Caloocan City, Kota Bharu, and Mukalla.",1
"Exactly 2 of the following cities are in China: Zaozhuang, Barquisimeto, Kyoto, Amman, and Luohe.",1
"Exactly 3 of the following cities are in India: Pune, Tolyatti, Bhilai, Kathmandu, and Mysore.",1
"Exactly 3 of the following cities are in China: Jilin, Munich, Goyang-si, Hanzhong, and Guiyang.",1
"Exactly 1 of the following cities are in Indonesia: Banjarmasin, Mosul, Adana, Ha'il, and Mumbai.",1
"Exactly 2 of the following cities are in China: Phnom Penh, Latakia, Chongqing, Campos dos Goytacazes, and Shenyang.",1
"Exactly 2 of the following cities are in Morocco: Mumbai, Enugu, Panzhihua, Tangier, and Asyut.",0
"Exactly 1 of the following cities are in Japan: Korla, Davao, Rizhao, Kobe, and Quito.",1
"Exactly 2 of the following cities are in China: Ziyang, Panzhihua, Koeln, Mogadishu, and Naucalpan de Juarez.",1
"Exactly 1 of the following cities are in Peru: Al Basrah al Qadimah, Anyang-si, Arequipa, Jiangmen, and Hamamatsu.",1
"Exactly 2 of the following cities are in India: Nanded, Anshan, Ar Raqqah, Ribeirao Preto, and Nashik.",1
"Exactly 3 of the following cities are in China: Qingdao, Fushun, Jieyang, Pune, and Taguig.",1
"Exactly 1 of the following cities are in China: Al Hudaydah, New Kingston, Zhoushan, Xinyang, and Sevastopol.",0
"Exactly 4 of the following cities are in China: Hebi, Makassar, Dehra Dun, Leon de los Aldama, and Tyumen.",0
"Exactly 3 of the following cities are in South Korea: Agadir, Cheonan, Iztapalapa, Wanxian, and Sanmenxia.",0
"Exactly 1 of the following cities are in Indonesia: Port Said, Kemerovo, Surakarta, Aracaju, and Bandar Lampung.",0
"Exactly 2 of the following cities are in the United States: Nanning, Bhubaneswar, Weinan, Fort Worth, and Sargodha.",0
"Exactly 1 of the following cities are in Brazil: Suwon, Khabarovsk Vtoroy, Wuzhou, Feira de Santana, and Zhuzhou.",1
"Exactly 2 of the following cities are in China: Banjarmasin, Shihezi, Zhanjiang, Asansol, and Zaporizhzhya.",1
"Exactly 2 of the following cities are in China: Lodz, Minsk, Weifang, Jiaxing, and Ahvaz.",1
"Exactly 2 of the following cities are in Sudan: Shuangyashan, Guayaquil, Nyala, Urumqi, and Zhaoqing.",0
"Exactly 2 of the following cities are in Germany: Leipzig, Zhaoqing, Lome, Anyang, and Aparecida de Goiania.",0
"Exactly 2 of the following cities are in China: Coimbatore, Shaoguan, Onitsha, Ahmedabad, and Fuxin.",1
"Exactly 2 of the following cities are in China: Tolyatti, Fushun, Zaozhuang, Erbil, and Kahriz.",1
"Exactly 2 of the following cities are in Egypt: Wuwei, Ho Chi Minh City, Quebec, Wroclaw, and Al Fayyum.",0
"Exactly 2 of the following cities are in India: Kano, Shaoguan, Guankou, Dhanbad, and Asuncion.",0
"Exactly 3 of the following cities are in China: Kawaguchi, Bareilly, Luohe, Hanzhong, and Yichang.",1
"Exactly 3 of the following cities are in India: Ludhiana, Mazar-e Sharif, Borivli, Rourkela, and Malatya.",1
"Exactly 2 of the following cities are in Chile: Puente Alto, Irbid, Porto Alegre, Kakamega, and Lianyungang.",0
"Exactly 1 of the following cities are in Mexico: Cancun, Indore, Tirunelveli, Yingkou, and Huizhou.",1
"Exactly 2 of the following cities are in Pakistan: Gujranwala, Faisalabad, Dar es Salaam, Tlalpan, and Odesa.",1
"Exactly 2 of the following cities are in Mexico: Linyi, Cancun, Wanning, Shangluo, and Naucalpan de Juarez.",1
"Exactly 2 of the following cities are in China: Curitiba, Putian, Homs, Istanbul, and Phnom Penh.",0
"Exactly 2 of the following cities are in Honduras: Abobo, Tegucigalpa, Shizuoka, Baku, and Najafgarh.",0
"Exactly 3 of the following cities are in China: Cochin, Chaozhou, Cixi, Munich, and Langfang.",1
"Exactly 2 of the following cities are in Indonesia: Port Said, Kemerovo, Surakarta, Aracaju, and Bandar Lampung.",1
"Exactly 2 of the following cities are in India: Kyiv, Visakhapatnam, Herat, Pune, and Maiduguri.",1
"Exactly 2 of the following cities are in Iran: Niamey, Zhaotong, Sao Bernardo do Campo, Ahvaz, and Jilin.",0
"Exactly 2 of the following cities are in Mexico: Kemerovo, Gujranwala, Rahim Yar Khan, Torreon, and Esenler.",0
"Exactly 3 of the following cities are in Brazil: Zhaotong, Chelyabinsk, Mersin, Porto Alegre, and Dombivli.",0
"Exactly 2 of the following cities are in India: Ibague, Malatya, Hamhung, Bilimora, and Maracaibo.",0
"Exactly 1 of the following cities are in Indonesia: Astrakhan, South Tangerang, Duesseldorf, Himeji, and Izhevsk.",1
"Exactly 3 of the following cities are in China: Shijiazhuang, Pikine, Quezon City, Yingkou, and Changde.",1
"Exactly 2 of the following cities are in Haiti: Surat, Port-au-Prince, Irbid, Hanzhong, and Kashgar.",0
"Exactly 2 of the following cities are in China: Karachi, Santiago de Queretaro, Yichang, Pyongyang, and Luzhou.",1
"Exactly 2 of the following cities are in Russia: Krasnodar, Taicang, Sanya, Omsk, and Bhavnagar.",1
"Exactly 2 of the following cities are in China: Ansan-si, Durban, Ajmer, Dandong, and Nanchang.",1
"Exactly 2 of the following cities are in China: Huaihua, Niigata, Hezhou, Mazar-e Sharif, and Ajmer.",1
"Exactly 2 of the following cities are in China: Sulaymaniyah, Himeji, Foshan, Sanming, and Ebute Ikorodu.",1
"Exactly 1 of the following cities are in the Republic of the Congo: Hwaseong-si, Meizhou, Daqing, Guatemala City, and Brazzaville.",1
"Exactly 2 of the following cities are in India: Hamadan, Indore, Tabriz, Zhaotong, and Hubli.",1
"Exactly 2 of the following cities are in China: Quebec, Gaziantep, Laiwu, Zaria, and Omdurman.",0
"Exactly 2 of the following cities are in India: Mudanjiang, Quzhou, Porto Alegre, Khulna, and Prayagraj.",0
"Exactly 2 of the following cities are in Malaysia: Conakry, Marseille, Kota Bharu, Oslo, and Al Ain City.",0
"Exactly 2 of the following cities are in Germany: Hwaseong-si, Matsuyama, Amravati, Suizhou, and Koeln.",0
"Exactly 2 of the following cities are in China: Zhaoqing, Nanning, Acapulco de Juarez, Chuzhou, and Foshan.",0
"Exactly 2 of the following cities are in Pakistan: Sanya, Ahvaz, Muzaffarabad, Solapur, and Saitama.",0
"Exactly 3 of the following cities are in South Africa: Huaihua, Beijing, Dalian, Ciudad Guayana, and Benoni.",0
"Exactly 3 of the following cities are in China: Changchun, Kumasi, Weifang, Dalian, and Chisinau.",1
"Exactly 2 of the following cities are in China: Fuxin, Tolyatti, Anyang, Kigali, and Kryvyy Rih.",1
"Exactly 2 of the following cities are in India: Meerut, Panshan, Oyo, Tianjin, and Nanded.",1
"Exactly 2 of the following cities are in China: Tonghua, Enugu, Kanayannur, Hubli, and Shangqiu.",1
"Exactly 1 of the following cities are in Indonesia: Malang, Cimahi, Johor Bahru, Wanning, and Libreville.",0
"Exactly 1 of the following cities are in China: Xinyang, Zahedan, Ilorin, Chaozhou, and Lviv.",0
"Exactly 1 of the following cities are in China: Anyang-si, Yichang, Dalian, Culiacan, and Hengyang.",0
"Exactly 3 of the following cities are in India: Hubli, Xiangtan, Bhubaneswar, Tianjin, and Tiruchirappalli.",1
"Exactly 3 of the following cities are in China: Jiangmen, Cochin, Cheonan, Xianyang, and Nanning.",1
"Exactly 1 of the following cities are in Germany: N'Djamena, Thuan An, Vladivostok, Koeln, and Muzaffarabad.",1
"Exactly 2 of the following cities are in China: Putian, Maturin, Xingtai, Guwahati, and Tyumen.",1
"Exactly 2 of the following cities are in Indonesia: General Santos, Kallakurichi, Batam, Bogor, and Almaty.",1
"Exactly 2 of the following cities are in India: Osaka, Dubai, Ankara, Coimbatore, and Jaipur.",1
"Exactly 2 of the following cities are in India: Nanchong, Karol Bagh, Ulsan, Jingmen, and Gwalior.",1
"Exactly 2 of the following cities are in China: Wanzhou, Wanning, Thiruvananthapuram, Jabalpur, and Bucaramanga.",1
"Exactly 2 of the following cities are in India: Guang'an, Albuquerque, Cochin, Indore, and Ansan-si.",1
"Exactly 2 of the following cities are in Ukraine: Kryvyy Rih, Abobo, Xining, Liupanshui, and Warangal.",0
"Exactly 2 of the following cities are in Iraq: Bogor, Bahawalpur, Sanya, Sulaymaniyah, and Karbala.",1
"Exactly 2 of the following cities are in the United Arab Emirates: Meknes, Xianyang, Bareilly, Managua, and Sharjah.",0
"Exactly 1 of the following cities are in China: Jilin, Munich, Goyang-si, Hanzhong, and Guiyang.",0
"Exactly 2 of the following cities are in Iran: Muzaffarabad, Diyarbakir, Barranquilla, Liaocheng, and Kermanshah.",0
"Exactly 2 of the following cities are in Iran: Warri, Isfahan, Hebi, Huaibei, and Rostov-na-Donu.",0
"Exactly 1 of the following cities are in Russia: Nova Iguacu, Astrakhan, Kalyan, Bhayandar, and Fort Worth.",1
"Exactly 1 of the following cities are in Saudi Arabia: Binzhou, Bandar Lampung, Jeddah, Fortaleza, and Pingliang.",1
"Exactly 2 of the following cities are in Turkey: Uskudar, Rajkot, Malatya, Daegu, and Kimhae.",1
"Exactly 1 of the following cities are in China: Khabarovsk, Jiangyin, Recife, Curitiba, and Sanmenxia.",0
"Exactly 1 of the following cities are in Tanzania: Panshan, Dar es Salaam, Vilnius, Santiago de Queretaro, and Kunming.",1
"Exactly 1 of the following cities are in India: Bhilai, Cangzhou, Hiroshima, Korla, and Ciudad Guayana.",1
"Exactly 2 of the following cities are in Egypt: Stockholm, Bhubaneswar, Al Fayyum, Xianning, and Maracay.",0
"Exactly 2 of the following cities are in Brazil: Haiphong, Aleppo, Tangier, Sao Jose dos Campos, and Naucalpan de Juarez.",0
"Exactly 2 of the following cities are in Russia: Coimbatore, Campos dos Goytacazes, Cankaya, Kemerovo, and Panshan.",0
"Exactly 2 of the following cities are in India: Joao Pessoa, Abidjan, Port Said, Incheon, and Kanpur.",0
"Exactly 2 of the following cities are in India: Guwahati, Ganzhou, Ibadan, Kermanshah, and Erode.",1
"Exactly 2 of the following cities are in China: Qujing, Ulsan, Arak, Tianjin, and Indore.",1
"Exactly 2 of the following cities are in Azerbaijan: Qinhuangdao, Baku, Caracas, Yunfu, and Weifang.",0
"Exactly 2 of the following cities are in Canada: Jambi City, Rajshahi, Mbuji-Mayi, Huizhou, and Mississauga.",0
"Exactly 1 of the following cities are in China: Tokyo, Ufa, Huizhou, Sofia, and Liuzhou.",0
"Exactly 2 of the following cities are in Russia: Yaroslavl, Quito, Tanggu, Bangkok, and Yangjiang.",0
"Exactly 2 of the following cities are in Brazil: Cancun, Florianopolis, Uberlandia, Langfang, and Bhayandar.",1
"Exactly 4 of the following cities are in the Philippines: Abobo, Karaj, Hiroshima, Cebu City, and Zhangjiagang.",0
"Exactly 2 of the following cities are in Canada: Shenzhen, Winnipeg, Manaus, Kryvyy Rih, and Zhaoqing.",0
"Exactly 1 of the following cities are in China: Qujing, Jiujiang, Kolhapur, Ningbo, and Luancheng.",0
"Exactly 1 of the following cities are in China: Suez, Bhubaneswar, Zhenjiang, Xiangtan, and Jinan.",0
"Exactly 2 of the following cities are in China: Wenzhou, Chuzhou, Tanggu, Karaj, and Nowrangapur.",0
"Exactly 1 of the following cities are in India: Zhoushan, Mississauga, Ghaziabad, Ciudad Guayana, and Pimpri.",0
"Exactly 2 of the following cities are in Germany: Cape Town, Cancun, Kano, Urumqi, and Duesseldorf.",0
"Exactly 2 of the following cities are in China: Tangshan, Naucalpan de Juarez, Astrakhan, Lanzhou, and Faridabad.",1
"Exactly 2 of the following cities are in Indonesia: Bogor, Kobe, San Miguel de Tucuman, Changde, and Dalian.",0
"Exactly 1 of the following cities are in China: Indore, Antalya, Anshan, Guiyang, and Himeji.",0
"Exactly 1 of the following cities are in Japan: Niigata, Gold Coast, Omsk, Chengdu, and Zhangzhou.",1
"Exactly 2 of the following cities are in China: Ulsan, Zunyi, Xuanzhou, Seoul, and Barranquilla.",1
"Exactly 2 of the following cities are in China: Pingliang, Ipoh, Bhopal, Prayagraj, and Makhachkala.",0
"Exactly 1 of the following cities are in Nigeria: Brazzaville, E'zhou, Antananarivo, Ebute Ikorodu, and Cankaya.",1
"Exactly 1 of the following cities are in Egypt: Jeonju, Haiphong, Johor Bahru, Bhayandar, and Suez.",1
"Exactly 1 of the following cities are in Egypt: Al Mahallah al Kubra, Frankfurt am Main, Huzhou, Santiago de Cuba, and Xianning.",1
"Exactly 2 of the following cities are in Argentina: Meizhou, Arequipa, Mar del Plata, Changchun, and Ribeirao Preto.",0
"Exactly 2 of the following cities are in Colombia: Cucuta, Najran, Lahore, Islamabad, and Guntur.",0
"Exactly 2 of the following cities are in China: Ulhasnagar, Rui'an, Mombasa, Zunyi, and Port Said.",1
"Exactly 2 of the following cities are in China: Hannover, Jiangmen, Sapporo, Maturin, and Linfen.",1
"Exactly 4 of the following cities are in Mexico: Yingkou, Santa Maria Chimalhuacan, Nampula, Marseille, and Novosibirsk.",0
"Exactly 2 of the following cities are in China: Kuantan, Foshan, Seongnam-si, New South Memphis, and Nanchang.",1
"Exactly 2 of the following cities are in China: Tianjin, Kathmandu, Lyon, Teresina, and Xinyang.",1
"Exactly 1 of the following cities are in Sweden: Buraydah, Port-au-Prince, Tabriz, Surat, and Goeteborg.",1
"Exactly 3 of the following cities are in Zimbabwe: Shenzhen, Cebu City, Bulawayo, Madurai, and Cankaya.",0
"Exactly 3 of the following cities are in Yemen: Nouakchott, Sanaa, Queens, Kano, and Amman.",0
"Exactly 3 of the following cities are in India: Bareilly, Tabriz, Khabarovsk, Yunfu, and Oklahoma City.",0
"Exactly 1 of the following cities are in Finland: Suining, Hamadan, Sokoto, Lilongwe, and Helsinki.",1
"Exactly 2 of the following cities are in Ukraine: Harbin, Tianjin, Can Tho, Aparecida de Goiania, and Lviv.",0
"Exactly 1 of the following cities are in China: Binzhou, Hebi, Ilorin, Seoul, and Zarqa.",0
"Exactly 4 of the following cities are in China: Tianshui, Langfang, Xiaogan, Hegang, and Samarinda.",1
"Exactly 3 of the following cities are in Mexico: Hubli, Warangal, Cancun, Brazzaville, and Leipzig.",0
"Exactly 1 of the following cities are in India: Kanayannur, Rajkot, Abeokuta, Brazzaville, and Orenburg.",0
"Exactly 2 of the following cities are in Kenya: Rostov-na-Donu, Changshu, Jiamusi, Mombasa, and Borivli.",0
"Exactly 4 of the following cities are in China: Xuanzhou, Deyang, Siping, Grosszschocher, and Panshan.",1
"Exactly 2 of the following cities are in China: Tirunelveli, Panshan, San Luis Potosi, Abobo, and Bilimora.",0
"Exactly 1 of the following cities are in China: Marseille, Jos, Huangshi, Pikine, and Tashkent.",1
"Exactly 2 of the following cities are in Iran: Surat, Antananarivo, Lianyungang, Tehran, and Ningbo.",0
"Exactly 2 of the following cities are in Bangladesh: Quetta, Chicago, Shizuoka, Aleppo, and Chattogram.",0
"Exactly 3 of the following cities are in China: Daqing, Quezon City, Cucuta, Hegang, and Zhumadian.",1
"Exactly 1 of the following cities are in China: Guilin, Chelyabinsk, Chenzhou, Joao Pessoa, and Urumqi.",0
"Exactly 2 of the following cities are in China: Nagoya, Bengaluru, Fuxin, Yangjiang, and Sofia.",1
"Exactly 2 of the following cities are in Malaysia: Porto Alegre, Yangquan, Shah Alam, Zaria, and Samarkand.",0
"Exactly 2 of the following cities are in India: Winnipeg, Ciudad Nezahualcoyotl, Ma'anshan, Borivli, and Tijuana.",0
"Exactly 1 of the following cities are in Uzbekistan: Calgary, Tashkent, Rajshahi, Battagram, and Banjarmasin.",1
"Exactly 2 of the following cities are in China: Shihezi, Paranaque City, Lianyungang, Santiago de los Caballeros, and Bokaro.",1
"Exactly 3 of the following cities are in China: Muzaffarabad, Rajshahi, Maoming, Xinyang, and Shaoxing.",1
"Exactly 1 of the following cities are in China: Bhilai, Ulsan, Putian, Yinchuan, and Pasig City.",0
"Exactly 1 of the following cities are in South Africa: Johannesburg, The Bronx, Jiangmen, Nowrangapur, and Fuxin.",1
"Exactly 2 of the following cities are in China: Lilongwe, Bulawayo, Kandahar, Ghaziabad, and Hefei.",0
"Exactly 2 of the following cities are in Kenya: Ar Raqqah, Nairobi, Ha'il, Mexicali, and Kigali.",0
"Exactly 2 of the following cities are in the Philippines: Nairobi, Taguig, Langfang, Al Ain City, and Ufa.",0
"Exactly 3 of the following cities are in China: Kigali, Bamako, Suqian, Faisalabad, and Dortmund.",0
"Exactly 2 of the following cities are in China: Santo Domingo Este, Ecatepec de Morelos, Kashgar, Nanchong, and Tebessa.",1
"Exactly 2 of the following cities are in Russia: Rahim Yar Khan, Ryazan', Barnaul, Tangerang, and Harare.",1
"Exactly 2 of the following cities are in Turkey: Bijie, Erzurum, Zhangjiagang, Suqian, and Shizuoka.",0
"Exactly 1 of the following cities are in China: Khartoum, Bayannur, Jeonju, Erode, and Shaoguan.",0
"Exactly 2 of the following cities are in India: Sulaymaniyah, Prayagraj, Sao Bernardo do Campo, Sanya, and Moradabad.",1
"Exactly 1 of the following cities are in Mexico: Zapopan, Rourkela, Kumamoto, Belo Horizonte, and Guankou.",1
"Exactly 2 of the following cities are in China: Bhiwandi, E'zhou, Odesa, Guatemala City, and Marseille.",0
"Exactly 2 of the following cities are in Ethiopia: Weihai, Addis Ababa, Shenyang, Mbuji-Mayi, and Phnom Penh.",0
"Exactly 2 of the following cities are in Indonesia: Baotou, Serang, Bogor, Wuzhou, and Pikine.",1
"Exactly 3 of the following cities are in Chile: Puente Alto, Cochin, Ulhasnagar, Barquisimeto, and Warangal.",0
"Exactly 3 of the following cities are in Turkey: Batam, Sendai, Hubli, Ashgabat, and Izmir.",0
"Exactly 2 of the following cities are in China: Kota Kinabalu, Bagcilar, Malacca, Baotou, and Orenburg.",0
"Exactly 3 of the following cities are in Afghanistan: Nanjing, Jaipur, Dehra Dun, Herat, and Yingkou.",0
"Exactly 2 of the following cities are in South Africa: Yerevan, Munich, Benoni, Cebu City, and Dalian.",0
"Exactly 1 of the following cities are in India: Culiacan, Ordos, Wroclaw, Cochin, and Kleinzschocher.",1
"Exactly 2 of the following cities are in Indonesia: Tangerang, Guigang, Sevastopol, Al Hudaydah, and Meizhou.",0
"Exactly 2 of the following cities are in India: Rohini, Uskudar, Santiago de Cuba, Faridabad, and Fortaleza.",1
"Exactly 3 of the following cities are in China: Tiruppur, Jieyang, Guangzhou, Izhevsk, and Linyi.",1
"Exactly 1 of the following cities are in India: Dhanbad, Surat, Jaipur, Shantou, and Al Ain City.",0
"Exactly 2 of the following cities are in India: Indianapolis, Faridabad, Jaipur, Batam, and Yingkou.",1
"Exactly 2 of the following cities are in China: Faridabad, Harbin, Zigong, Kahriz, and Recife.",1
"Exactly 2 of the following cities are in India: Santiago de Queretaro, Jilin, Rourkela, Changchun, and Marrakesh.",0
"Exactly 3 of the following cities are in China: Eskisehir, Madinat an Nasr, Qionghai, Irkutsk, and Soweto.",0
"Exactly 2 of the following cities are in Iraq: Basrah, Onitsha, Shijiazhuang, Tonghua, and Zhengzhou.",0
"Exactly 2 of the following cities are in China: Munich, Guiyang, Samarinda, Siping, and Ha'il.",1
"Exactly 2 of the following cities are in Brazil: Ahvaz, Sao Paulo, Mazar-e Sharif, Gaziantep, and Kisangani.",0
"Exactly 2 of the following cities are in China: Tucson, Bhubaneswar, Panshan, Quetta, and Lanzhou.",1
"Exactly 1 of the following cities are in Kuwait: Ya'an, Khulna, Jabalpur, Al Ahmadi, and Sendai.",1
"Exactly 2 of the following cities are in Lithuania: Yongzhou, Vilnius, Bikaner, Isfahan, and Soweto.",0
"Exactly 3 of the following cities are in Russia: Ryazan', Haiphong, Managua, Xinyang, and Goeteborg.",0
"Exactly 1 of the following cities are in the United States: The Bronx, Rajshahi, Dombivli, Chennai, and Oklahoma City.",0
"Exactly 2 of the following cities are in Brazil: Fortaleza, Anyang-si, Kharkiv, Kayseri, and Porto Velho.",1
"Exactly 1 of the following cities are in South Africa: Zhabei, Pretoria, Nagpur, Wanzhou, and Johannesburg.",0
"Exactly 2 of the following cities are in India: Nashik, Bucaramanga, Meizhou, Guwahati, and General Santos.",1
"Exactly 2 of the following cities are in Zimbabwe: Tianshui, Tianjin, Harare, Kumamoto, and Jaipur.",0
"Exactly 2 of the following cities are in China: New South Memphis, Oyo, Zhanjiang, Pingliang, and Kayseri.",1
"Exactly 1 of the following cities are in Russia: Makhachkala, Tianshui, Kozhikode, Krasnodar, and Niamey.",0
"Exactly 2 of the following cities are in Tajikistan: Hannover, Taicang, Dushanbe, Tokyo, and Chicago.",0
"Exactly 1 of the following cities are in South Korea: Detroit, Xuanzhou, Lanzhou, Hwaseong-si, and Qinzhou.",1
"Exactly 1 of the following cities are in China: Kobe, Al Basrah al Qadimah, Changchun, Mogadishu, and Qionghai.",0
"Exactly 1 of the following cities are in India: Tianjin, Moradabad, Himeji, Conakry, and Battagram.",1
"Exactly 1 of the following cities are in Cuba: Shuangyashan, Daqing, Santiago de Cuba, Al Mahallah al Kubra, and Wroclaw.",1
"Exactly 2 of the following cities are in Japan: Kobe, Meerut, Hubli, Hachioji, and Bahcelievler.",1
"Exactly 2 of the following cities are in China: Tianjin, Kanpur, Managua, Palembang, and Xuchang.",1
"Exactly 2 of the following cities are in China: Jilin, Santa Maria Chimalhuacan, Weifang, Bujumbura, and Cancun.",1
"Exactly 2 of the following cities are in India: Malatya, Ciudad Juarez, Cankaya, Guntur, and Wanzhou.",0
"Exactly 2 of the following cities are in China: Neijiang, Bayannur, Coimbatore, Calgary, and Shubra al Khaymah.",1
"Exactly 2 of the following cities are in Indonesia: Stockholm, Marseille, Naucalpan de Juarez, Bandar Lampung, and Odesa.",0
"Exactly 1 of the following cities are in China: Port-au-Prince, Bengaluru, Xianning, Shangyu, and Qingdao.",0
"Exactly 1 of the following cities are in India: Helsinki, Semarang, Urumqi, Ulhasnagar, and Goiania.",1
"Exactly 2 of the following cities are in India: Semarang, Sargodha, Xianning, Accra, and Coimbatore.",0
"Exactly 1 of the following cities are in India: Maceio, Asansol, Chisinau, Busan, and Dortmund.",1
"Exactly 2 of the following cities are in China: Mudanjiang, Wroclaw, Matsuyama, Xinyang, and Kagoshima.",1
"Exactly 2 of the following cities are in Iraq: Xiamen, Detroit, Nasiriyah, Amravati, and Malang.",0
"Exactly 2 of the following cities are in Indonesia: Surakarta, Ganzhou, Hamhung, Langfang, and Detroit.",0
"Exactly 2 of the following cities are in Belarus: Kakamega, Novokuznetsk, Bhopal, Minsk, and Guilin.",0
"Exactly 1 of the following cities are in India: Dhanbad, Dehra Dun, Bayannur, Manaus, and Porto Alegre.",0
"Exactly 2 of the following cities are in China: Dortmund, Bobo-Dioulasso, Shuangyashan, Meizhou, and Mosul.",1
"Exactly 1 of the following cities are in the United States: Aden, Indianapolis, Caloocan City, Mandalay, and Matola.",1
"Exactly 1 of the following cities are in China: Shaoxing, Tiruchirappalli, Tonghua, Kolhapur, and Ho Chi Minh City.",0
"Exactly 1 of the following cities are in China: Yangquan, Amritsar, Qinzhou, Benin City, and Dar es Salaam.",0
"Exactly 2 of the following cities are in China: Shihezi, Kallakurichi, Pingdingshan, Gold Coast, and Jos.",1
"Exactly 2 of the following cities are in Russia: Acapulco de Juarez, Lipetsk, Kuala Lumpur, Najafgarh, and Xiamen.",0
"Exactly 1 of the following cities are in Japan: Guiyang, Callao, Matsuyama, Sanming, and Pingdingshan.",1
"Exactly 2 of the following cities are in Mozambique: Tebessa, Matola, Mar del Plata, Visakhapatnam, and Changwon.",0
"Exactly 2 of the following cities are in China: Handan, Maputo, New Kingston, Wanning, and Cixi.",0
"Exactly 3 of the following cities are in Canada: Bijie, Yingkou, Cape Town, Winnipeg, and Taguig.",0
"Exactly 2 of the following cities are in South Africa: Nanchong, Al Hudaydah, Peshawar, Soweto, and Ulsan.",0
"Exactly 2 of the following cities are in China: Nagoya, Pingliang, Bengaluru, Vadodara, and Shanghai.",1
"Exactly 2 of the following cities are in Iran: Warangal, Jakarta, Tabriz, Chisinau, and Algiers.",0
"Exactly 4 of the following cities are in China: Harare, Anshun, Jabalpur, Tyumen, and Multan.",0
"Exactly 3 of the following cities are in China: Basrah, Anqing, Yiwu, Jiamusi, and Grosszschocher.",1
"Exactly 1 of the following cities are in Indonesia: Baoji, Huainan, Jambi City, Koeln, and Tebessa.",1
"Exactly 2 of the following cities are in Iran: Ribeirao Preto, Shiraz, Zunyi, Ghaziabad, and Gold Coast.",0
"Exactly 2 of the following cities are in Niger: Albuquerque, Aden, Kyiv, Niamey, and Jabalpur.",0
"Exactly 2 of the following cities are in Indonesia: Guigang, Kotli, Jos, Samarinda, and Yichang.",0
"Exactly 1 of the following cities are in Venezuela: Erode, Yaroslavl, Ciudad Guayana, Bhiwandi, and Barquisimeto.",0
"Exactly 2 of the following cities are in China: Zarqa, Cheongju-si, New York City, Wanxian, and Rangpur.",0
"Exactly 3 of the following cities are in China: Bouake, Zhangye, Hangzhou, Ho Chi Minh City, and Guigang.",1
"Exactly 1 of the following cities are in Pakistan: Battagram, Faisalabad, Quebec, Baotou, and Taicang.",0
"Exactly 3 of the following cities are in Cameroon: Nouakchott, Douala, Cape Town, Hachioji, and Bien Hoa.",0
"Exactly 1 of the following cities are in Iran: Tangier, Zaporizhzhya, Arak, Goyang-si, and Foshan.",1
"Exactly 2 of the following cities are in Bangladesh: Cixi, Chizhou, Barnaul, Irkutsk, and Chattogram.",0
"Exactly 2 of the following cities are in China: Algiers, Ufa, Handan, Zhoushan, and Rahim Yar Khan.",1
"Exactly 2 of the following cities are in China: Qujing, Harare, Huangshi, Faisalabad, and Erode.",1
"Exactly 2 of the following cities are in China: Baise, Antwerpen, Yaounde, Jingmen, and Barnaul.",1
"Exactly 2 of the following cities are in China: Khabarovsk, Jiangyin, Recife, Curitiba, and Sanmenxia.",1
"Exactly 1 of the following cities are in Brazil: Ciudad Nezahualcoyotl, Teresina, Latakia, Zagreb, and Fes.",1
"Exactly 2 of the following cities are in the United States: Liaocheng, Bhayandar, Chicago, Osaka, and Huaibei.",0
"Exactly 2 of the following cities are in China: Coyoacan, Wuzhou, Dandong, Niamey, and Makhachkala.",1
"Exactly 2 of the following cities are in China: Guankou, Cucuta, Benxi, Seoul, and Hamadan.",1
"Exactly 1 of the following cities are in Vietnam: Chaozhou, Zhangzhou, Lipetsk, Haiphong, and Port Harcourt.",1
"Exactly 1 of the following cities are in China: Namangan, Bien Hoa, Thane, Liupanshui, and Serang.",1
"Exactly 4 of the following cities are in Saudi Arabia: Jambi City, Ryazan', Ha'il, Jalandhar, and Shangqiu.",0
"Exactly 2 of the following cities are in Egypt: Suez, Khabarovsk, Chattogram, Qujing, and Khulna.",0
"Exactly 2 of the following cities are in China: Varanasi, Denpasar, Dandong, Huainan, and Kota Kinabalu.",1
"Exactly 1 of the following cities are in China: Tangshan, Naucalpan de Juarez, Astrakhan, Lanzhou, and Faridabad.",0
"Exactly 3 of the following cities are in China: Hefei, Huaihua, Panshan, Duque de Caxias, and Ciudad Juarez.",1
"Exactly 3 of the following cities are in China: Perm, Hengyang, Al Ain City, Panzhihua, and Taicang.",1
"Exactly 1 of the following cities are in India: Sulaymaniyah, Prayagraj, Sao Bernardo do Campo, Sanya, and Moradabad.",0
"Exactly 2 of the following cities are in India: Bhayandar, Kozhikode, Pikine, Volgograd, and Zhangjiakou.",1
"Exactly 2 of the following cities are in China: Naberezhnyye Chelny, Zagreb, Bahawalpur, Vilnius, and Cangzhou.",0
"Exactly 2 of the following cities are in India: Winnipeg, Vilnius, Bishkek, Prayagraj, and Yinchuan.",0
"Exactly 1 of the following cities are in Turkey: Jabalpur, Bahcelievler, Latakia, Erzurum, and Rahim Yar Khan.",0
"Exactly 2 of the following cities are in Brazil: Battagram, Madurai, Kolhapur, Nanchang, and Cuiaba.",0
"Exactly 2 of the following cities are in Malaysia: Zhumadian, Homs, Urumqi, Malacca, and Suqian.",0
"Exactly 2 of the following cities are in Canada: Kirkuk, Rawalpindi, Quebec, Bagcilar, and Calgary.",1
"Exactly 3 of the following cities are in Iran: Buraydah, Managua, Muzaffarabad, Jamshedpur, and Karaj.",0
"Exactly 1 of the following cities are in Turkey: Pasig City, Erzurum, Laibin, Rio de Janeiro, and Istanbul.",0
"Exactly 1 of the following cities are in Indonesia: Luohe, Coyoacan, Balikpapan, Cancun, and Grosszschocher.",1
"Exactly 1 of the following cities are in China: South Tangerang, Lu'an, Neijiang, Meizhou, and Zhangjiakou.",0
"Exactly 2 of the following cities are in India: Jieyang, Cancun, Jingmen, Sambhaji Nagar, and Kawaguchi.",0
"Exactly 2 of the following cities are in Mexico: Torreon, Xuanzhou, Coyoacan, Daegu, and Hegang.",1
"Exactly 2 of the following cities are in Russia: Amman, Rostov-na-Donu, Chongqing, Hanzhong, and Sao Paulo.",0
"Exactly 2 of the following cities are in India: Dhanbad, Dehra Dun, Bayannur, Manaus, and Porto Alegre.",1
"Exactly 2 of the following cities are in Germany: Tangerang, Arak, Puente Alto, Nagpur, and Dortmund.",0
"Exactly 2 of the following cities are in South Africa: Minsk, Lyon, Benoni, Ufa, and Winnipeg.",0
"Exactly 2 of the following cities are in Turkey: Jamshedpur, Benin City, Malatya, Abuja, and Mbuji-Mayi.",0
"Exactly 3 of the following cities are in China: Anyang-si, Yichang, Dalian, Culiacan, and Hengyang.",1
"Exactly 1 of the following cities are in China: Kandahar, Fushun, Zhangjiagang, Beijing, and Borivli.",0
"Exactly 1 of the following cities are in China: Jiaozuo, Pietermaritzburg, Chuzhou, Chizhou, and Zaporizhzhya.",0
"Exactly 3 of the following cities are in India: Bikaner, Cheonan, Mysore, Guilin, and Gwalior.",1
"Exactly 2 of the following cities are in China: Tokyo, Abuja, Handan, Shihezi, and Maoming.",0
"Exactly 1 of the following cities are in China: Ordos, Baku, Jiaozhou, Bikaner, and Kano.",0
"Exactly 2 of the following cities are in Mexico: Rourkela, Khartoum, Tijuana, Omsk, and Ar Raqqah.",0
"Exactly 3 of the following cities are in Russia: Pekanbaru, Orenburg, Callao, Zhoushan, and Milwaukee.",0
"Exactly 2 of the following cities are in Pakistan: Dalian, Anyang-si, Guigang, Porto Alegre, and Rahim Yar Khan.",0
"Exactly 2 of the following cities are in Azerbaijan: Florianopolis, Aparecida de Goiania, Baku, General Santos, and Shaoxing.",0
"Exactly 2 of the following cities are in Japan: Ulhasnagar, Mysore, San Miguel de Tucuman, Aguascalientes, and Hachioji.",0
"Exactly 3 of the following cities are in Brazil: Yerevan, Guankou, Hohhot, Ordos, and Macapa.",0
"Exactly 2 of the following cities are in China: Hengyang, Shaoxing, Jos, Kallakurichi, and Orumiyeh.",1
"Exactly 2 of the following cities are in Nigeria: Port Harcourt, Anqing, Malang, Khulna, and Nanchong.",0
"Exactly 2 of the following cities are in India: Belo Horizonte, Kanpur, Chenzhou, Kumamoto, and Panshan.",0
"Exactly 1 of the following cities are in India: Shenyang, Zhuzhou, Chongqing, Amritsar, and Florianopolis.",1
"Exactly 2 of the following cities are in Indonesia: Addis Ababa, Jinan, Bogor, Navi Mumbai, and Samarkand.",0
"Exactly 2 of the following cities are in China: Weinan, Khabarovsk Vtoroy, Zhanjiang, Quetta, and Cheongju-si.",1
"Exactly 1 of the following cities are in China: Sulaymaniyah, Penza, Langfang, Bengaluru, and Poznan.",1
"Exactly 1 of the following cities are in China: Huaibei, Yinchuan, Guangyuan, Cankaya, and Zibo.",0
"Exactly 1 of the following cities are in India: Salta, Amritsar, Puning, Abuja, and Arequipa.",1
"Exactly 2 of the following cities are in China: Cotonou, Madurai, Shizuoka, Hohhot, and Ningbo.",1
"Exactly 2 of the following cities are in South Korea: Hannover, Varanasi, Kobe, Tiruppur, and Jeonju.",0
"Exactly 2 of the following cities are in India: Huangshi, Niamey, Puducherry, Juiz de Fora, and Tianshui.",0
"Exactly 2 of the following cities are in India: Ulhasnagar, Dortmund, Cuttack, Yiwu, and Sendai.",1
"Exactly 3 of the following cities are in India: Seattle, Madurai, Fort Worth, Sao Jose dos Campos, and Da Nang.",0
"Exactly 2 of the following cities are in China: Kitakyushu, Kota Bharu, Kunshan, Kashgar, and Kigali.",1
"Exactly 2 of the following cities are in China: Bengaluru, Wanning, Budapest, Rui'an, and Baghdad.",1
"Exactly 3 of the following cities are in Russia: Kalininskiy, Malacca, Matola, Zhumadian, and Shiraz.",0
"Exactly 3 of the following cities are in China: Antananarivo, Beirut, Navi Mumbai, Binzhou, and Zhumadian.",0
"Exactly 2 of the following cities are in Pakistan: Diyarbakir, Hegang, Karachi, Kharkiv, and Niamey.",0
"Exactly 2 of the following cities are in China: Xuanzhou, Abuja, Huainan, Nouakchott, and Osaka.",1
"Exactly 1 of the following cities are in Colombia: Peshawar, Yibin, Meknes, Ankara, and Ibague.",1
"Exactly 3 of the following cities are in China: Astrakhan, Pingliang, Tianshui, Arequipa, and Wuwei.",1
"Exactly 2 of the following cities are in China: Hebi, Hachioji, Balikpapan, Kobe, and Shenzhen.",1
"Exactly 4 of the following cities are in China: Siping, Guiyang, Weifang, Amritsar, and Luzhou.",1
"Exactly 3 of the following cities are in China: Amritsar, Khabarovsk, Paranaque City, Xiamen, and Abobo.",0
"Exactly 3 of the following cities are in China: Pontianak, Anshan, Ma'anshan, Tanggu, and Kryvyy Rih.",1
"Exactly 2 of the following cities are in Russia: Shuangyashan, Irbid, Tolyatti, Makassar, and Barquisimeto.",0
"Exactly 2 of the following cities are in Indonesia: Jakarta, Huainan, Perm, Khulna, and Marseille.",0
"Exactly 2 of the following cities are in China: Bouake, Siping, Bien Hoa, Nay Pyi Taw, and Tehran.",0
"Exactly 3 of the following cities are in Guatemala: Brasilia, Guatemala City, Hangzhou, Ziyang, and Shaoguan.",0
"Exactly 2 of the following cities are in Pakistan: Rawalpindi, Hubli, Zhaotong, Ranchi, and Agadir.",0
"Exactly 2 of the following cities are in the United States: The Bronx, Rajshahi, Dombivli, Chennai, and Oklahoma City.",1
"Exactly 3 of the following cities are in China: Shihezi, Paranaque City, Lianyungang, Santiago de los Caballeros, and Bokaro.",0
"Exactly 2 of the following cities are in China: E'zhou, Sulaymaniyah, Zhuzhou, Kano, and Recife.",1
"Exactly 1 of the following cities are in China: Suining, Brasilia, Benxi, Goeteborg, and Weinan.",0
"Exactly 2 of the following cities are in Malaysia: Shihezi, Ganzhou, Kuala Lumpur, Narela, and Meknes.",0
"Exactly 2 of the following cities are in Brazil: Chizhou, Bucharest, Curitiba, Feira de Santana, and Davao.",1
"Exactly 2 of the following cities are in Iraq: Quito, Siping, Krakow, Changwon, and Kirkuk.",0
"Exactly 1 of the following cities are in Paraguay: Asuncion, Homs, Yerevan, Mexico City, and Baghdad.",1
"Exactly 2 of the following cities are in Myanmar: Liaocheng, Taicang, Mandalay, Bengaluru, and Karaj.",0
"Exactly 1 of the following cities are in China: Kunming, Yongzhou, Bokaro, Huainan, and Hanzhong.",0
"Exactly 2 of the following cities are in Japan: Shymkent, Kawaguchi, Guankou, Kaifeng, and Yaroslavl.",0
"Exactly 1 of the following cities are in Brazil: Xiamen, Guarulhos, Kyiv, Beira, and Manaus.",0
"Exactly 2 of the following cities are in Indonesia: Shivaji Nagar, Istanbul, Saitama, Santa Maria Chimalhuacan, and Banjarmasin.",0
"Exactly 2 of the following cities are in China: Qinzhou, Tabriz, Pingliang, Queens, and Malacca.",1
"Exactly 1 of the following cities are in China: Quzhou, Queens, Omsk, Conakry, and Sanaa.",1
"Exactly 2 of the following cities are in India: Benin City, Bhiwandi, Xiangtan, Calgary, and Odesa.",0
"Exactly 4 of the following cities are in Mexico: Jamshedpur, Detroit, Santiago de Queretaro, Leon de los Aldama, and Yaounde.",0
"Exactly 2 of the following cities are in China: Bhopal, Tangshan, Yerevan, Johannesburg, and Ha'il.",0
"Exactly 1 of the following cities are in China: Hengyang, Shaoxing, Jos, Kallakurichi, and Orumiyeh.",0
"Exactly 2 of the following cities are in Sudan: Samarinda, Uberlandia, Omdurman, Hegang, and Penza.",0
"Exactly 2 of the following cities are in China: Shangqiu, Jakarta, Shaoguan, Sao Jose dos Campos, and Antalya.",1
"Exactly 2 of the following cities are in Malaysia: Kampung Baru Subang, Nampula, Cebu City, Kota Bharu, and Caloocan City.",1
"Exactly 2 of the following cities are in Turkey: Istanbul, Al Basrah al Qadimah, Yichang, Kharkiv, and Poznan.",0
"Exactly 2 of the following cities are in China: Gwalior, Zigong, Quzhou, Coimbatore, and Kumasi.",1
"Exactly 2 of the following cities are in India: Bareilly, Borivli, Callao, Mogadishu, and Cangzhou.",1
"Exactly 1 of the following cities are in China: Kolhapur, Wuhan, Mississauga, Ufa, and Shaoxing.",0
"Exactly 1 of the following cities are in the United States: Albuquerque, Kimhae, Tucson, Luohe, and Cebu City.",0
"Exactly 2 of the following cities are in China: Bouake, Zhangye, Hangzhou, Ho Chi Minh City, and Guigang.",0
"Exactly 2 of the following cities are in China: Uskudar, Anqing, Ahmedabad, Yangquan, and Nagpur.",1
"Exactly 1 of the following cities are in China: Shenzhen, Foshan, Abidjan, Erode, and Karol Bagh.",0
"Exactly 2 of the following cities are in South Africa: Giza, Varanasi, Goeteborg, Visakhapatnam, and Johannesburg.",0
"Exactly 1 of the following cities are in Madagascar: Ya'an, Malacca, Antananarivo, Kampung Baru Subang, and Xinyang.",1
"Exactly 1 of the following cities are in China: Guankou, Cucuta, Benxi, Seoul, and Hamadan.",0
"Exactly 2 of the following cities are in China: Pingliang, Sanaa, Ahmedabad, Benxi, and Lubumbashi.",1
"Exactly 1 of the following cities are in India: Nanded, Anshan, Ar Raqqah, Ribeirao Preto, and Nashik.",0
"Exactly 1 of the following cities are in Morocco: Sarajevo, Fes, Ribeirao Preto, Longyan, and Maoming.",1
"Exactly 3 of the following cities are in Iraq: Bhavnagar, Balikpapan, Qujing, Kirkuk, and Tyumen.",0
"Exactly 2 of the following cities are in Afghanistan: Uberlandia, Naucalpan de Juarez, Meknes, Peshawar, and Mazar-e Sharif.",0
"Exactly 2 of the following cities are in India: Zhangzhou, Beirut, Prayagraj, Jiangyin, and Ajmer.",1
"Exactly 1 of the following cities are in Mexico: Jaipur, Dubai, Milwaukee, Victoria de Durango, and Bouake.",1
"Exactly 2 of the following cities are in India: Sapporo, Meerut, Jiujiang, Nashik, and The Bronx.",1
"Exactly 2 of the following cities are in China: Huizhou, Subang Jaya, Salta, Guangzhou, and Mukalla.",1
"Exactly 1 of the following cities are in China: Panshan, Qinhuangdao, Ashgabat, Pekanbaru, and Theni.",0
"Exactly 2 of the following cities are in China: Xining, Nanchang, Torreon, Hubli, and Comilla.",1
"Exactly 2 of the following cities are in China: Xuchang, Kalininskiy, Himeji, Orumiyeh, and Zibo.",1
"Exactly 2 of the following cities are in Turkey: Chiclayo, Pune, Esenler, Ciudad Guayana, and Faridabad.",0
"Exactly 1 of the following cities are in Russia: Seongnam-si, Wuhan, Anshan, Curitiba, and Vladivostok.",1
"Exactly 1 of the following cities are in China: Tlaquepaque, Cixi, Jingmen, Nizhniy Novgorod, and Tokyo.",0
"Exactly 3 of the following cities are in India: Amritsar, Kolkata, Chaozhou, Tangerang, and Yunfu.",0
"Exactly 2 of the following cities are in Pakistan: Bandar Lampung, Sanaa, Chenzhou, Karachi, and Mississauga.",0
"Exactly 1 of the following cities are in Mexico: Torreon, Shijiazhuang, Qiqihar, Luohe, and Fes.",1
"Exactly 2 of the following cities are in Mali: Qiqihar, Bamako, Zhuzhou, Anshun, and South Tangerang.",0
"Exactly 1 of the following cities are in China: Cape Town, Wuwei, Laibin, Puente Alto, and Najran.",0
"Exactly 2 of the following cities are in China: Zaozhuang, Tucson, Harare, Uskudar, and Ibague.",0
"Exactly 2 of the following cities are in Japan: Serang, Nagoya, Copenhagen, Mexico City, and Zaporizhzhya.",0
"Exactly 2 of the following cities are in the Philippines: Nashik, Cebu City, Al Ahmadi, Tangerang, and Florianopolis.",0
"Exactly 2 of the following cities are in Iran: Kisangani, Zhanjiang, Zhaotong, Yibin, and Tabriz.",0
"Exactly 1 of the following cities are in India: Chennai, Bhiwandi, Amman, Port Harcourt, and Hengyang.",0
"Exactly 2 of the following cities are in Nigeria: Kaduna, Fes, Port Harcourt, Muscat, and Suining.",1
"Exactly 3 of the following cities are in Brazil: Londrina, Huangshi, Yerevan, Nairobi, and Krakow.",0
"Exactly 2 of the following cities are in China: Sharjah, Zigong, Nanchang, Nova Iguacu, and Niigata.",1
"Exactly 2 of the following cities are in India: Jaboatao, Tirunelveli, Yingkou, Sambhaji Nagar, and Chaozhou.",1
"Exactly 2 of the following cities are in China: Tegucigalpa, E'zhou, Wroclaw, Conakry, and Weihai.",1
"Exactly 2 of the following cities are in China: Guangzhou, Ranchi, Saratov, Fortaleza, and Chaozhou.",1
"Exactly 2 of the following cities are in China: Orumiyeh, Shangyu, Luohe, Leipzig, and Kermanshah.",1
"Exactly 2 of the following cities are in Iran: Shangyu, Nanjing, Orumiyeh, Malacca, and Kyoto.",0
"Exactly 2 of the following cities are in India: Langfang, Aligarh, Shivaji Nagar, Antwerpen, and Tangshan.",1
"Exactly 1 of the following cities are in Nigeria: The Bronx, Sao Paulo, Niigata, Caloocan City, and Jos.",1
"Exactly 1 of the following cities are in China: Tebessa, Qionghai, Shangyu, Xuchang, and Cancun.",0
"Exactly 2 of the following cities are in India: Kakamega, Hangzhou, Nampula, Kanayannur, and Sargodha.",0
"Exactly 2 of the following cities are in China: Liuzhou, Khabarovsk, Erode, Ibague, and Deyang.",1
"Exactly 2 of the following cities are in Malaysia: Victoria de Durango, Kuantan, Kota Kinabalu, Bucharest, and Yaroslavl.",1
"Exactly 2 of the following cities are in Malaysia: Kampung Baru Subang, Bokaro, Addis Ababa, Maoming, and Kuala Lumpur.",1
"Exactly 3 of the following cities are in China: Xianning, Handan, Zagreb, Shaoguan, and Sharjah.",1
"Exactly 2 of the following cities are in Vietnam: Can Tho, Zhuzhou, Panzhihua, Kota Kinabalu, and N'Djamena.",0
"Exactly 2 of the following cities are in Uzbekistan: Meerut, Samarkand, Dammam, Konya, and Khabarovsk.",0
"Exactly 1 of the following cities are in Brazil: Kota Bharu, Casablanca, Juiz de Fora, Asmara, and Nouakchott.",1
"Exactly 3 of the following cities are in China: Campos dos Goytacazes, Xingtai, Seoul, Liuzhou, and Zhumadian.",1
"Exactly 1 of the following cities are in Japan: Coyoacan, Ajmer, Bucheon-si, Hiroshima, and Sendai.",0
"Exactly 3 of the following cities are in China: Yibin, Quzhou, Niigata, Kirkuk, and Yangquan.",1
"Exactly 1 of the following cities are in Egypt: Bujumbura, Islamabad, Al Mahallah al Kubra, Pikine, and Liupanshui.",1
"Exactly 1 of the following cities are in India: Sambhaji Nagar, Kirkuk, Kashgar, Davao, and Pimpri.",0
"Exactly 2 of the following cities are in Belgium: Kagoshima, Chongqing, Mexicali, Nowrangapur, and Antwerpen.",0
"Exactly 2 of the following cities are in Nigeria: Nanded, Abeokuta, Sanaa, Queens, and Hanoi.",0
"Exactly 2 of the following cities are in Germany: Nasiriyah, Pontianak, Munich, Aguascalientes, and Zhenjiang.",0
"Exactly 4 of the following cities are in Japan: Faisalabad, Kisangani, Santiago de los Caballeros, Kobe, and Chengdu.",0
"Exactly 2 of the following cities are in China: Guangzhou, Pontianak, Kryvyy Rih, Zhangye, and Santo Domingo Oeste.",1
"Exactly 2 of the following cities are in China: Paranaque City, Fushun, Tonghua, Warangal, and Faridabad.",1
"Exactly 2 of the following cities are in Turkey: Kirkuk, Copenhagen, Uskudar, Zhengzhou, and Xuzhou.",0
"Exactly 2 of the following cities are in China: Bishkek, Puning, Dehra Dun, Jiamusi, and Ribeirao Preto.",1
"Exactly 1 of the following cities are in Germany: Hanzhong, Frankfurt am Main, New South Memphis, Makati City, and Cuttack.",1
"Exactly 2 of the following cities are in China: Karol Bagh, San Luis Potosi, Liuzhou, Aden, and Shangrao.",1
"Exactly 3 of the following cities are in Iraq: Nasiriyah, Bandar Lampung, Weifang, Aden, and Lu'an.",0
"Exactly 3 of the following cities are in China: Heze, Lahore, Yichang, Zunyi, and Seoul.",1
"Exactly 2 of the following cities are in Iran: Porto Velho, Shiraz, Bhavnagar, Asuncion, and Xining.",0
"Exactly 2 of the following cities are in Iran: Guatemala City, Qom, Reynosa, Pingdingshan, and Semarang.",0
"Exactly 1 of the following cities are in South Africa: Theni, Johannesburg, Rio de Janeiro, Feira de Santana, and Torreon.",1
"Exactly 3 of the following cities are in China: Okayama, Matsuyama, Zhanjiang, Ma'anshan, and Zhangjiagang.",1
"Exactly 4 of the following cities are in China: Comilla, Qingdao, Suining, Foshan, and Deyang.",1
"Exactly 1 of the following cities are in China: Shuangyashan, Winnipeg, Libreville, Ghaziabad, and Luzhou.",0
"Exactly 2 of the following cities are in Morocco: Kagoshima, Marrakesh, Jilin, Johor Bahru, and Klang.",0
"Exactly 2 of the following cities are in Japan: Sao Bernardo do Campo, Kleinzschocher, Sulaymaniyah, Himeji, and Chandigarh.",0
"Exactly 1 of the following cities are in India: Kandahar, Indore, Zunyi, Manaus, and Ajmer.",0
"Exactly 2 of the following cities are in India: Zunyi, Rohini, Antananarivo, Ilorin, and Visakhapatnam.",1
"Exactly 2 of the following cities are in India: Tegucigalpa, Pune, Novosibirsk, Seongnam-si, and Panzhihua.",0
"Exactly 2 of the following cities are in Ukraine: Beijing, Zahedan, Sevastopol, Rajshahi, and Jiaozuo.",0
"Exactly 3 of the following cities are in China: Jiaozuo, Daqing, Shiraz, Herat, and Putian.",1
"Exactly 1 of the following cities are in China: Baise, Jiujiang, Hanzhong, Binzhou, and Ranchi.",0
"Exactly 2 of the following cities are in Tajikistan: Lyon, New South Memphis, Zaozhuang, Dushanbe, and Marseille.",0
"Exactly 1 of the following cities are in Indonesia: Kaifeng, Chuzhou, Heze, Casablanca, and Tangerang.",1
"Exactly 2 of the following cities are in Chile: Zunyi, Coyoacan, Puente Alto, Dortmund, and Ar Raqqah.",0
"Exactly 2 of the following cities are in Zambia: Lusaka, Hachioji, Bouake, Ho Chi Minh City, and Kumasi.",0
"Exactly 3 of the following cities are in China: Maracaibo, Rohini, Dalian, Pingdingshan, and Jiamusi.",1
"Exactly 2 of the following cities are in Turkey: Konya, Ha'il, Anqing, Winnipeg, and Mersin.",1
"Exactly 2 of the following cities are in China: Yangjiang, Changshu, Ouagadougou, Kirkuk, and Mogadishu.",1
"Exactly 2 of the following cities are in Mexico: Maiduguri, Nouakchott, Ecatepec de Morelos, Koeln, and Bagcilar.",0
"Exactly 2 of the following cities are in South Korea: Ordos, Kawaguchi, Kayseri, Daegu, and Luancheng.",0
"Exactly 1 of the following cities are in Japan: Paranaque City, Ibague, Fukuoka, Linfen, and Jiaxing.",1
"Exactly 2 of the following cities are in Brazil: Sao Bernardo do Campo, Bandar Lampung, Baotou, Moradabad, and Sanming.",0
"Exactly 2 of the following cities are in Malaysia: Zhabei, Kuantan, Kyiv, Malacca, and Pyongyang.",1
"Exactly 2 of the following cities are in China: Agadir, Tonghua, Wanxian, Shymkent, and Bamako.",1
"Exactly 2 of the following cities are in China: Moradabad, Munich, Xingtai, Saint Petersburg, and Bahcelievler.",0
"Exactly 2 of the following cities are in China: Bayannur, Kharkiv, Kumasi, Cimahi, and Hefei.",1
"Exactly 2 of the following cities are in China: Mandalay, Karachi, Bamako, Chicago, and Bengbu.",0
"Exactly 4 of the following cities are in Pakistan: Nagpur, Tangshan, Winnipeg, Ganzhou, and Rawalpindi.",0
"Exactly 1 of the following cities are in India: Bhopal, Kallakurichi, Kaduna, Indianapolis, and Mexico City.",0
"Exactly 2 of the following cities are in India: Goeteborg, Onitsha, Poznan, Siliguri, and Lanzhou.",0
"Exactly 2 of the following cities are in China: Nagoya, Detroit, Dalian, Qionghai, and Suez.",1
"Exactly 2 of the following cities are in China: Qingdao, Zhuzhou, Bareilly, Curitiba, and Maracaibo.",1
"Exactly 3 of the following cities are in China: Iztapalapa, Gujranwala, Anshan, Kampung Baru Subang, and Zhanjiang.",0
"Exactly 2 of the following cities are in China: Binzhou, Zapopan, Cimahi, Porto Velho, and Cangzhou.",1
"Exactly 1 of the following cities are in South Korea: Seoul, Santo Domingo Este, Islamabad, Zhuzhou, and Suwon.",0
"Exactly 2 of the following cities are in Vietnam: Hanoi, Las Pinas, Mumbai, Pingliang, and Addis Ababa.",0
"Exactly 2 of the following cities are in Ukraine: Odesa, Guangzhou, Changshu, Incheon, and Kolkata.",0
"Exactly 2 of the following cities are in India: Zapopan, Nyala, Kuantan, Heze, and Dehra Dun.",0
"Exactly 2 of the following cities are in China: Yingkou, Mersin, Matola, Bareilly, and Guayaquil.",0
"Exactly 2 of the following cities are in China: Hannover, Weifang, Narela, Xuzhou, and Recife.",1
"Exactly 2 of the following cities are in China: Suining, Sendai, Maracay, Osaka, and Kashgar.",1
"Exactly 2 of the following cities are in India: Amravati, Uberlandia, Dehra Dun, Zaria, and Kashgar.",1
"Exactly 2 of the following cities are in India: Bengaluru, Solapur, Jilin, Mandalay, and Zhaotong.",1
"Exactly 3 of the following cities are in China: Jiaxing, Karol Bagh, Wanxian, Huaihua, and Accra.",1
"Exactly 2 of the following cities are in Malaysia: Kota Bharu, Xining, Zahedan, Shaoxing, and Ulyanovsk.",0
"Exactly 1 of the following cities are in China: Muzaffarabad, Rajshahi, Maoming, Xinyang, and Shaoxing.",0
"Exactly 1 of the following cities are in Ukraine: Yongzhou, Zaporizhzhya, Turin, Ulan Bator, and Sevastopol.",0
"Exactly 1 of the following cities are in China: Panshan, Maoming, Liaocheng, Asmara, and Dushanbe.",0
"Exactly 2 of the following cities are in Latvia: Fukuoka, Bhayandar, Abidjan, Neijiang, and Riga.",0
"Exactly 1 of the following cities are in China: Mukalla, Yibin, Astrakhan, Shiraz, and Yinchuan.",0
"Exactly 3 of the following cities are in the United States: Chicago, Lubumbashi, Yibin, Jiangmen, and Huaihua.",0
"Exactly 1 of the following cities are in China: Langfang, Wanning, Aktobe, Aguascalientes, and Varanasi.",0
"Exactly 2 of the following cities are in Madagascar: Agadir, Antananarivo, Arak, Durban, and Ciudad Guayana.",0
"Exactly 3 of the following cities are in Indonesia: Indore, Cheonan, Bekasi, Malang, and Visakhapatnam.",0
"Exactly 2 of the following cities are in China: Port-au-Prince, Dandong, Makati City, Anqing, and Sapporo.",1
"Exactly 3 of the following cities are in China: Guangzhou, Rawalpindi, Heze, Xuanzhou, and Kuala Lumpur.",1
"Exactly 2 of the following cities are in China: Buraydah, Goyang-si, Shangluo, Shenzhen, and Siliguri.",1
"Exactly 3 of the following cities are in China: Yunfu, Rui'an, Okayama, Jaipur, and Wanxian.",1
"Exactly 1 of the following cities are in Jordan: Niigata, Multan, Amman, Al Fayyum, and Luancheng.",1
"Exactly 2 of the following cities are in Jordan: Bahcelievler, Ipoh, Riga, Algiers, and Irbid.",0
"Exactly 1 of the following cities are in Morocco: Aleppo, Mar del Plata, Nanded, Casablanca, and Dombivli.",1
"Exactly 2 of the following cities are in India: Baise, Tirunelveli, Karol Bagh, Chenzhou, and Suqian.",1
"Exactly 1 of the following cities are in Brazil: Omdurman, Ar Raqqah, Novokuznetsk, Porto Velho, and Hefei.",1
"Exactly 2 of the following cities are in Mexico: Culiacan, Makassar, Rangpur, Managua, and Zaozhuang.",0
"Exactly 2 of the following cities are in Russia: Zhuzhou, Zhabei, Khabarovsk Vtoroy, Ludhiana, and Stockholm.",0
"Exactly 2 of the following cities are in India: Kumamoto, Surat, Zhanjiang, Bilimora, and Cankaya.",1
"Exactly 2 of the following cities are in China: Sargodha, Santiago de Cuba, Shenyang, Baoji, and Dhanbad.",1
"Exactly 1 of the following cities are in Nigeria: Ibadan, Kawaguchi, Abeokuta, Lu'an, and Matsuyama.",0
"Exactly 2 of the following cities are in India: Dhanbad, Thuan An, Islamabad, Thane, and Deyang.",1
"Exactly 2 of the following cities are in Nepal: Isfahan, Nashik, Nova Iguacu, Uskudar, and Kathmandu.",0
"Exactly 2 of the following cities are in Turkmenistan: Solapur, Ashgabat, Ta'if, Ebute Ikorodu, and Curitiba.",0
"Exactly 2 of the following cities are in Brazil: Luzhou, Ribeirao Preto, Bucaramanga, Ibadan, and Rohini.",0
"Exactly 1 of the following cities are in India: Zhangzhou, Beirut, Prayagraj, Jiangyin, and Ajmer.",0
"Exactly 2 of the following cities are in Norway: Narela, Benxi, Kano, Pasig City, and Oslo.",0
"Exactly 2 of the following cities are in China: Rostov-na-Donu, Bijie, Shah Alam, Namangan, and Hegang.",1
"Exactly 2 of the following cities are in Turkey: Kunming, Bhayandar, Jabalpur, Kigali, and Esenler.",0
"Exactly 2 of the following cities are in India: Khabarovsk, Victoria de Durango, Hubli, Pimpri, and Khulna.",1
"Exactly 1 of the following cities are in South Africa: Winnipeg, Bloemfontein, Suining, Sendai, and Anyang-si.",1
"Exactly 1 of the following cities are in India: Al Basrah al Qadimah, Tangier, Pune, Mbuji-Mayi, and Sangli.",0
"Exactly 2 of the following cities are in India: Kampala, Klang, Bilimora, Bien Hoa, and Guwahati.",1
"Exactly 2 of the following cities are in Mexico: Acapulco de Juarez, Quzhou, Phnom Penh, Beira, and Goyang-si.",0
"Exactly 2 of the following cities are in India: Shivaji Nagar, Hengyang, Xianyang, Changwon, and Amritsar.",1
"Exactly 1 of the following cities are in Pakistan: Peshawar, Tlaquepaque, Panzhihua, Anyang-si, and Kolkata.",1
"Exactly 2 of the following cities are in China: Taicang, Binzhou, Diyarbakir, Kayseri, and Kyiv.",1
"Exactly 2 of the following cities are in India: Changde, Sambhaji Nagar, Shenzhen, Lianyungang, and Tijuana.",0
"Exactly 3 of the following cities are in Iran: Bandar Lampung, Bursa, Bareilly, Zahedan, and Rio de Janeiro.",0
"Exactly 2 of the following cities are in the Philippines: Malacca, Paranaque City, Zaozhuang, Siliguri, and Suez.",0
"Exactly 4 of the following cities are in China: Klang, Anshan, Agadir, Mazar-e Sharif, and Muscat.",0
"Exactly 2 of the following cities are in Iraq: Baise, Karbala, Dalian, Johannesburg, and Erbil.",1
"Exactly 1 of the following cities are in India: Bucaramanga, Makhachkala, Dehra Dun, Konya, and Asansol.",0
"Exactly 2 of the following cities are in China: Ganzhou, Madinat an Nasr, Baghdad, Qionghai, and Rio de Janeiro.",1
"Exactly 2 of the following cities are in India: Krasnodar, Bhopal, Hannover, Sanaa, and Islamabad.",0
"Exactly 2 of the following cities are in Turkey: Pasig City, Erzurum, Laibin, Rio de Janeiro, and Istanbul.",1
"Exactly 2 of the following cities are in China: Jiamusi, Jiaozhou, Tembisa, Haiphong, and Chattogram.",1
"Exactly 3 of the following cities are in China: Yinchuan, Malang, Tiruchirappalli, Matsuyama, and Wenzhou.",0
"Exactly 3 of the following cities are in Kazakhstan: Naberezhnyye Chelny, Karachi, Shymkent, Xiangtan, and Cochin.",0
"Exactly 1 of the following cities are in Japan: Hubli, Karaj, Dhanbad, Serang, and Saitama.",1
"Exactly 2 of the following cities are in India: Tiruppur, Qinhuangdao, Krasnodar, Hohhot, and Kanayannur.",1
"Exactly 2 of the following cities are in China: Zhangjiagang, Indianapolis, Jiaozuo, Riga, and Kitakyushu.",1
"Exactly 2 of the following cities are in China: Kalininskiy, Solapur, Porto Velho, Asyut, and Quzhou.",0
"Exactly 3 of the following cities are in China: Jiamusi, Dnipro, Shanghai, Bahcelievler, and Jingmen.",1
"Exactly 1 of the following cities are in China: Shijiazhuang, Pikine, Quezon City, Yingkou, and Changde.",0
"Exactly 1 of the following cities are in Pakistan: Sanaa, Zhenjiang, Quetta, Handan, and Johor Bahru.",1
"Exactly 3 of the following cities are in Honduras: Volgograd, Bijie, Yichang, Vladivostok, and Tegucigalpa.",0
"Exactly 2 of the following cities are in China: Aleppo, Peshawar, Weihai, Ipoh, and Nanchong.",1
"Exactly 1 of the following cities are in China: Erzurum, Luohe, Rohini, Guilin, and Bursa.",0
"Exactly 1 of the following cities are in China: Weinan, Khabarovsk Vtoroy, Zhanjiang, Quetta, and Cheongju-si.",0
"Exactly 3 of the following cities are in Iran: Kermanshah, New South Memphis, Wroclaw, Fushun, and Ciudad Juarez.",0
"Exactly 3 of the following cities are in Morocco: Mukalla, Gujranwala, Shaoxing, Agadir, and Uskudar.",0
"Exactly 2 of the following cities are in Japan: Santo Domingo Este, Cochin, Bangkok, Sendai, and Aligarh.",0
"Exactly 1 of the following cities are in China: Nanchong, Bloemfontein, Bagcilar, Soweto, and Ganzhou.",0
"Exactly 2 of the following cities are in Madagascar: Chuzhou, Antananarivo, Tashkent, Sulaymaniyah, and Guiyang.",0
"Exactly 1 of the following cities are in China: Curitiba, Putian, Homs, Istanbul, and Phnom Penh.",1
"Exactly 2 of the following cities are in South Korea: Huzhou, Cuiaba, Serang, Goyang-si, and Incheon.",1
"Exactly 2 of the following cities are in India: Izmir, Kharkiv, Shangluo, Erode, and Tebessa.",0
"Exactly 2 of the following cities are in Brazil: Moradabad, Bamako, Ha'il, Pune, and Aparecida de Goiania.",0
"Exactly 3 of the following cities are in Poland: Barquisimeto, Dhanbad, Lyon, Poznan, and Xianning.",0
"Exactly 2 of the following cities are in China: Ajmer, Mandalay, Theni, Jiamusi, and Panshan.",1
"Exactly 2 of the following cities are in Indonesia: Surakarta, Varanasi, Hamhung, Al Ahmadi, and Orumiyeh.",0
"Exactly 2 of the following cities are in China: Hanoi, Mississauga, Zhangjiagang, Guankou, and Samarinda.",1
"Exactly 1 of the following cities are in India: Ranchi, Borivli, Battagram, Ajmer, and Quebec.",0
"Exactly 1 of the following cities are in China: Kuantan, Foshan, Seongnam-si, New South Memphis, and Nanchang.",0
"Exactly 2 of the following cities are in India: Kolkata, Bucharest, Tanggu, Amravati, and Helsinki.",1
"Exactly 1 of the following cities are in South Korea: Jeonju, Bauchi, Chisinau, Batam, and Foshan.",1
"Exactly 4 of the following cities are in the United States: Lviv, Detroit, Mandalay, Lodz, and Shaoxing.",0
"Exactly 1 of the following cities are in China: Bulawayo, Guatemala City, Campos dos Goytacazes, Klang, and Xuanzhou.",1
"Exactly 1 of the following cities are in China: Fuxin, Iztapalapa, Bhavnagar, Huainan, and Sulaymaniyah.",0
"Exactly 2 of the following cities are in India: Shah Alam, Pingdingshan, Tolyatti, Borivli, and Riga.",0
"Exactly 1 of the following cities are in India: Hubli, Enugu, Kumasi, Kolkata, and Dombivli.",0
"Exactly 2 of the following cities are in Turkey: Istanbul, Novokuznetsk, Busan, Florianopolis, and Kampala.",0
"Exactly 2 of the following cities are in Iran: Homyel', Bucheon-si, Mosul, Al Mahallah al Kubra, and Ahvaz.",0
"Exactly 1 of the following cities are in China: Anshan, Quezon City, Enugu, Saitama, and Zhumadian.",0
"Exactly 2 of the following cities are in the Dominican Republic: Santo Domingo Oeste, Adana, Ghaziabad, Ningbo, and Panzhihua.",0
"Exactly 2 of the following cities are in Russia: Jingmen, Dubai, Makhachkala, Xuzhou, and Penza.",1
"Exactly 2 of the following cities are in Brazil: Mar del Plata, Anyang-si, Porto Alegre, Dakar, and Giza.",0
"Exactly 1 of the following cities are in the Philippines: Huaihua, Meerut, Caloocan City, Incheon, and Suqian.",1
"Exactly 2 of the following cities are in Australia: Santa Maria Chimalhuacan, Hefei, Gold Coast, Reynosa, and Jiaozhou.",0
"Exactly 2 of the following cities are in Russia: Voronezh, Luohe, Kemerovo, Zarqa, and Hanzhong.",1
"Exactly 3 of the following cities are in China: Luancheng, Suining, Kumamoto, Wanzhou, and Arequipa.",1
"Exactly 1 of the following cities are in India: Theni, Bhayandar, Chisinau, Xining, and Kandahar.",0
"Exactly 1 of the following cities are in Egypt: Port Said, Hamhung, Ciudad Guayana, Zhangye, and Thane.",1
"Exactly 2 of the following cities are in Turkey: Izhevsk, Uskudar, Baghdad, Shangluo, and Dammam.",0
"Exactly 1 of the following cities are in Japan: Pekanbaru, Denpasar, Antananarivo, Kobe, and Dammam.",1
"Exactly 1 of the following cities are in China: Campos dos Goytacazes, Sao Jose dos Campos, Ulsan, Dongying, and Shijiazhuang.",0
"Exactly 1 of the following cities are in Nigeria: Maracay, Ilorin, Benin City, Amravati, and Dar es Salaam.",0
"Exactly 1 of the following cities are in Pakistan: Islamabad, Changwon, Faisalabad, Weihai, and Guankou.",0
"Exactly 1 of the following cities are in China: Guang'an, Zibo, New Kingston, Can Tho, and Ufa.",0
"Exactly 2 of the following cities are in Germany: Balikpapan, Kanpur, Calgary, Cucuta, and Grosszschocher.",0
"Exactly 2 of the following cities are in India: Helsinki, Puducherry, Hohhot, Mombasa, and Santo Domingo Este.",0
"Exactly 1 of the following cities are in Indonesia: Mandalay, Makassar, Ulsan, Shangrao, and Liaocheng.",1
"Exactly 1 of the following cities are in Senegal: Ahvaz, Davao, Dakar, Abu Dhabi, and Quezon City.",1
"Exactly 1 of the following cities are in South Korea: Hanoi, Anyang-si, Londrina, Marseille, and Goyang-si.",0
"Exactly 3 of the following cities are in China: Kleinzschocher, Rostov-na-Donu, Ilorin, Banjarmasin, and Xiangtan.",0
"Exactly 2 of the following cities are in India: Niigata, Zunyi, Guigang, Jamshedpur, and Yongzhou.",0
"Exactly 4 of the following cities are in China: Curitiba, Da Nang, Yangquan, Mar del Plata, and Bayannur.",0
"Exactly 1 of the following cities are in Kuwait: Taicang, Zhangjiagang, Al Ahmadi, Tebessa, and Lilongwe.",1
"Exactly 1 of the following cities are in Russia: Wanxian, Torreon, Suwon, Voronezh, and Cimahi.",1
"Exactly 2 of the following cities are in China: Luancheng, Omsk, Guatemala City, Zhaoqing, and Makhachkala.",1
"Exactly 2 of the following cities are in Venezuela: Mumbai, Caracas, Bekasi, Osaka, and Lilongwe.",0
"Exactly 2 of the following cities are in Afghanistan: Omdurman, Seongnam-si, Jabalpur, Mazar-e Sharif, and Faridabad.",0
"Exactly 2 of the following cities are in China: Dakar, Shenyang, Bamako, Qingdao, and Muscat.",1
"Exactly 2 of the following cities are in China: Nizhniy Novgorod, Hebi, Lianyungang, Busan, and Amravati.",1
"Exactly 2 of the following cities are in Mexico: Al Mawsil al Jadidah, Mexicali, Cimahi, Enugu, and Ankara.",0
"Exactly 3 of the following cities are in China: Guntur, Bangkok, Shanghai, Yangquan, and Xiangtan.",1
"Exactly 2 of the following cities are in India: Ulhasnagar, Chennai, Shaoguan, Handan, and Makhachkala.",1
"Exactly 1 of the following cities are in Egypt: Hezhou, Durban, Asyut, Naberezhnyye Chelny, and Banjarmasin.",1
"Exactly 2 of the following cities are in India: Ghaziabad, Pune, Beirut, Cangzhou, and Bagcilar.",1
"Exactly 2 of the following cities are in Egypt: Bouake, Cochin, Victoria de Durango, Hanzhong, and Madinat an Nasr.",0
"Exactly 2 of the following cities are in China: Mumbai, Ulyanovsk, Kampala, Xining, and Lubumbashi.",0
"Exactly 3 of the following cities are in China: Jilin, Marseille, New York City, Kunshan, and Hezhou.",1
"Exactly 2 of the following cities are in the Philippines: Davao, Suizhou, Jalandhar, Irkutsk, and Palembang.",0
"Exactly 2 of the following cities are in Turkey: Cucuta, Daqing, Benin City, Esenler, and Chaozhou.",0
"Exactly 2 of the following cities are in China: Kano, Meizhou, Caracas, Samarkand, and Dalian.",1
"Exactly 3 of the following cities are in Germany: Jiujiang, Nizhniy Novgorod, Munich, Incheon, and Matsuyama.",0
"Exactly 2 of the following cities are in China: Konya, Zhanjiang, Islamabad, Gold Coast, and Jamshedpur.",0
"Exactly 1 of the following cities are in Egypt: San Luis Potosi, Boumerdes, Zarqa, Weinan, and Madinat an Nasr.",1
"Exactly 2 of the following cities are in China: General Santos, Ufa, Wanxian, Vadodara, and Recife.",0
"Exactly 4 of the following cities are in China: Kitakyushu, Kota Bharu, Kunshan, Kashgar, and Kigali.",0
"Exactly 3 of the following cities are in China: Dnipro, Tangier, Harbin, Zhumadian, and Shaoguan.",1
"Exactly 2 of the following cities are in Ukraine: Asyut, Odesa, Dar es Salaam, Indore, and Bucharest.",0
"Exactly 2 of the following cities are in Indonesia: Pietermaritzburg, Huzhou, Dhanbad, Nanning, and Bogor.",0
"Exactly 1 of the following cities are in China: Qingdao, Baghdad, Tucson, Shenzhen, and Goiania.",0
"Exactly 3 of the following cities are in India: Borivli, Bhilai, Madurai, Hegang, and Changde.",1
"Exactly 2 of the following cities are in Brazil: Huaihua, Cape Town, Dushanbe, Acapulco de Juarez, and Londrina.",0
"Exactly 2 of the following cities are in Russia: Tembisa, Kobe, Sanaa, Mbuji-Mayi, and Khabarovsk Vtoroy.",0
"Exactly 1 of the following cities are in Japan: Osaka, Kisangani, Sendai, Cuiaba, and Kanayannur.",0
"Exactly 4 of the following cities are in China: Qingdao, Yichang, Esenler, Yangquan, and Chizhou.",1
"Exactly 1 of the following cities are in China: Vladivostok, Rourkela, Kunming, Cankaya, and Kathmandu.",1
"Exactly 2 of the following cities are in India: Sambhaji Nagar, Kleinzschocher, Balikpapan, Port Harcourt, and Pikine.",0
"Exactly 2 of the following cities are in China: Hachioji, Ciudad Guayana, Hegang, Yibin, and Pikine.",1
"Exactly 2 of the following cities are in China: Asyut, Cixi, Zhangye, Kigali, and Makati City.",1
"Exactly 1 of the following cities are in China: Guiyang, Zarqa, Baoji, Irkutsk, and San Miguel de Tucuman.",0
"Exactly 1 of the following cities are in China: Weihai, Chengdu, Dombivli, Deyang, and Hanzhong.",0
"Exactly 2 of the following cities are in Japan: Bamako, Kobe, Thiruvananthapuram, Novosibirsk, and Bokaro.",0
"Exactly 2 of the following cities are in Indonesia: Batam, Gwalior, Surakarta, Yichang, and Conakry.",1
"Exactly 2 of the following cities are in India: Al Basrah al Qadimah, Tangier, Pune, Mbuji-Mayi, and Sangli.",1
"Exactly 2 of the following cities are in Russia: Gujranwala, Santo Domingo Oeste, Saratov, Tashkent, and Maceio.",0
"Exactly 2 of the following cities are in China: Guiyang, Zarqa, Baoji, Irkutsk, and San Miguel de Tucuman.",1
"Exactly 2 of the following cities are in China: Goeteborg, Zaozhuang, Najafgarh, Sambhaji Nagar, and Fushun.",1
"Exactly 1 of the following cities are in Honduras: Linfen, San Pedro Sula, Porto Alegre, Chiclayo, and Sanaa.",1
"Exactly 1 of the following cities are in Senegal: Dakar, Pasig City, Bengbu, Aden, and Winnipeg.",1
"Exactly 2 of the following cities are in China: Mukalla, Yibin, Astrakhan, Shiraz, and Yinchuan.",1
"Exactly 3 of the following cities are in the Dominican Republic: Zhengzhou, Porto Velho, Contagem, Santo Domingo Este, and Kolkata.",0
"Exactly 3 of the following cities are in China: Cheonan, Port-au-Prince, Huaibei, Qionghai, and Liuzhou.",1
"Exactly 1 of the following cities are in Sweden: Dhanbad, Bhavnagar, Benoni, Stockholm, and Porto Alegre.",1
"Exactly 2 of the following cities are in South Korea: Seoul, Santo Domingo Este, Islamabad, Zhuzhou, and Suwon.",1
"Exactly 2 of the following cities are in India: Brasilia, Luohe, Cankaya, Cuiaba, and Kolhapur.",0
"Exactly 1 of the following cities are in China: Baoji, Urumqi, Mandalay, Coimbatore, and Hamadan.",0
"Exactly 1 of the following cities are in Iraq: Bogor, Bahawalpur, Sanya, Sulaymaniyah, and Karbala.",0
"Exactly 2 of the following cities are in Yemen: Isfahan, Culiacan, Yiwu, Mukalla, and Pune.",0
"Exactly 2 of the following cities are in Vietnam: Cochin, Guangyuan, Zaria, Da Nang, and Sevastopol.",0
"Exactly 2 of the following cities are in Brazil: Shymkent, Bulawayo, Detroit, Astrakhan, and Aparecida de Goiania.",0
"Exactly 1 of the following cities are in India: Tanggu, Naucalpan de Juarez, Kanayannur, Aden, and Mexicali.",1
"Exactly 3 of the following cities are in China: Foshan, Ahvaz, Qionghai, Zhaoqing, and Bekasi.",1
"Exactly 2 of the following cities are in South Africa: Uskudar, Handan, Balikpapan, Xinyang, and Benoni.",0
"Exactly 2 of the following cities are in China: Rawalpindi, Kuala Lumpur, Nanchong, Foshan, and Shubra al Khaymah.",1
"Exactly 3 of the following cities are in China: Changchun, Tlaquepaque, Odesa, Luancheng, and Mianzhu, Deyang, Sichuan.",1
"Exactly 4 of the following cities are in India: Davao, Bhopal, Weihai, Sarajevo, and Konya.",0
"Exactly 1 of the following cities are in Morocco: Khartoum, Diyarbakir, Bagcilar, Abu Ghurayb, and Casablanca.",1
"Exactly 3 of the following cities are in China: Tokyo, Abuja, Handan, Shihezi, and Maoming.",1
"Exactly 1 of the following cities are in China: Porto Velho, Kunming, Dakar, Karol Bagh, and Dalian.",0
"Exactly 2 of the following cities are in Indonesia: Karachi, Guarulhos, South Tangerang, Tucson, and Tangerang.",1
"Exactly 2 of the following cities are in India: Quito, Puning, Sambhaji Nagar, Wroclaw, and Tianshui.",0
"Exactly 2 of the following cities are in China: Bursa, Brasilia, Puducherry, Hanoi, and Huainan.",0
"Exactly 2 of the following cities are in China: Asansol, Hanzhong, Al Basrah al Qadimah, Multan, and Zhangjiakou.",1
"Exactly 2 of the following cities are in China: Karaj, Marrakesh, Ebute Ikorodu, Iztapalapa, and Anyang.",0
"Exactly 2 of the following cities are in China: Hengyang, Okayama, Korla, San Luis Potosi, and Poznan.",1
"Exactly 2 of the following cities are in Brazil: Maracay, Novokuznetsk, Suizhou, Porto Alegre, and Aracaju.",1
"Exactly 2 of the following cities are in Cameroon: Jos, Yaounde, Adana, Hohhot, and Chenzhou.",0
"Exactly 2 of the following cities are in China: Qionghai, Bareilly, Tiruppur, Aleppo, and Bayannur.",1
"Exactly 2 of the following cities are in Kyrgyzstan: Jiaxing, Fes, Bhavnagar, Bishkek, and Penza.",0
"Exactly 2 of the following cities are in Turkey: Tyumen, Hangzhou, Kitakyushu, Balikpapan, and Istanbul.",0
"Exactly 2 of the following cities are in China: Yangon, Jiaxing, Teresina, Zhengzhou, and Wenzhou.",0
"Exactly 1 of the following cities are in Belarus: Sorocaba, Hwaseong-si, Minsk, Sargodha, and Sulaymaniyah.",1
"Exactly 2 of the following cities are in India: Oyo, Ghaziabad, Faridabad, Matola, and Grosszschocher.",1
"Exactly 2 of the following cities are in India: Santo Domingo Este, Durban, Dhanbad, Jaipur, and Dandong.",1
"Exactly 1 of the following cities are in China: Ulhasnagar, Rui'an, Mombasa, Zunyi, and Port Said.",0
"Exactly 3 of the following cities are in Nigeria: Kaduna, Fes, Port Harcourt, Muscat, and Suining.",0
"Exactly 3 of the following cities are in China: Huizhou, Yangquan, Comilla, Istanbul, and Wuzhou.",1
"Exactly 2 of the following cities are in India: Borivli, Cankaya, Banjarmasin, Mumbai, and Hachioji.",1
"Exactly 3 of the following cities are in South Korea: Shymkent, Balikpapan, Harbin, Kayseri, and Changwon.",0
"Exactly 2 of the following cities are in China: Guang'an, Zibo, New Kingston, Can Tho, and Ufa.",1
"Exactly 2 of the following cities are in Yemen: Al Fayyum, Al Hudaydah, Vilnius, Xinyang, and Omdurman.",0
"Exactly 1 of the following cities are in Venezuela: Accra, Maracaibo, Cebu City, Benoni, and Jiangmen.",1
"Exactly 1 of the following cities are in Turkey: Gold Coast, Malatya, Wanning, Novosibirsk, and Guwahati.",1
"Exactly 1 of the following cities are in China: Bucaramanga, Zunyi, Shiraz, Kunming, and Zhumadian.",0
"Exactly 2 of the following cities are in China: Qingdao, Baghdad, Tucson, Shenzhen, and Goiania.",1
"Exactly 3 of the following cities are in South Africa: Chaozhou, Weinan, Tembisa, Sao Jose dos Campos, and Hebi.",0
"Exactly 1 of the following cities are in India: Ludhiana, Mazar-e Sharif, Borivli, Rourkela, and Malatya.",0
"Exactly 2 of the following cities are in China: Meknes, Yangquan, Ankara, Xianyang, and Warangal.",1
"Exactly 2 of the following cities are in Turkey: Asyut, Erzurum, Amman, Balikpapan, and Nanded.",0
"Exactly 2 of the following cities are in Mexico: Algiers, Tlalpan, Abeokuta, Chuzhou, and Erbil.",0
"Exactly 1 of the following cities are in China: Aden, Rizhao, Mexico City, Jiaozhou, and Haiphong.",0
"Exactly 1 of the following cities are in China: Baise, Antwerpen, Yaounde, Jingmen, and Barnaul.",0
"Exactly 2 of the following cities are in China: Langfang, Wanning, Aktobe, Aguascalientes, and Varanasi.",1
"Exactly 2 of the following cities are in China: Nanjing, Puducherry, Bayannur, Seoul, and Rawalpindi.",1
"Exactly 1 of the following cities are in India: Zaria, Perm, Siliguri, Lanzhou, and Recife.",1
"Exactly 2 of the following cities are in China: Changshu, Fes, Qinhuangdao, Mogadishu, and Curitiba.",1
"Exactly 1 of the following cities are in India: Bandar Lampung, Bien Hoa, Pune, Lviv, and Malatya.",1
"Exactly 2 of the following cities are in the Philippines: Cebu City, Jiujiang, Cucuta, Jiangyin, and Madurai.",0
"Exactly 1 of the following cities are in China: Aktobe, Sangli, Anshun, Nanded, and Zhuzhou.",0
"Exactly 2 of the following cities are in China: Huzhou, Serang, San Pedro Sula, Shaoguan, and Lubumbashi.",1
"Exactly 3 of the following cities are in India: Vijayawada, Ranchi, Shantou, Sao Jose dos Campos, and Santa Maria Chimalhuacan.",0
"Exactly 1 of the following cities are in China: Port-au-Prince, Dandong, Makati City, Anqing, and Sapporo.",0
"Exactly 2 of the following cities are in China: Lilongwe, Seattle, Kyiv, Jiangmen, and Ho Chi Minh City.",0
"Exactly 1 of the following cities are in China: Putian, Maturin, Xingtai, Guwahati, and Tyumen.",0
"Exactly 1 of the following cities are in Morocco: Santiago de Queretaro, Abu Dhabi, Meknes, Dehra Dun, and Nampula.",1
"Exactly 1 of the following cities are in Germany: Cape Town, Cancun, Kano, Urumqi, and Duesseldorf.",1
"Exactly 2 of the following cities are in China: Quito, Wuhan, Sorocaba, Paranaque City, and Huaihua.",1
"Exactly 3 of the following cities are in Japan: Algiers, Yibin, Hamamatsu, Tucson, and Sao Bernardo do Campo.",0
"Exactly 1 of the following cities are in Russia: Tyumen, Subang Jaya, Detroit, Hanoi, and Shangyu.",1
"Exactly 2 of the following cities are in Japan: Bagcilar, Saitama, Ya'an, Zhangye, and Puducherry.",0
"Exactly 2 of the following cities are in Russia: Jiangmen, Gaziantep, Esenler, Omsk, and Ya'an.",0
"Exactly 2 of the following cities are in China: Dubai, Meknes, Foshan, Sangli, and Nanjing.",1
"Exactly 3 of the following cities are in China: Nanjing, Huzhou, Dar es Salaam, Meizhou, and Cebu City.",1
"Exactly 1 of the following cities are in India: Binzhou, Warangal, Zarqa, Johor Bahru, and Tokyo.",1
"Exactly 2 of the following cities are in India: Meerut, Ha'il, Al Ain City, Bhiwandi, and Lipetsk.",1
"Exactly 2 of the following cities are in Russia: Novokuznetsk, Lome, Zaporizhzhya, Anyang-si, and General Santos.",0
"Exactly 1 of the following cities are in China: Istanbul, Ludhiana, Chizhou, Barnaul, and Zhabei.",0
"Exactly 2 of the following cities are in China: Fukuoka, New York City, Semarang, Heze, and Baise.",1
"Exactly 2 of the following cities are in India: Chandigarh, Okayama, Liaocheng, Hezhou, and Mumbai.",1
"Exactly 3 of the following cities are in China: Bijie, Dehra Dun, Liaocheng, Zibo, and Kirkuk.",1
"Exactly 2 of the following cities are in China: Khartoum, Jos, Xining, Contagem, and Yinchuan.",1
"Exactly 3 of the following cities are in Indonesia: Oslo, Chisinau, Makassar, Quezon City, and Tangier.",0
"Exactly 2 of the following cities are in South Korea: Nay Pyi Taw, Ankara, Anyang-si, Panzhihua, and Bucharest.",0
"Exactly 1 of the following cities are in India: Jeddah, Faisalabad, Warangal, Laibin, and Tangshan.",1
"Exactly 2 of the following cities are in Guatemala: Tijuana, Yaounde, Tonghua, Guatemala City, and Ningbo.",0
"Exactly 1 of the following cities are in China: Madurai, Tianjin, Santo Domingo Oeste, Porto Alegre, and Deyang.",0
"Exactly 1 of the following cities are in China: Yangquan, Boumerdes, Dubai, Osaka, and Zhangjiagang.",0
"Exactly 1 of the following cities are in Côte d'Ivoire: Rourkela, Tegucigalpa, Bouake, Ulhasnagar, and Poznan.",1
"Exactly 2 of the following cities are in India: Sanaa, Huzhou, Fushun, Istanbul, and Ludhiana.",0
"Exactly 2 of the following cities are in Sudan: Fes, Ulhasnagar, Linfen, Homs, and Omdurman.",0
"Exactly 3 of the following cities are in China: Ziyang, Nashik, Qinzhou, Thuan An, and Xuzhou.",1
"Exactly 2 of the following cities are in Pakistan: Islamabad, Changwon, Faisalabad, Weihai, and Guankou.",1
"Exactly 2 of the following cities are in the Philippines: South Tangerang, Lubumbashi, Tlaquepaque, Macapa, and Caloocan City.",0
"Exactly 2 of the following cities are in India: Florianopolis, Foshan, Sofia, Guang'an, and Ajmer.",0
"Exactly 3 of the following cities are in Russia: Buraydah, Cucuta, Saratov, Maiduguri, and Jakarta.",0
"Exactly 3 of the following cities are in India: Chandigarh, Lahore, Shanghai, Kawaguchi, and Jiaxing.",0
"Exactly 2 of the following cities are in Morocco: Shubra al Khaymah, Ranchi, Brazzaville, Sargodha, and Fes.",0
"Exactly 2 of the following cities are in China: Lome, Rio de Janeiro, Nanchong, Kampung Baru Subang, and Neijiang.",1
"Exactly 2 of the following cities are in Brazil: Maceio, Yichang, Liupanshui, Londrina, and Hwaseong-si.",1
"Exactly 1 of the following cities are in China: Yunfu, Maracaibo, Brazzaville, Volgograd, and Shaoguan.",0
"Exactly 2 of the following cities are in South Korea: Goyang-si, Dehra Dun, Irkutsk, Theni, and Chongqing.",0
"Exactly 1 of the following cities are in China: Mudanjiang, Dombivli, Managua, Jiaxing, and Adana.",0
"Exactly 1 of the following cities are in China: Grosszschocher, Chisinau, Dammam, Changde, and Perm.",1
"Exactly 2 of the following cities are in China: Zhangzhou, Kotli, Dalian, Karbala, and Las Pinas.",1
"Exactly 1 of the following cities are in Uzbekistan: Panzhihua, Guntur, Samarkand, Changshu, and Ziyang.",1
"Exactly 1 of the following cities are in India: Prayagraj, Aligarh, Hwaseong-si, Sambhaji Nagar, and Mexico City.",0
"Exactly 2 of the following cities are in Pakistan: Aligarh, Ouagadougou, Jiaxing, Feira de Santana, and Rawalpindi.",0
"Exactly 2 of the following cities are in India: Irkutsk, Malacca, Kisangani, Borivli, and Bahcelievler.",0
"Exactly 2 of the following cities are in China: Zhuzhou, Johannesburg, Rawalpindi, Anyang, and Mogadishu.",1
"Exactly 2 of the following cities are in the Philippines: Kryvyy Rih, Beijing, Chaozhou, Asansol, and Pasig City.",0
"Exactly 2 of the following cities are in Iraq: Seoul, Orumiyeh, Al Mawsil al Jadidah, Oyo, and Jieyang.",0
"Exactly 1 of the following cities are in China: Qujing, Izmir, Hohhot, Kota Bharu, and Liuzhou.",0
"Exactly 2 of the following cities are in Nigeria: Denpasar, Dar es Salaam, Baku, Bilimora, and Abuja.",0
"Exactly 1 of the following cities are in Iran: Ribeirao Preto, Shiraz, Zunyi, Ghaziabad, and Gold Coast.",1
"Exactly 2 of the following cities are in China: Sanmenxia, Zhengzhou, Novokuznetsk, Lviv, and Suez.",1
"Exactly 2 of the following cities are in India: Makati City, Subang Jaya, Anshun, Nowrangapur, and Nagpur.",1
"Exactly 1 of the following cities are in Gabon: Ciudad Guayana, Matola, Libreville, Chengdu, and Ciudad Juarez.",1
"Exactly 2 of the following cities are in Pakistan: Kharkiv, Pretoria, Port Said, Lahore, and Antwerpen.",0
"Exactly 2 of the following cities are in the United States: New South Memphis, Fes, Sevastopol, Lviv, and Changde.",0
"Exactly 3 of the following cities are in China: Namangan, Bien Hoa, Thane, Liupanshui, and Serang.",0
"Exactly 1 of the following cities are in India: Kumamoto, Surat, Zhanjiang, Bilimora, and Cankaya.",0
"Exactly 2 of the following cities are in China: Leon de los Aldama, Suqian, Kinshasa, Tiruchirappalli, and Krakow.",0
"Exactly 3 of the following cities are in China: Bhayandar, Onitsha, Zhaoqing, Suqian, and Anshan.",1
"Exactly 2 of the following cities are in Bulgaria: Lipetsk, Kano, New York City, Sofia, and New South Memphis.",0
"Exactly 2 of the following cities are in Germany: Callao, Pasig City, Budapest, Nuernberg, and Meerut.",0
"Exactly 3 of the following cities are in China: Handan, Maputo, New Kingston, Wanning, and Cixi.",1
"Exactly 2 of the following cities are in India: Campos dos Goytacazes, Bikaner, Gwalior, Mudanjiang, and Nova Iguacu.",1
"Exactly 1 of the following cities are in Kenya: Shanghai, Kakamega, Kagoshima, Dortmund, and Warangal.",1
"Exactly 2 of the following cities are in China: Ansan-si, Wanxian, Multan, Shanghai, and Makati City.",1
"Exactly 2 of the following cities are in China: Frankfurt am Main, Meizhou, Yiwu, Santo Domingo Oeste, and Turin.",1
"Exactly 1 of the following cities are in Japan: Algiers, Yibin, Hamamatsu, Tucson, and Sao Bernardo do Campo.",1
"Exactly 2 of the following cities are in China: Tokyo, Nanded, Samarinda, Yiwu, and Suqian.",1
"Exactly 2 of the following cities are in China: Hebi, Barquisimeto, Tiruppur, The Bronx, and Luancheng.",1
"Exactly 2 of the following cities are in China: Heze, Sanya, Bursa, Libreville, and Mosul.",1
"Exactly 2 of the following cities are in Jordan: Albuquerque, Sao Paulo, Zarqa, Mexico City, and Managua.",0
"Exactly 1 of the following cities are in Japan: Fukuoka, Kumamoto, Zarqa, Linfen, and Tirunelveli.",0
"Exactly 3 of the following cities are in China: Maceio, Huangshi, Jiamusi, Da Nang, and Linyi.",1
"Exactly 2 of the following cities are in Ukraine: Zhumadian, Sevastopol, Torreon, Yinchuan, and Liupanshui.",0
"Exactly 2 of the following cities are in India: Luohe, Ansan-si, Bhilai, Solapur, and Port-au-Prince.",1
"Exactly 2 of the following cities are in India: Paranaque City, Jilin, Libreville, Dombivli, and Anyang.",0
"Exactly 1 of the following cities are in India: Indianapolis, Faridabad, Jaipur, Batam, and Yingkou.",0
"Exactly 3 of the following cities are in India: Dhanbad, Surat, Jaipur, Shantou, and Al Ain City.",1
"Exactly 2 of the following cities are in Iraq: Qujing, Al Mawsil al Jadidah, Sambhaji Nagar, Enugu, and Mianzhu, Deyang, Sichuan.",0
"Exactly 2 of the following cities are in Japan: Ludhiana, Juiz de Fora, Al Ahmadi, Sangli, and Okayama.",0
"Exactly 3 of the following cities are in Morocco: Frankfurt am Main, Casablanca, Nasiriyah, Bekasi, and Abu Ghurayb.",0
"Exactly 2 of the following cities are in Myanmar: Mandalay, Ma'anshan, Aguascalientes, Matola, and Tianjin.",0
"Exactly 2 of the following cities are in Germany: Longyan, New York City, Nuernberg, Abuja, and Seoul.",0
"Exactly 2 of the following cities are in Pakistan: Voronezh, Tijuana, Acapulco de Juarez, Sargodha, and Maceio.",0
"Exactly 3 of the following cities are in India: Chandigarh, Belo Horizonte, Khabarovsk Vtoroy, Jamshedpur, and Ghaziabad.",1
"Exactly 3 of the following cities are in India: Chandigarh, Ludhiana, Sambhaji Nagar, Baise, and Sargodha.",1
"Exactly 1 of the following cities are in China: Ulsan, Laibin, Bayannur, Erzurum, and Guigang.",0
"Exactly 2 of the following cities are in China: Durban, Gaziantep, Zhenjiang, San Luis Potosi, and Chongqing.",1
"Exactly 2 of the following cities are in Côte d'Ivoire: Bouake, Kampung Baru Subang, Can Tho, Hannover, and Zhengzhou.",0
"Exactly 1 of the following cities are in Russia: Jingmen, Dubai, Makhachkala, Xuzhou, and Penza.",0
"Exactly 3 of the following cities are in Morocco: Casablanca, Binzhou, Kemerovo, Huainan, and Luohe.",0
"Exactly 1 of the following cities are in the Dominican Republic: Al Basrah al Qadimah, Kyiv, Santiago de los Caballeros, Kyoto, and Shijiazhuang.",1
"Exactly 2 of the following cities are in China: Port Harcourt, Bikaner, Laiwu, Naucalpan de Juarez, and Accra.",0
"Exactly 1 of the following cities are in Côte d'Ivoire: Bouake, Liuzhou, Kaduna, Petaling Jaya, and Dhanbad.",1
"Exactly 2 of the following cities are in China: Macapa, Chenzhou, Istanbul, Ya'an, and Algiers.",1
"Exactly 2 of the following cities are in Sudan: Uberlandia, Khartoum, Santiago de Queretaro, Lviv, and Korla.",0
"Exactly 2 of the following cities are in China: Konya, Xingtai, Balikpapan, Fushun, and Basrah.",1
"Exactly 2 of the following cities are in China: Goiania, Zhabei, Harbin, Malatya, and Daejeon.",1
"Exactly 3 of the following cities are in Finland: Helsinki, Asyut, Gaziantep, Foshan, and Tolyatti.",0
"Exactly 1 of the following cities are in India: Mudanjiang, Pune, Zhaotong, Asansol, and Denpasar.",0
"Exactly 1 of the following cities are in the United States: Dammam, Bandar Lampung, Jiujiang, Seattle, and Izmir.",1
"Exactly 2 of the following cities are in China: Aguascalientes, Wuzhou, Tiruchirappalli, Dakar, and Wroclaw.",0
"Exactly 1 of the following cities are in Cuba: Santiago de Cuba, Tebessa, Yongzhou, Kyoto, and Shiraz.",1
"Exactly 2 of the following cities are in Cambodia: Tianjin, Phnom Penh, E'zhou, Ibadan, and Yiwu.",0
"Exactly 2 of the following cities are in India: Prayagraj, Port Said, Dongying, Navi Mumbai, and Shizuoka.",1
"Exactly 2 of the following cities are in Malaysia: Niigata, Guayaquil, Frankfurt am Main, Kuala Lumpur, and Rahim Yar Khan.",0
"Exactly 2 of the following cities are in the Philippines: Al Fayyum, Duesseldorf, Taguig, Tangshan, and Xinyang.",0
"Exactly 2 of the following cities are in Turkey: Kampung Baru Subang, Marrakesh, Pekanbaru, Ankara, and Shizuoka.",0
"Exactly 2 of the following cities are in China: Chiclayo, Tianjin, Uskudar, Bucharest, and Asmara.",0
"Exactly 1 of the following cities are in India: Surat, Onitsha, Mersin, Chennai, and Nampula.",0
"Exactly 2 of the following cities are in China: Quzhou, Shangluo, Makassar, Kumasi, and Recife.",1
"Exactly 3 of the following cities are in China: Liaocheng, Ulhasnagar, Beijing, Guangzhou, and Benin City.",1
"Exactly 2 of the following cities are in Nepal: Guwahati, Al Fayyum, Puente Alto, Quetta, and Kathmandu.",0
"Exactly 4 of the following cities are in China: Wuwei, Baoji, Serang, Huzhou, and Urumqi.",1
"Exactly 2 of the following cities are in China: Changwon, Puducherry, Nanchong, Ecatepec de Morelos, and Wuhan.",1
"Exactly 1 of the following cities are in Brazil: Sangli, Ho Chi Minh City, Suez, Teresina, and Nowrangapur.",1
"Exactly 1 of the following cities are in the Dominican Republic: Zhumadian, Durban, Florianopolis, Qom, and Santiago de los Caballeros.",1
"Exactly 1 of the following cities are in China: Huizhou, Yangquan, Comilla, Istanbul, and Wuzhou.",0
"Exactly 2 of the following cities are in Honduras: Rourkela, Kigali, Serang, Tegucigalpa, and Gujranwala.",0
"Exactly 2 of the following cities are in China: Tanggu, Ziyang, Ulyanovsk, Kirkuk, and Madurai.",1
"Exactly 2 of the following cities are in China: Theni, Wanxian, Madinat an Nasr, Al Mawsil al Jadidah, and Tianjin.",1
"Exactly 2 of the following cities are in China: Panshan, Porto Alegre, Addis Ababa, Kyiv, and Xuchang.",1
"Exactly 2 of the following cities are in China: Semarang, Shuangyashan, Sevastopol, Arequipa, and Yunfu.",1
"Exactly 2 of the following cities are in Japan: Tembisa, Maputo, Kumamoto, Pikine, and Dakar.",0
"Exactly 1 of the following cities are in China: Jiaozuo, Kandahar, Kisangani, Rohini, and Tijuana.",1
"Exactly 3 of the following cities are in China: Baise, Kunming, Yibin, Fukuoka, and Ulsan.",1
"Exactly 3 of the following cities are in France: Marseille, Mianzhu, Deyang, Sichuan, Bekasi, Kalyan, and Chelyabinsk.",0
"Exactly 2 of the following cities are in Turkey: Lianyungang, Chenzhou, Omsk, Guangzhou, and Bahcelievler.",0
"Exactly 2 of the following cities are in Mexico: N'Djamena, Dongying, Ecatepec de Morelos, Iztapalapa, and Weihai.",1
"Exactly 2 of the following cities are in India: Al Mawsil al Jadidah, Kano, Kumamoto, Karol Bagh, and Nanchong.",0
"Exactly 1 of the following cities are in Egypt: Bhopal, Al Hudaydah, Tebessa, Shubra al Khaymah, and Ludhiana.",1
"Exactly 2 of the following cities are in India: Tolyatti, Vijayawada, Sulaymaniyah, Brasilia, and Kallakurichi.",1
"Exactly 2 of the following cities are in China: Detroit, Changchun, Jambi City, Jiaozuo, and Davao.",1
"Exactly 2 of the following cities are in Russia: Lviv, Omsk, Anshan, Jieyang, and Durban.",0
"Exactly 1 of the following cities are in Mexico: San Pedro Sula, Aleppo, Abuja, Faridabad, and Leon de los Aldama.",1
"Exactly 1 of the following cities are in China: Incheon, Xianyang, Indore, Bhopal, and Chattogram.",1
"Exactly 2 of the following cities are in China: Ningbo, Taguig, Hohhot, Seoul, and Chandigarh.",1
"Exactly 3 of the following cities are in China: Pingdingshan, Shenyang, Liuzhou, Uberlandia, and Oslo.",1
"Exactly 2 of the following cities are in India: Seongnam-si, Hanoi, Benoni, Rourkela, and Dhanbad.",1
"Exactly 2 of the following cities are in South Korea: Abobo, Oyo, Warri, Nouakchott, and Incheon.",0
"Exactly 3 of the following cities are in China: Hebi, Ordos, Durban, Diyarbakir, and Ya'an.",1
"Exactly 2 of the following cities are in India: San Luis Potosi, Vilnius, Visakhapatnam, Kolhapur, and Hohhot.",1
"Exactly 2 of the following cities are in Indonesia: Anqing, Oslo, Casablanca, Cimahi, and Guntur.",0
"Exactly 2 of the following cities are in China: Kobe, Qinzhou, Shenzhen, Tiruchirappalli, and Sao Jose dos Campos.",1
"Exactly 2 of the following cities are in China: Zhengzhou, Vladivostok, Recife, Quezon City, and Foshan.",1
"Exactly 2 of the following cities are in the United States: Milwaukee, Ulyanovsk, New York City, Erode, and Huizhou.",1
"Exactly 3 of the following cities are in Brazil: Tomsk, Huaibei, Tangerang, Sokoto, and Manaus.",0
"Exactly 2 of the following cities are in China: Chandigarh, Quzhou, Vladivostok, Zhumadian, and Khabarovsk.",1
"Exactly 2 of the following cities are in Brazil: Goiania, Barquisimeto, Putian, Osaka, and Dammam.",0
"Exactly 2 of the following cities are in India: Xining, Chicago, Sangli, Saint Petersburg, and Tangier.",0
"Exactly 1 of the following cities are in China: Zhengzhou, Vladivostok, Recife, Quezon City, and Foshan.",0
"Exactly 1 of the following cities are in Japan: Hachioji, Guilin, Ryazan', Huainan, and Mosul.",1
"Exactly 2 of the following cities are in Oman: Teresina, Jaboatao, Mandalay, Muscat, and Xingtai.",0
"Exactly 2 of the following cities are in Peru: Bhubaneswar, Callao, Mudanjiang, Meknes, and Hamhung.",0
"Exactly 2 of the following cities are in Russia: Izhevsk, Sangli, Omsk, Nanjing, and Vijayawada.",1
"Exactly 3 of the following cities are in China: Marseille, Jos, Huangshi, Pikine, and Tashkent.",0
"Exactly 2 of the following cities are in Russia: Erbil, Guiyang, Frankfurt am Main, Tomsk, and Jiujiang.",0
"Exactly 2 of the following cities are in Mauritania: Kalininskiy, Nouakchott, Surat, Malang, and Zhoushan.",0
"Exactly 1 of the following cities are in India: Samarinda, Kuala Lumpur, Bhayandar, Harbin, and Hamhung.",1
"Exactly 2 of the following cities are in Turkey: Gaziantep, Zhengzhou, Narela, Marseille, and Abuja.",0
"Exactly 1 of the following cities are in Iran: Hamamatsu, Brazzaville, Shijiazhuang, Matsuyama, and Qom.",1
"Exactly 2 of the following cities are in Mexico: Grosszschocher, Kisangani, Tijuana, Reynosa, and Quezon City.",1
"Exactly 2 of the following cities are in India: Orumiyeh, Borivli, Calgary, Perm, and Aligarh.",1
"Exactly 2 of the following cities are in India: Zibo, Puducherry, Shaoxing, Winnipeg, and Kallakurichi.",1
"Exactly 2 of the following cities are in Brazil: Porto Velho, Rajkot, Ashgabat, Da Nang, and Soweto.",0
"Exactly 1 of the following cities are in India: Weifang, Fuxin, Detroit, Kanayannur, and Minsk.",1
"Exactly 1 of the following cities are in Russia: Izhevsk, Sokoto, Chengdu, Nouakchott, and Nagpur.",1
"Exactly 1 of the following cities are in Belgium: Antwerpen, Jambi City, Kakamega, Ha'il, and Jaboatao dos Guararapes.",1
"Exactly 3 of the following cities are in Brazil: Ahvaz, Calgary, Aden, Jaboatao dos Guararapes, and Curitiba.",0
"Exactly 1 of the following cities are in Egypt: Al Fayyum, Conakry, Tangier, Shangqiu, and Paranaque City.",1
"Exactly 2 of the following cities are in China: Fuxin, Semarang, Cebu City, Maoming, and Homs.",1
"Exactly 3 of the following cities are in China: Luohe, Dakar, Xiangtan, Abidjan, and Pingliang.",1
"Exactly 1 of the following cities are in Venezuela: Turin, Homyel', Jiaxing, Huizhou, and Maturin.",1
"Exactly 2 of the following cities are in India: Amravati, Thane, Ordos, Tlalpan, and Rui'an.",1
"Exactly 2 of the following cities are in China: Esenler, Jiujiang, Matsuyama, Benxi, and Homyel'.",1
"Exactly 2 of the following cities are in Russia: Mexico City, Tianjin, Saratov, Abobo, and Lyon.",0
"Exactly 2 of the following cities are in Nigeria: Yangjiang, Meerut, Hanzhong, Jos, and Zhanjiang.",0
"Exactly 1 of the following cities are in the Philippines: Abobo, Karaj, Hiroshima, Cebu City, and Zhangjiagang.",1
"Exactly 2 of the following cities are in China: Kashgar, Iztapalapa, Aktobe, Weifang, and Tokyo.",1
"Exactly 2 of the following cities are in Russia: Conakry, Varanasi, Tonghua, Belo Horizonte, and Krasnodar.",0
"Exactly 2 of the following cities are in Pakistan: Ma'anshan, Chengdu, Quetta, Islamabad, and Tanggu.",1
"Exactly 3 of the following cities are in India: Kryvyy Rih, Luohe, Vladivostok, Bikaner, and Dar es Salaam.",0
"Exactly 2 of the following cities are in China: Okayama, Gwalior, Tlalpan, Sanaa, and Jiaozuo.",0
"Exactly 2 of the following cities are in India: Bucheon-si, Kaduna, Asuncion, Puducherry, and Mudanjiang.",0
"Exactly 2 of the following cities are in Russia: Thane, Kotli, Perm, Huaihua, and General Santos.",0
"Exactly 2 of the following cities are in China: Shuangyashan, Ranchi, Cuttack, Guigang, and Pikine.",1
"Exactly 2 of the following cities are in Iran: Shiraz, Orumiyeh, Taiz, Kallakurichi, and Aktobe.",1
"Exactly 2 of the following cities are in China: Luohe, Dakar, Xiangtan, Abidjan, and Pingliang.",0
"Exactly 2 of the following cities are in the Republic of the Congo: Bien Hoa, Jaipur, Brazzaville, Ganzhou, and Heze.",0
"Exactly 2 of the following cities are in India: Santo Domingo Oeste, Puducherry, Juiz de Fora, Ulan Bator, and Vijayawada.",1
"Exactly 2 of the following cities are in China: Santiago de Cuba, Jiaxing, Enugu, Jiaozuo, and Faisalabad.",1
"Exactly 2 of the following cities are in Mexico: Mexico City, Sao Bernardo do Campo, Ciudad Nezahualcoyotl, Yangjiang, and Porto Alegre.",1
"Exactly 2 of the following cities are in Pakistan: Karachi, Tomsk, Kemerovo, Kahriz, and Shenyang.",0
"Exactly 3 of the following cities are in China: Ma'anshan, Nairobi, Huzhou, Tangshan, and Ebute Ikorodu.",1
"Exactly 1 of the following cities are in India: Rourkela, Subang Jaya, Kaduna, Shymkent, and Ouagadougou.",1
"Exactly 2 of the following cities are in China: Dongying, Aparecida de Goiania, Zhenjiang, Bangkok, and Fes.",1
"Exactly 1 of the following cities are in India: Pune, Pimpri, Santiago de Cuba, Ulan Bator, and Siliguri.",0
"Exactly 2 of the following cities are in India: Yongzhou, Mandalay, Vadodara, Pietermaritzburg, and Nagpur.",1
"Exactly 2 of the following cities are in China: Luohe, Lahore, Konya, Yekaterinburg, and Neijiang.",1
"Exactly 2 of the following cities are in Mexico: Navi Mumbai, Neijiang, Yunfu, Acapulco de Juarez, and Pune.",0
"Exactly 2 of the following cities are in Pakistan: Goyang-si, Warri, Cixi, Mudanjiang, and Sargodha.",0
"Exactly 1 of the following cities are in China: Jiangyin, Chizhou, Qinhuangdao, Kota Bharu, and Astrakhan.",0
"Exactly 2 of the following cities are in China: Lubumbashi, Baoji, Zunyi, Leon de los Aldama, and Meknes.",1
"Exactly 2 of the following cities are in Indonesia: Salta, Xuzhou, Jakarta, Sharjah, and Pontianak.",1
"Exactly 3 of the following cities are in Japan: Shanghai, Pingliang, Saitama, Guankou, and Ya'an.",0
"Exactly 2 of the following cities are in Venezuela: Kyoto, Yangquan, Maracaibo, Barquisimeto, and Malang.",1
"Exactly 2 of the following cities are in China: Jaipur, Hanzhong, Sanming, Ulsan, and Copenhagen.",1
"Exactly 2 of the following cities are in Brazil: Nanjing, Mersin, Cochin, Nanchang, and Recife.",0
"Exactly 1 of the following cities are in Vietnam: Bareilly, Coimbatore, Nairobi, Da Nang, and Kotli.",1
"Exactly 4 of the following cities are in China: Karol Bagh, Pingliang, Tianjin, Jiangyin, and Suining.",1
"Exactly 3 of the following cities are in Mozambique: Oslo, Boumerdes, Beira, Hiroshima, and Can Tho.",0
"Exactly 1 of the following cities are in China: Maceio, Huangshi, Jiamusi, Da Nang, and Linyi.",0
"Exactly 2 of the following cities are in China: Ar Raqqah, Wanxian, Torreon, Amravati, and Zhumadian.",1
"Exactly 2 of the following cities are in India: Malatya, Giza, Rui'an, Tirunelveli, and Kallakurichi.",1
"Exactly 2 of the following cities are in Mexico: Acapulco de Juarez, Coyoacan, Qinzhou, Milwaukee, and Makhachkala.",1
"Exactly 2 of the following cities are in India: Kathmandu, Lianyungang, Amravati, Bandar Lampung, and Navi Mumbai.",1
"Exactly 2 of the following cities are in China: Santiago de Queretaro, Xiaogan, Dhanbad, Malang, and Zhaoqing.",1
"Exactly 3 of the following cities are in Egypt: Giza, Osaka, Benin City, Binzhou, and Al Ahmadi.",0
"Exactly 1 of the following cities are in China: Zarqa, Curitiba, Sofia, Benxi, and Puning.",0
"Exactly 2 of the following cities are in Nigeria: Maracay, Ilorin, Benin City, Amravati, and Dar es Salaam.",1
"Exactly 3 of the following cities are in South Africa: Pietermaritzburg, Zigong, Changchun, Benin City, and Kalyan.",0
"Exactly 2 of the following cities are in Uzbekistan: Nanchang, Fes, Dortmund, Samarkand, and Serang.",0
"Exactly 2 of the following cities are in the United States: Prayagraj, Detroit, Milwaukee, Abidjan, and Arequipa.",1
"Exactly 2 of the following cities are in Brazil: Dubai, Novosibirsk, Porto Alegre, Huaihua, and Florianopolis.",1
"Exactly 2 of the following cities are in Pakistan: Sanmenxia, Port-au-Prince, Bahawalpur, Liupanshui, and Rahim Yar Khan.",1
"Exactly 2 of the following cities are in India: Mianzhu, Deyang, Sichuan, Milwaukee, Marrakesh, Ulan Bator, and Guwahati.",0
"Exactly 2 of the following cities are in China: Hegang, Laibin, Chennai, Dehra Dun, and Stockholm.",1
"Exactly 1 of the following cities are in Morocco: Managua, Casablanca, Campos dos Goytacazes, Zagreb, and Liuzhou.",1
"Exactly 2 of the following cities are in China: Jiujiang, Tebessa, The Bronx, Mbuji-Mayi, and Zhengzhou.",1
"Exactly 4 of the following cities are in Turkey: Konya, Ha'il, Anqing, Winnipeg, and Mersin.",0
"Exactly 2 of the following cities are in Turkey: Bahcelievler, Mukalla, Tabriz, Tolyatti, and Erzurum.",1
"Exactly 1 of the following cities are in Mexico: Suez, Kayseri, Tashkent, Ciudad Nezahualcoyotl, and Guatemala City.",1
"Exactly 2 of the following cities are in China: Wanning, Cheonan, Surat, Xinyang, and Pekanbaru.",1
"Exactly 2 of the following cities are in China: Milwaukee, Bahcelievler, Al Basrah al Qadimah, Chenzhou, and Taicang.",1
"Exactly 1 of the following cities are in Peru: Klang, Bamako, Zhabei, Chiclayo, and Banjarmasin.",1
"Exactly 1 of the following cities are in Malaysia: Rizhao, Petaling Jaya, Soweto, Dushanbe, and Wanzhou.",1
"Exactly 1 of the following cities are in China: Pasig City, Xiangtan, Tirunelveli, Chandigarh, and Zhumadian.",0
"Exactly 2 of the following cities are in Mexico: Ciudad Nezahualcoyotl, Sargodha, Subang Jaya, Islamabad, and Najafgarh.",0
"Exactly 1 of the following cities are in India: Bhilai, Nanjing, Shijiazhuang, Yibin, and Kigali.",1
"Exactly 2 of the following cities are in Mexico: Frankfurt am Main, Rourkela, Tlalpan, Ansan-si, and Ecatepec de Morelos.",1
"Exactly 3 of the following cities are in China: Fes, Bengbu, Kirkuk, Douala, and Chennai.",0
"Exactly 2 of the following cities are in India: Latakia, Meerut, Kolhapur, Bulawayo, and Tijuana.",1
"Exactly 3 of the following cities are in China: Ashgabat, Bagcilar, Heze, Zhangjiakou, and Shihezi.",1
"Exactly 3 of the following cities are in China: Zhaotong, Xiaogan, Oklahoma City, Anyang-si, and Shenzhen.",1
"Exactly 1 of the following cities are in China: Oslo, Hangzhou, Kryvyy Rih, Jeonju, and Yibin.",0
"Exactly 2 of the following cities are in Myanmar: Mandalay, Cotonou, South Tangerang, Ordos, and Xining.",0
"Exactly 2 of the following cities are in India: Yangquan, Cheongju-si, Nashik, Dehra Dun, and Marrakesh.",1
"Exactly 1 of the following cities are in Jordan: Jalandhar, Baotou, Irbid, Rourkela, and Hamadan.",1
"Exactly 1 of the following cities are in Malaysia: Johor Bahru, Soweto, Karaj, Guilin, and Ciudad Juarez.",1
"Exactly 2 of the following cities are in China: Pingdingshan, Poznan, Makassar, Anshan, and Kyoto.",1
"Exactly 1 of the following cities are in India: San Luis Potosi, Vilnius, Visakhapatnam, Kolhapur, and Hohhot.",0
"Exactly 2 of the following cities are in China: Adana, Tianjin, Dushanbe, Bahawalpur, and Siping.",1
"Exactly 2 of the following cities are in China: Narela, Vijayawada, Qingdao, Shangluo, and Sargodha.",1
"Exactly 1 of the following cities are in China: Zhoushan, Odesa, Kathmandu, Ganzhou, and Nagoya.",0
"Exactly 3 of the following cities are in Honduras: San Pedro Sula, Cheonan, Jos, Qingdao, and The Bronx.",0
"Exactly 1 of the following cities are in the United States: Guangzhou, Huainan, Chicago, Ma'anshan, and Jaipur.",1
"Exactly 2 of the following cities are in Brazil: Bhubaneswar, Zibo, Joao Pessoa, Ha'il, and Changwon.",0
"Exactly 3 of the following cities are in China: Panshan, Maoming, Liaocheng, Asmara, and Dushanbe.",1
"Exactly 2 of the following cities are in India: Gwalior, Mazar-e Sharif, Krasnoyarsk, Lusaka, and Najafgarh.",1
"Exactly 2 of the following cities are in Pakistan: Shiraz, Battagram, Ebute Ikorodu, Addis Ababa, and Yongzhou.",0
"Exactly 3 of the following cities are in China: Battagram, Bhilai, Handan, Jieyang, and Meizhou.",1
"Exactly 2 of the following cities are in China: Shihezi, General Santos, Eskisehir, Xiaogan, and Aligarh.",1
"Exactly 2 of the following cities are in China: Sevastopol, Madurai, Jiangmen, Tucson, and Yibin.",1
"Exactly 2 of the following cities are in China: Rajshahi, Lanzhou, Rawalpindi, Krasnoyarsk, and Pune.",0
"Exactly 3 of the following cities are in China: Yangon, Jiaxing, Teresina, Zhengzhou, and Wenzhou.",1
"Exactly 2 of the following cities are in China: Herat, Maracaibo, Qiqihar, Johor Bahru, and Hebi.",1
"Exactly 3 of the following cities are in the Republic of the Congo: Zigong, Port Said, Suining, Da Nang, and Brazzaville.",0
"Exactly 2 of the following cities are in Latvia: Yongzhou, Al Ahmadi, Jaipur, Riga, and Tangerang.",0
"Exactly 2 of the following cities are in India: Bogor, Changshu, Al Mawsil al Jadidah, Tiruchirappalli, and Bhiwandi.",1
"Exactly 2 of the following cities are in India: Libreville, Hebi, New Kingston, Jabalpur, and Najafgarh.",1
"Exactly 2 of the following cities are in India: Ecatepec de Morelos, Grosszschocher, Riga, Gwalior, and Dombivli.",1
"Exactly 3 of the following cities are in China: Rajkot, Shaoguan, Suez, Kallakurichi, and Voronezh.",0
"Exactly 2 of the following cities are in Russia: Ankara, Jiamusi, Taicang, Sevastopol, and Khabarovsk Vtoroy.",0
"Exactly 1 of the following cities are in China: Cotonou, Madurai, Shizuoka, Hohhot, and Ningbo.",0
"Exactly 2 of the following cities are in India: Dalian, Tiruchirappalli, Najafgarh, Jieyang, and Douala.",1
"Exactly 2 of the following cities are in China: Vilnius, Puducherry, Rawalpindi, Guankou, and Zagreb.",0
"Exactly 1 of the following cities are in Mexico: Zigong, Acapulco de Juarez, Lipetsk, Seoul, and Caloocan City.",1
"Exactly 4 of the following cities are in China: South Tangerang, Lu'an, Neijiang, Meizhou, and Zhangjiakou.",1
"Exactly 2 of the following cities are in China: Zhaoqing, Dakar, Hamhung, Baise, and Santiago de los Caballeros.",1
"Exactly 1 of the following cities are in China: Xuanzhou, Abuja, Huainan, Nouakchott, and Osaka.",0
"Exactly 3 of the following cities are in India: Antalya, Subang Jaya, Nowrangapur, Pimpri, and Ajmer.",1
"Exactly 2 of the following cities are in China: Ahmedabad, Maturin, Chennai, Nanjing, and Gujranwala.",0
"Exactly 2 of the following cities are in China: Lu'an, Bursa, Kolkata, Xingtai, and Ghaziabad.",1
"Exactly 1 of the following cities are in the United States: Prayagraj, Detroit, Milwaukee, Abidjan, and Arequipa.",0
"Exactly 3 of the following cities are in Niger: Niamey, Kryvyy Rih, Langfang, Daejeon, and Abuja.",0
"Exactly 1 of the following cities are in Japan: Quetta, Jalandhar, Yingkou, Rahim Yar Khan, and Kyoto.",1
"Exactly 1 of the following cities are in India: Ulhasnagar, Dortmund, Cuttack, Yiwu, and Sendai.",0
"Exactly 2 of the following cities are in Indonesia: Bahawalpur, Latakia, Salta, Tehran, and Malang.",0
"Exactly 2 of the following cities are in China: Ziyang, Nashik, Qinzhou, Thuan An, and Xuzhou.",0
"Exactly 2 of the following cities are in China: Phnom Penh, Himeji, Xuzhou, Lilongwe, and Chenzhou.",1
"Exactly 2 of the following cities are in Turkey: Dhanbad, Ankara, Rio de Janeiro, Malatya, and Quezon City.",1
"Exactly 1 of the following cities are in Indonesia: Shiraz, Kallakurichi, Ordos, Bandar Lampung, and Shaoxing.",1
"Exactly 2 of the following cities are in Belgium: Hannover, Antwerpen, Cuiaba, Porto Alegre, and Oslo.",0
"Exactly 2 of the following cities are in China: Bien Hoa, Zhengzhou, Dandong, Mysore, and Lodz.",1
"Exactly 3 of the following cities are in China: Irkutsk, Tashkent, Xingtai, Weihai, and Abidjan.",0
"Exactly 1 of the following cities are in Afghanistan: Semarang, Herat, Chisinau, Chennai, and Seoul.",1
"Exactly 2 of the following cities are in India: Linfen, Oslo, Ulhasnagar, Brazzaville, and Tiruchirappalli.",1
"Exactly 2 of the following cities are in India: Boumerdes, Callao, Bokaro, Maracaibo, and Pasig City.",0
"Exactly 2 of the following cities are in China: Chandigarh, Goeteborg, Kyoto, Ulan Bator, and Zhaoqing.",0
"Exactly 2 of the following cities are in the United Arab Emirates: Sharjah, Dammam, Laiwu, Ulan Bator, and Rohini.",0
"Exactly 1 of the following cities are in China: Ibague, Jinan, Buraydah, Tangshan, and Mudanjiang.",0
"Exactly 1 of the following cities are in Ukraine: Douala, Kayseri, Kharkiv, Shuangyashan, and Yiwu.",1
"Exactly 1 of the following cities are in India: Helsinki, Beijing, Londrina, Kigali, and Kolkata.",1
"Exactly 3 of the following cities are in India: Visakhapatnam, Cuttack, Guntur, Albuquerque, and Curitiba.",1
"Exactly 1 of the following cities are in Iran: Nagpur, Tangshan, Cangzhou, Barranquilla, and Ahvaz.",1
"Exactly 3 of the following cities are in Lebanon: Chenzhou, Beirut, Vilnius, Varanasi, and Vladivostok.",0
"Exactly 2 of the following cities are in China: Jamshedpur, Guwahati, Harbin, Panshan, and Vilnius.",1
"Exactly 2 of the following cities are in the Philippines: Taguig, Erbil, Volgograd, Kozhikode, and Kuala Lumpur.",0
"Exactly 3 of the following cities are in China: Xianning, Shuangyashan, Bishkek, Al Fayyum, and Ganzhou.",1
"Exactly 3 of the following cities are in North Korea: Zhanjiang, Ebute Ikorodu, Mandalay, Vilnius, and Pyongyang.",0
"Exactly 3 of the following cities are in India: Zhengzhou, Marseille, Goyang-si, Borivli, and Zhaotong.",0
"Exactly 1 of the following cities are in China: Bijie, Dehra Dun, Liaocheng, Zibo, and Kirkuk.",0
"Exactly 2 of the following cities are in Russia: Istanbul, Naucalpan de Juarez, Bobo-Dioulasso, Coimbatore, and Ryazan'.",0
"Exactly 1 of the following cities are in the Philippines: Jaboatao, Antananarivo, Guwahati, Caloocan City, and Multan.",1
"Exactly 1 of the following cities are in Iran: Shiraz, Chisinau, Hengyang, Nampula, and Changshu.",1
"Exactly 1 of the following cities are in India: Zhanjiang, Porto Alegre, San Miguel de Tucuman, Bikaner, and Laiwu.",1
"Exactly 2 of the following cities are in Egypt: Yangjiang, Torreon, Zhoushan, Al Mahallah al Kubra, and Chicago.",0
"Exactly 2 of the following cities are in India: Wanning, Dombivli, Bilimora, Cheonan, and Osaka.",1
"Exactly 2 of the following cities are in Brazil: Sangli, Ho Chi Minh City, Suez, Teresina, and Nowrangapur.",0
"Exactly 2 of the following cities are in Russia: Makhachkala, Tianshui, Kozhikode, Krasnodar, and Niamey.",1
"Exactly 3 of the following cities are in China: Pune, Nanchong, Sorocaba, Shantou, and Hangzhou.",1
"Exactly 2 of the following cities are in China: Dortmund, Nanning, Mar del Plata, Sharjah, and Matola.",0
"Exactly 1 of the following cities are in India: Kolhapur, Xiamen, Meknes, Bilimora, and Kitakyushu.",0
"Exactly 2 of the following cities are in Croatia: Zagreb, Almaty, Aracaju, Jiaozuo, and Kyiv.",0
"Exactly 1 of the following cities are in Eritrea: Zaozhuang, Suwon, Sangli, Asmara, and Tangshan.",1
"Exactly 2 of the following cities are in Russia: Surakarta, Kemerovo, Kunming, Iztapalapa, and Ufa.",1
"Exactly 2 of the following cities are in China: Chenzhou, Kigali, Yangjiang, Naucalpan de Juarez, and Seongnam-si.",1
"Exactly 2 of the following cities are in Turkey: Bagcilar, Al Mawsil al Jadidah, Cuttack, Chennai, and Goiania.",0
"Exactly 1 of the following cities are in Turkey: Uskudar, Mysore, Contagem, Faridabad, and Jingmen.",1
"Exactly 2 of the following cities are in China: Cuiaba, Jiaozhou, Qingdao, Kharkiv, and Bujumbura.",1
"Exactly 2 of the following cities are in China: Cape Town, Guangyuan, Kolkata, Diyarbakir, and Kunming.",1
"Exactly 2 of the following cities are in Russia: Battagram, Antwerpen, Lipetsk, Mersin, and New Kingston.",0
"Exactly 2 of the following cities are in Mexico: Huainan, Huaibei, Xining, Leon de los Aldama, and San Pedro Sula.",0
"Exactly 2 of the following cities are in the Philippines: Kumamoto, Cebu City, Bilimora, Homs, and Binzhou.",0
"Exactly 2 of the following cities are in China: Binzhou, Anyang-si, Fushun, Odesa, and Arak.",1
"Exactly 2 of the following cities are in Japan: Shizuoka, Bobo-Dioulasso, Irkutsk, Meizhou, and Shuangyashan.",0
"Exactly 3 of the following cities are in Japan: Hiroshima, Lyon, San Miguel de Tucuman, Pasig City, and Abu Dhabi.",0
"Exactly 2 of the following cities are in China: Duesseldorf, Jinan, Yinchuan, Arequipa, and Naberezhnyye Chelny.",1
"Exactly 2 of the following cities are in China: Heze, Ebute Ikorodu, Agadir, Bareilly, and Al Mahallah al Kubra.",0
"Exactly 2 of the following cities are in South Korea: Cheongju-si, Kashgar, Zhangye, Sofia, and Maracay.",0
"Exactly 2 of the following cities are in Japan: Wroclaw, Campos dos Goytacazes, Hamamatsu, Longyan, and Quito.",0
"Exactly 3 of the following cities are in China: Zunyi, Xianyang, Guigang, Asuncion, and Harare.",1
"Exactly 3 of the following cities are in China: Hegang, Anshun, Seoul, Quezon City, and Anyang.",1
"Exactly 2 of the following cities are in India: Tebessa, Gold Coast, Theni, Moradabad, and New Kingston.",1
"Exactly 2 of the following cities are in Russia: Eskisehir, Penza, Pikine, Incheon, and Rajshahi.",0
"Exactly 2 of the following cities are in China: Tirunelveli, Rajshahi, Xinyang, Guankou, and Baku.",1
"Exactly 3 of the following cities are in India: Torreon, Jabalpur, Amravati, Tirunelveli, and Hengyang.",1
"Exactly 2 of the following cities are in Iraq: Riga, Sarajevo, Qinzhou, Erbil, and Kayseri.",0
"Exactly 1 of the following cities are in Nigeria: Munich, Jambi City, Ebute Ikorodu, Ajmer, and Okayama.",1
"Exactly 1 of the following cities are in the Democratic Republic of the Congo: Klang, Mbuji-Mayi, Malacca, Kozhikode, and Goyang-si.",1
"Exactly 3 of the following cities are in Saudi Arabia: Nyala, Changde, Xingtai, Najran, and Istanbul.",0
"Exactly 1 of the following cities are in India: Krasnodar, Bhopal, Hannover, Sanaa, and Islamabad.",1
"Exactly 2 of the following cities are in Sudan: Omdurman, Maracaibo, Ulan Bator, Onitsha, and Yunfu.",0
"Exactly 1 of the following cities are in Brazil: Salta, Sorocaba, Kallakurichi, Joao Pessoa, and Kunshan.",0
"Exactly 2 of the following cities are in China: Ya'an, Malang, Cape Town, Kunming, and Ibadan.",1
"Exactly 2 of the following cities are in Mexico: Zahedan, Heze, Kaifeng, Zapopan, and Bursa.",0
"Exactly 1 of the following cities are in South Korea: Sendai, Jaboatao dos Guararapes, Bikaner, Jiangmen, and Goyang-si.",1
"Exactly 2 of the following cities are in India: Kryvyy Rih, Ghaziabad, Jalandhar, Kathmandu, and Chizhou.",1
"Exactly 2 of the following cities are in Venezuela: Antalya, Bouake, Caloocan City, Guwahati, and Maracaibo.",0
"Exactly 2 of the following cities are in Indonesia: Pontianak, South Tangerang, Boumerdes, Dongying, and Jiaxing.",1
"Exactly 2 of the following cities are in Morocco: Tangier, Niamey, Santo Domingo Este, Zagreb, and Agadir.",1
"Exactly 3 of the following cities are in Jordan: Acapulco de Juarez, Libreville, Pingdingshan, Denpasar, and Zarqa.",0
"Exactly 2 of the following cities are in China: Linfen, Hwaseong-si, Ouagadougou, Okayama, and Najran.",0
"Exactly 2 of the following cities are in Japan: Linyi, Daqing, Yangquan, Kyoto, and Kawaguchi.",1
"Exactly 2 of the following cities are in China: Frankfurt am Main, Port Harcourt, Anshun, Zhaotong, and Okayama.",1
"Exactly 2 of the following cities are in China: Detroit, Kitakyushu, Xiamen, Yangon, and Shangyu.",1
"Exactly 2 of the following cities are in Russia: Perm, Hanzhong, Huaihua, Thuan An, and Florianopolis.",0
"Exactly 2 of the following cities are in China: Zhangzhou, Phnom Penh, Bamako, Pingliang, and Amman.",1
"Exactly 4 of the following cities are in China: Wuhan, Longyan, Omdurman, Zhaotong, and Nanchong.",1
"Exactly 4 of the following cities are in China: Guankou, Zhangjiakou, Caloocan City, Tonghua, and Luzhou.",1
"Exactly 1 of the following cities are in South Africa: Tembisa, Dongying, Maputo, Aligarh, and Kunshan.",1
"Exactly 2 of the following cities are in Malaysia: Al Fayyum, Xiaogan, Bucharest, Foshan, and Kota Kinabalu.",0
"Exactly 2 of the following cities are in China: Recife, Foshan, Leon de los Aldama, Xinyang, and Diyarbakir.",1
"Exactly 2 of the following cities are in China: Suwon, Hegang, Fushun, Mbuji-Mayi, and Krasnoyarsk.",1
"Exactly 2 of the following cities are in South Korea: Seongnam-si, Milwaukee, Chennai, Abu Ghurayb, and Ordos.",0
"Exactly 3 of the following cities are in Pakistan: Kotli, Maputo, Lome, Ordos, and Aligarh.",0
"Exactly 1 of the following cities are in China: Changwon, Stockholm, Chongqing, Nasiriyah, and Qingdao.",0
"Exactly 2 of the following cities are in Japan: Ranchi, Himeji, Antananarivo, Mbuji-Mayi, and Kemerovo.",0
"Exactly 3 of the following cities are in China: Kandahar, Fushun, Zhangjiagang, Beijing, and Borivli.",1
"Exactly 2 of the following cities are in the Philippines: Basrah, Wanning, Siping, Tiruchirappalli, and Quezon City.",0
"Exactly 1 of the following cities are in China: Anyang, Naberezhnyye Chelny, Yiwu, Xiangtan, and Quzhou.",0
"Exactly 2 of the following cities are in Malaysia: Prayagraj, Port Said, Denpasar, Rourkela, and Kampung Baru Subang.",0
"Exactly 2 of the following cities are in China: Seattle, Sanmenxia, Gwalior, Lipetsk, and Xuanzhou.",1
"Exactly 2 of the following cities are in Russia: Novosibirsk, Bouake, Jaboatao dos Guararapes, Huzhou, and Tyumen.",1
"Exactly 2 of the following cities are in India: Incheon, Santo Domingo Este, Bhiwandi, Latakia, and Xianyang.",0
"Exactly 2 of the following cities are in China: Cimahi, Benxi, Subang Jaya, Seongnam-si, and Quito.",0
"Exactly 2 of the following cities are in India: Kyiv, Zhumadian, Fuxin, Erode, and Pontianak.",0
"Exactly 2 of the following cities are in Honduras: Denpasar, Xining, Solapur, Ghaziabad, and Tegucigalpa.",0
"Exactly 2 of the following cities are in India: Shangrao, Hannover, Vijayawada, Niamey, and Mumbai.",1
"Exactly 1 of the following cities are in Nigeria: Herat, Onitsha, Foshan, Asyut, and Madurai.",1
"Exactly 1 of the following cities are in India: Orumiyeh, Borivli, Calgary, Perm, and Aligarh.",0
"Exactly 1 of the following cities are in China: Xuchang, Kalininskiy, Himeji, Orumiyeh, and Zibo.",0
"Exactly 2 of the following cities are in Iran: Incheon, Mbuji-Mayi, Himeji, Karaj, and Managua.",0
"Exactly 2 of the following cities are in China: Shenyang, Nampula, Koeln, Huaibei, and Teresina.",1
"Exactly 3 of the following cities are in China: Jiangyin, Milwaukee, Qujing, Shenzhen, and Lodz.",1
"Exactly 1 of the following cities are in Brazil: Dakar, Zagreb, Phnom Penh, Yingkou, and Joao Pessoa.",1
"Exactly 3 of the following cities are in Brazil: Cancun, Florianopolis, Uberlandia, Langfang, and Bhayandar.",0
"Exactly 2 of the following cities are in Russia: Qujing, Homs, Tomsk, Perm, and Karbala.",1
"Exactly 2 of the following cities are in Russia: Ulyanovsk, Izmir, Warangal, Maiduguri, and Bauchi.",0
"Exactly 2 of the following cities are in Turkey: Dandong, Haiphong, Lahore, Adana, and Bhavnagar.",0
"Exactly 3 of the following cities are in China: Rawalpindi, Zhenjiang, Barranquilla, Laiwu, and Daqing.",1
"Exactly 2 of the following cities are in Indonesia: Tabriz, Semarang, Kawaguchi, Zhumadian, and Dortmund.",0
"Exactly 2 of the following cities are in Russia: Anyang, Port-au-Prince, Izmir, Shubra al Khaymah, and Tomsk.",0
"Exactly 2 of the following cities are in Mexico: Rajkot, Denpasar, Kitakyushu, Bilimora, and Ciudad Nezahualcoyotl.",0
"Exactly 1 of the following cities are in China: Rui'an, Ipoh, Guankou, Dalian, and Sanming.",0
"Exactly 2 of the following cities are in China: N'Djamena, Chiclayo, Jiaxing, Suining, and Irkutsk.",1
"Exactly 1 of the following cities are in China: Lodz, Minsk, Weifang, Jiaxing, and Ahvaz.",0
"Exactly 1 of the following cities are in China: Xiamen, Sharjah, Panshan, Maceio, and Tehran.",0
"Exactly 1 of the following cities are in China: Cotonou, Zarqa, Zhaotong, Rajkot, and Qingdao.",0
"Exactly 2 of the following cities are in China: Al Hudaydah, New Kingston, Zhoushan, Xinyang, and Sevastopol.",1
"Exactly 1 of the following cities are in India: Barquisimeto, Thane, Najafgarh, Tucson, and Beira.",0
"Exactly 1 of the following cities are in China: Naberezhnyye Chelny, Jiangyin, Pasig City, Tianjin, and Yangjiang.",0
"Exactly 2 of the following cities are in Oman: Huizhou, Muscat, Harbin, Tebessa, and Ilorin.",0
"Exactly 1 of the following cities are in Pakistan: Kolhapur, Guarulhos, Islamabad, Zunyi, and Libreville.",1
"Exactly 2 of the following cities are in India: Kanayannur, Dhanbad, Jiangyin, Thuan An, and Semarang.",1
"Exactly 2 of the following cities are in China: Kagoshima, Liaocheng, Nairobi, Zhangzhou, and Peshawar.",1
"Exactly 2 of the following cities are in Australia: Kawaguchi, Gold Coast, Prayagraj, Harbin, and Ipoh.",0
"Exactly 1 of the following cities are in China: Al Mawsil al Jadidah, Huaihua, Faridabad, Zunyi, and Xiangtan.",0
"Exactly 1 of the following cities are in South Africa: Bucaramanga, Mar del Plata, Gold Coast, Durban, and Jiangyin.",1
"Exactly 1 of the following cities are in Russia: Tianshui, Homyel', Pikine, Kemerovo, and Beijing.",1
"Exactly 4 of the following cities are in China: Yunfu, Lahore, Kaifeng, Zhoushan, and Neijiang.",1
"Exactly 2 of the following cities are in the United States: Hamhung, Cuttack, Detroit, Liuzhou, and Bursa.",0
"Exactly 2 of the following cities are in the United States: Douala, Chuzhou, Chicago, Makassar, and Oslo.",0
"Exactly 2 of the following cities are in India: Quebec, Ulsan, Jambi City, Varanasi, and Yerevan.",0
"Exactly 2 of the following cities are in China: Qom, Bayannur, Bauchi, Sanmenxia, and Fortaleza.",1
"Exactly 2 of the following cities are in India: Kharkiv, Pekanbaru, Heze, Dehra Dun, and Zhumadian.",0
"Exactly 2 of the following cities are in Mozambique: Eskisehir, Bikaner, Matola, Santa Maria Chimalhuacan, and Yibin.",0
"Exactly 1 of the following cities are in China: Shaoguan, Cochin, Zhaoqing, Liaocheng, and Oyo.",0
"Exactly 2 of the following cities are in Zambia: Iztapalapa, Quzhou, Ahvaz, Lusaka, and Shiraz.",0
"Exactly 2 of the following cities are in India: Aguascalientes, Konya, Bhayandar, Rajshahi, and Culiacan.",0
"Exactly 1 of the following cities are in China: Victoria de Durango, Dalian, Pingliang, Brasilia, and Conakry.",0
"Exactly 2 of the following cities are in Denmark: Jieyang, Meizhou, Copenhagen, Sanming, and Hachioji.",0
"Exactly 1 of the following cities are in Venezuela: Mar del Plata, Hengyang, Maracay, Okayama, and Almaty.",1
"Exactly 2 of the following cities are in Paraguay: Winnipeg, Belo Horizonte, Addis Ababa, Ho Chi Minh City, and Asuncion.",0
"Exactly 2 of the following cities are in China: Kano, Shangqiu, Kigali, Niigata, and Zhengzhou.",1
"Exactly 2 of the following cities are in India: Niigata, Sofia, Navi Mumbai, Bhilai, and Fes.",1
"Exactly 2 of the following cities are in Russia: Odesa, Voronezh, Yekaterinburg, Agadir, and Deyang.",1
"Exactly 1 of the following cities are in China: Ajmer, Mandalay, Theni, Jiamusi, and Panshan.",0
"Exactly 4 of the following cities are in Japan: Abobo, Munich, Kagoshima, Johor Bahru, and Cheonan.",0
"Exactly 3 of the following cities are in Syria: Jeddah, Zhabei, Al Mawsil al Jadidah, Mar del Plata, and Latakia.",0
"Exactly 2 of the following cities are in Brazil: Bagcilar, Kandahar, Ma'anshan, Zhaotong, and Sorocaba.",0
"Exactly 2 of the following cities are in Iran: Yichang, Vilnius, Dushanbe, Isfahan, and Hamadan.",1
"Exactly 2 of the following cities are in Iran: Feira de Santana, Dammam, Kyiv, Tehran, and Chattogram.",0
"Exactly 2 of the following cities are in Nigeria: Benin City, Homs, Tabriz, Yiwu, and Sendai.",0
"Exactly 2 of the following cities are in Yemen: Mukalla, Ziyang, Zhaotong, Rangpur, and Tianjin.",0
"Exactly 2 of the following cities are in Brazil: Kigali, Denpasar, Bayannur, Ufa, and Ribeirao Preto.",0
"Exactly 1 of the following cities are in China: Tebessa, Hiroshima, Chuzhou, Rangpur, and Xuanzhou.",0
"Exactly 1 of the following cities are in Russia: Novosibirsk, Bouake, Jaboatao dos Guararapes, Huzhou, and Tyumen.",0
"Exactly 3 of the following cities are in Russia: Nouakchott, Chelyabinsk, Maiduguri, Ma'anshan, and Pimpri.",0
"Exactly 1 of the following cities are in India: Latakia, Meerut, Kolhapur, Bulawayo, and Tijuana.",0
"Exactly 2 of the following cities are in China: Minsk, Zibo, Arak, Wuhan, and Jambi City.",1
"Exactly 2 of the following cities are in the Dominican Republic: Hanoi, Dnipro, Santiago de los Caballeros, Qingdao, and Barquisimeto.",0
"Exactly 2 of the following cities are in China: Goyang-si, Putian, Buraydah, Laiwu, and N'Djamena.",1
"Exactly 2 of the following cities are in Indonesia: Kirkuk, Ansan-si, Kozhikode, Pontianak, and Bijie.",0
"Exactly 2 of the following cities are in China: Conakry, Daqing, Pekanbaru, Ganzhou, and Hamadan.",1
"Exactly 2 of the following cities are in India: Pasig City, Zhuzhou, Jalandhar, Florianopolis, and Curitiba.",0
"Exactly 2 of the following cities are in China: Sambhaji Nagar, Thuan An, Albuquerque, Daqing, and Guilin.",1
"Exactly 2 of the following cities are in Brazil: Xiamen, Contagem, Sao Jose dos Campos, Mexicali, and Kuala Lumpur.",1
"Exactly 3 of the following cities are in India: Zhengzhou, Vijayawada, Islamabad, Panzhihua, and Rahim Yar Khan.",0
"Exactly 3 of the following cities are in China: Qinhuangdao, Subang Jaya, Florianopolis, Zahedan, and Hezhou.",0
"Exactly 2 of the following cities are in China: Sao Bernardo do Campo, Mysore, Zaozhuang, Lubumbashi, and Rourkela.",0
"Exactly 2 of the following cities are in India: Kanayannur, Xining, Guntur, New Kingston, and Benin City.",1
"Exactly 2 of the following cities are in India: Mar del Plata, Zhangzhou, Chandigarh, Benxi, and Al Fayyum.",0
"Exactly 2 of the following cities are in China: Quezon City, Zapopan, Laiwu, Luzhou, and Diyarbakir.",1
"Exactly 1 of the following cities are in the United States: Milwaukee, Ulyanovsk, New York City, Erode, and Huizhou.",0
"Exactly 2 of the following cities are in China: Latakia, Zhangjiagang, Dalian, Paranaque City, and Bouake.",1
"Exactly 3 of the following cities are in China: Anshun, Qom, Zhangye, Nairobi, and Shenyang.",1
"Exactly 2 of the following cities are in Russia: Yekaterinburg, Anqing, Tlaquepaque, Pingdingshan, and Istanbul.",0
"Exactly 1 of the following cities are in Vietnam: Sao Paulo, Can Tho, Quito, Homyel', and Batam.",1
"Exactly 2 of the following cities are in India: Haiphong, Sangli, Bokaro, Bujumbura, and Nanjing.",1
"Exactly 2 of the following cities are in Nigeria: Maiduguri, Bucheon-si, Saitama, Zhuzhou, and Sao Jose dos Campos.",0
"Exactly 2 of the following cities are in China: Rawalpindi, Antananarivo, Xianyang, Chattogram, and Zigong.",1
"Exactly 2 of the following cities are in China: Hanoi, Chiclayo, Huaihua, Da Nang, and Pingdingshan.",1
"Exactly 2 of the following cities are in China: Kyoto, Xiamen, Quezon City, Sokoto, and Ar Raqqah.",0
"Exactly 2 of the following cities are in China: Fes, Asmara, Torreon, Zhaotong, and Taicang.",1
"Exactly 2 of the following cities are in Russia: Nizhniy Novgorod, Port-au-Prince, Orenburg, Porto Velho, and Hubli.",1
"Exactly 2 of the following cities are in China: Pasig City, Xiangtan, Tirunelveli, Chandigarh, and Zhumadian.",1
"Exactly 2 of the following cities are in Lebanon: Beirut, Makassar, Antananarivo, Theni, and Chelyabinsk.",0
"Exactly 3 of the following cities are in India: Johannesburg, Bikaner, Kolkata, Lyon, and Thane.",1
"Exactly 1 of the following cities are in Mexico: Bishkek, Shubra al Khaymah, Omsk, Coyoacan, and Guangyuan.",1
"Exactly 1 of the following cities are in Mexico: Managua, Izmir, Jambi City, Aguascalientes, and Varanasi.",1
"Exactly 1 of the following cities are in China: Tangshan, Cancun, Saint Petersburg, Jalandhar, and Ribeirao Preto.",1
"Exactly 3 of the following cities are in China: Jiangyin, Chizhou, Qinhuangdao, Kota Bharu, and Astrakhan.",1
"Exactly 2 of the following cities are in China: Wuhan, Qom, Kashgar, Wanxian, and Guatemala City.",0
"Exactly 1 of the following cities are in Pakistan: Haiphong, Zhangjiagang, Zagreb, Porto Alegre, and Karachi.",1
"Exactly 2 of the following cities are in China: Orenburg, Erbil, Korla, Can Tho, and Nouakchott.",0
"Exactly 3 of the following cities are in China: Suqian, Changde, Beirut, Orumiyeh, and Panzhihua.",1
"Exactly 3 of the following cities are in Mexico: Busan, Al Mahallah al Kubra, Cancun, Boumerdes, and Mombasa.",0
"Exactly 2 of the following cities are in China: Zhoushan, Odesa, Kathmandu, Ganzhou, and Nagoya.",1
"Exactly 3 of the following cities are in China: Zhumadian, Sharjah, Huaihua, Xinyang, and Leipzig.",1
"Exactly 2 of the following cities are in Mexico: Aguascalientes, Dakar, Ciudad Nezahualcoyotl, Lipetsk, and Kanayannur.",1
"Exactly 2 of the following cities are in Brazil: Pune, Aparecida de Goiania, Ufa, Ulyanovsk, and Algiers.",0
"Exactly 2 of the following cities are in China: Qom, Luzhou, Rui'an, Ulsan, and Yaroslavl.",1
"Exactly 1 of the following cities are in Japan: Caloocan City, Longyan, Tokyo, Grosszschocher, and Baku.",1
"Exactly 2 of the following cities are in China: Istanbul, Ludhiana, Chizhou, Barnaul, and Zhabei.",1
"Exactly 2 of the following cities are in China: Cixi, Ulhasnagar, Jingmen, Johannesburg, and Rui'an.",0
"Exactly 2 of the following cities are in Sudan: Amravati, Baoji, Khartoum, Thane, and Taiz.",0
"Exactly 2 of the following cities are in China: Coimbatore, Shah Alam, Zibo, Shangyu, and Mogadishu.",1
"Exactly 2 of the following cities are in Iraq: Xianning, Baghdad, Battagram, Taguig, and Gwalior.",0
"Exactly 2 of the following cities are in India: Sanaa, Nashik, Asmara, Kyiv, and Kalyan.",1
"Exactly 2 of the following cities are in China: Xinyang, Zahedan, Ilorin, Chaozhou, and Lviv.",1
"Exactly 2 of the following cities are in India: Linfen, Ajmer, Qujing, Bhiwandi, and Harare.",1
"Exactly 4 of the following cities are in China: Zhaoqing, Nanning, Acapulco de Juarez, Chuzhou, and Foshan.",1
"Exactly 3 of the following cities are in Yemen: Taiz, Petaling Jaya, Quezon City, Cape Town, and Weihai.",0
"Exactly 2 of the following cities are in China: Zibo, Nay Pyi Taw, Mississauga, Ludhiana, and Quebec.",0
"Exactly 1 of the following cities are in China: Wanning, Cheonan, Surat, Xinyang, and Pekanbaru.",0
"Exactly 3 of the following cities are in China: Tebessa, Qionghai, Shangyu, Xuchang, and Cancun.",1
"Exactly 3 of the following cities are in China: Herat, Anyang, Sanmenxia, Omsk, and Kashgar.",1
"Exactly 2 of the following cities are in China: Aleppo, Dakar, Benoni, Jiangyin, and Izmir.",0
"Exactly 2 of the following cities are in Russia: Libreville, Liupanshui, Barnaul, Irkutsk, and Wanxian.",1
"Exactly 2 of the following cities are in Mongolia: Ulan Bator, Guankou, Omdurman, Sulaymaniyah, and Yaounde.",0
"Exactly 2 of the following cities are in Venezuela: Erode, Yaroslavl, Ciudad Guayana, Bhiwandi, and Barquisimeto.",1
"Exactly 1 of the following cities are in India: Fort Worth, Amravati, Bengbu, Xuanzhou, and Warangal.",0
"Exactly 2 of the following cities are in China: Shizuoka, Tyumen, Jiaozuo, Shuangyashan, and Taguig.",1
"Exactly 2 of the following cities are in Pakistan: New Kingston, Mar del Plata, Karachi, Warangal, and Accra.",0
"Exactly 2 of the following cities are in China: Yibin, Duque de Caxias, Nova Iguacu, Hwaseong-si, and Hohhot.",1
"Exactly 2 of the following cities are in Poland: Wroclaw, Krakow, Ibague, Weihai, and Hegang.",1
"Exactly 3 of the following cities are in the Democratic Republic of the Congo: Khabarovsk Vtoroy, Quzhou, Lubumbashi, Abidjan, and Linfen.",0
"Exactly 2 of the following cities are in Mexico: Torreon, Aguascalientes, Jaboatao dos Guararapes, Manaus, and Tanggu.",1
"Exactly 2 of the following cities are in Mexico: Naucalpan de Juarez, Bursa, Changshu, Yiwu, and Kuala Lumpur.",0
"Exactly 2 of the following cities are in India: Kanayannur, Rajkot, Abeokuta, Brazzaville, and Orenburg.",1
"Exactly 3 of the following cities are in China: Shantou, Jaboatao, Tijuana, Chuzhou, and Xiamen.",1
"Exactly 2 of the following cities are in Indonesia: Nova Iguacu, Longyan, Batam, Gujranwala, and Benoni.",0
"Exactly 2 of the following cities are in China: Xiaogan, Huaihua, Johannesburg, Mosul, and Maiduguri.",1
"Exactly 2 of the following cities are in South Korea: Bobo-Dioulasso, Cheonan, Yerevan, Chenzhou, and Can Tho.",0
"Exactly 2 of the following cities are in the United Arab Emirates: Dubai, Hegang, Ashgabat, Abu Ghurayb, and Ibague.",0
"Exactly 2 of the following cities are in China: Madurai, Tianjin, Santo Domingo Oeste, Porto Alegre, and Deyang.",1
"Exactly 3 of the following cities are in China: Hanoi, Huzhou, Kunshan, Pingliang, and Sambhaji Nagar.",1
"Exactly 3 of the following cities are in China: Konya, Nanjing, Nashik, Huainan, and Korla.",1
"Exactly 2 of the following cities are in Kenya: Kemerovo, Mombasa, Belo Horizonte, New South Memphis, and Tucson.",0
"Exactly 2 of the following cities are in China: Tiruppur, Queens, Ahmedabad, Jiamusi, and Harbin.",1
"Exactly 2 of the following cities are in Mozambique: Sulaymaniyah, Shaoxing, Ufa, Nampula, and Tlalpan.",0
"Exactly 2 of the following cities are in Brazil: Tiruppur, Brasilia, Mexico City, New South Memphis, and Maceio.",1
"Exactly 2 of the following cities are in China: Baoji, Urumqi, Mandalay, Coimbatore, and Hamadan.",1
"Exactly 2 of the following cities are in Russia: Yaroslavl, Feira de Santana, Zahedan, Jeonju, and Beirut.",0
"Exactly 2 of the following cities are in China: Tebessa, Hiroshima, Chuzhou, Rangpur, and Xuanzhou.",1
"Exactly 1 of the following cities are in China: Novokuznetsk, Yiwu, Foshan, Kampala, and Taiz.",0
"Exactly 2 of the following cities are in China: Lubumbashi, Kirkuk, Cimahi, Fushun, and Mukalla.",0
"Exactly 1 of the following cities are in China: Stockholm, Fuxin, Zhaotong, Bijie, and Shaoxing.",0
"Exactly 1 of the following cities are in India: E'zhou, Qom, Meknes, Tiruchirappalli, and Lyon.",1
"Exactly 1 of the following cities are in China: Chelyabinsk, Chizhou, Xuzhou, Rio de Janeiro, and Agadir.",0
"Exactly 1 of the following cities are in Russia: Recife, Ulyanovsk, Malacca, Abu Ghurayb, and Solapur.",1
"Exactly 1 of the following cities are in Peru: Kolhapur, Sofia, Callao, Astrakhan, and Johannesburg.",1
"Exactly 2 of the following cities are in Turkey: Diyarbakir, Kryvyy Rih, Malatya, Wuwei, and Bilimora.",1
"Exactly 2 of the following cities are in India: Hanzhong, Qingdao, Kallakurichi, Tokyo, and Thane.",1
"Exactly 2 of the following cities are in India: Sambhaji Nagar, Kirkuk, Kashgar, Davao, and Pimpri.",1
"Exactly 1 of the following cities are in India: Tlalpan, Rahim Yar Khan, Nashik, Kyoto, and Anyang-si.",1
"Exactly 2 of the following cities are in Vietnam: Can Tho, Meerut, Marrakesh, Esenler, and Maracay.",0
"Exactly 2 of the following cities are in the Democratic Republic of the Congo: Irbid, Leon de los Aldama, Kisangani, Kinshasa, and Samarinda.",1
"Exactly 2 of the following cities are in Brazil: Teresina, Antwerpen, Recife, Bangkok, and Changshu.",1
"Exactly 3 of the following cities are in India: Al Ain City, Sanaa, Lipetsk, Pretoria, and Visakhapatnam.",0
"Exactly 1 of the following cities are in Guinea: Conakry, Agadir, Bareilly, Nizhniy Novgorod, and Linyi.",1
"Exactly 1 of the following cities are in Chile: Bilimora, Ciudad Guayana, Xingtai, Pikine, and Puente Alto.",1
"Exactly 1 of the following cities are in Russia: Voronezh, Luohe, Kemerovo, Zarqa, and Hanzhong.",0
"Exactly 1 of the following cities are in China: Hachioji, Ciudad Guayana, Hegang, Yibin, and Pikine.",0
"Exactly 3 of the following cities are in China: Ordos, Maoming, Yinchuan, Nasiriyah, and Eskisehir.",1
"Exactly 3 of the following cities are in Rwanda: Jiaozhou, Casablanca, Mosul, Kigali, and Chengdu.",0
"Exactly 1 of the following cities are in Somalia: Mogadishu, Torreon, Ho Chi Minh City, Xuanzhou, and Al Ain City.",1
"Exactly 2 of the following cities are in India: Kolkata, Vladivostok, Karol Bagh, Suwon, and Uskudar.",1
"Exactly 1 of the following cities are in Poland: Qinhuangdao, Londrina, Rui'an, Poznan, and Huainan.",1
"Exactly 4 of the following cities are in China: Luancheng, Shaoxing, Daqing, Jingmen, and Nay Pyi Taw.",1
"Exactly 1 of the following cities are in Iraq: Nasiriyah, Bandar Lampung, Weifang, Aden, and Lu'an.",1
"Exactly 2 of the following cities are in Japan: Agadir, Niigata, Phnom Penh, Kumamoto, and Irbid.",1
"Exactly 1 of the following cities are in China: Siping, Guiyang, Weifang, Amritsar, and Luzhou.",0
"Exactly 3 of the following cities are in China: Nagpur, Suqian, Cuttack, Shangluo, and Longyan.",1
"Exactly 2 of the following cities are in Germany: Kano, Izhevsk, Jilin, Kleinzschocher, and Kallakurichi.",0
"Exactly 2 of the following cities are in India: Conakry, Bulawayo, Puducherry, Bursa, and Thane.",1
"Exactly 1 of the following cities are in Malaysia: Orumiyeh, Huzhou, Johor Bahru, South Tangerang, and Eskisehir.",1
"Exactly 1 of the following cities are in China: Santa Maria Chimalhuacan, Shihezi, Oslo, Barranquilla, and Navi Mumbai.",1
"Exactly 2 of the following cities are in China: Porto Velho, Kunming, Dakar, Karol Bagh, and Dalian.",1
"Exactly 3 of the following cities are in Russia: Yekaterinburg, Hwaseong-si, Qiqihar, Lahore, and Mosul.",0
"Exactly 3 of the following cities are in China: Maputo, Changchun, Libreville, Deyang, and Hengyang.",1
"Exactly 2 of the following cities are in Japan: Kumamoto, Dalian, Zhaoqing, Anyang, and Mississauga.",0
"Exactly 3 of the following cities are in China: Wuhan, Qom, Kashgar, Wanxian, and Guatemala City.",1
"Exactly 1 of the following cities are in China: Santiago de Cuba, Kawaguchi, Al Ain City, Jinan, and Heze.",0
"Exactly 4 of the following cities are in China: Xining, Shangrao, Kawaguchi, Yingkou, and Jiaozhou.",1
"Exactly 2 of the following cities are in China: Palembang, Anyang, Suwon, Kermanshah, and Zhangjiakou.",1
"Exactly 1 of the following cities are in India: Johannesburg, Bikaner, Kolkata, Lyon, and Thane.",0
"Exactly 2 of the following cities are in India: Nagpur, Nanning, Comilla, Shivaji Nagar, and Makassar.",1
"Exactly 4 of the following cities are in Uganda: Luzhou, Huainan, Wuwei, Kampala, and Jingmen.",0
"Exactly 2 of the following cities are in China: Bijie, Sambhaji Nagar, Minsk, Puducherry, and Liupanshui.",1
"Exactly 2 of the following cities are in Ukraine: Chenzhou, Coyoacan, Sevastopol, Handan, and Qiqihar.",0
"Exactly 2 of the following cities are in Canada: Serang, Winnipeg, Malang, Deyang, and Hebi.",0
"Exactly 1 of the following cities are in Colombia: Cankaya, Cucuta, Port Said, Mar del Plata, and Leon de los Aldama.",1
"Exactly 2 of the following cities are in China: Homyel', Poznan, Zhenjiang, Marseille, and Benoni.",0
"Exactly 1 of the following cities are in India: Tebessa, Gold Coast, Theni, Moradabad, and New Kingston.",0
"Exactly 2 of the following cities are in Russia: Vladivostok, Kobe, Petaling Jaya, Izhevsk, and Hamamatsu.",1
"Exactly 2 of the following cities are in China: Xining, Sargodha, Juiz de Fora, Zibo, and Contagem.",1
"Exactly 2 of the following cities are in Nigeria: Port Harcourt, Detroit, Jambi City, Ebute Ikorodu, and Puducherry.",1
"Exactly 2 of the following cities are in Brazil: Abidjan, Zhangzhou, Jaboatao, Xinyang, and Multan.",0
"Exactly 2 of the following cities are in China: Sulaymaniyah, Penza, Langfang, Bengaluru, and Poznan.",0
"Exactly 2 of the following cities are in India: Zigong, Qinzhou, Chennai, Chandigarh, and Naucalpan de Juarez.",1
"Exactly 1 of the following cities are in Malaysia: Kota Bharu, Xining, Zahedan, Shaoxing, and Ulyanovsk.",1
"Exactly 2 of the following cities are in South Africa: Bengbu, Yangon, Cape Town, Pietermaritzburg, and Meknes.",1
"Exactly 1 of the following cities are in Brazil: Jos, Kemerovo, Dakar, Goiania, and Sanya.",1
"Exactly 1 of the following cities are in India: Borivli, Cankaya, Banjarmasin, Mumbai, and Hachioji.",0
"Exactly 2 of the following cities are in Russia: Cankaya, Makhachkala, Guankou, Yiwu, and Astrakhan.",1
"Exactly 1 of the following cities are in Turkey: Qionghai, Ashgabat, Contagem, Ankara, and Hanzhong.",1
"Exactly 1 of the following cities are in China: Ashgabat, Bagcilar, Heze, Zhangjiakou, and Shihezi.",0
"Exactly 3 of the following cities are in India: Chandigarh, Bhopal, Benoni, Madurai, and Dnipro.",1
"Exactly 1 of the following cities are in Brazil: Erode, Dnipro, Munich, Recife, and Suining.",1
"Exactly 2 of the following cities are in China: Marseille, Zhabei, Kobe, Omdurman, and Bhiwandi.",0
"Exactly 2 of the following cities are in Pakistan: Kampung Baru Subang, Pingliang, Santiago de Cuba, Yinchuan, and Rawalpindi.",0
"Exactly 2 of the following cities are in India: Pontianak, Tirunelveli, Bokaro, Neijiang, and Santo Domingo Este.",1
"Exactly 1 of the following cities are in the Democratic Republic of the Congo: Irbid, Leon de los Aldama, Kisangani, Kinshasa, and Samarinda.",0
"Exactly 2 of the following cities are in China: Belo Horizonte, Jos, Jinan, Jiaozuo, and Da Nang.",1
"Exactly 2 of the following cities are in Russia: Luzhou, Rajshahi, Qinzhou, Taicang, and Volgograd.",0
"Exactly 3 of the following cities are in Mexico: Wenzhou, Rawalpindi, Goeteborg, Sorocaba, and Coyoacan.",0
"Exactly 2 of the following cities are in Nigeria: Hubli, Cangzhou, Jeddah, Coimbatore, and Jos.",0
"Exactly 2 of the following cities are in Mexico: Maracay, Algiers, Hefei, Xuanzhou, and Acapulco de Juarez.",0
"Exactly 3 of the following cities are in India: Bogor, Changshu, Al Mawsil al Jadidah, Tiruchirappalli, and Bhiwandi.",0
"Exactly 2 of the following cities are in India: Mazar-e Sharif, Jaipur, Guilin, Ludhiana, and Krakow.",1
"Exactly 2 of the following cities are in Brazil: Victoria de Durango, Feira de Santana, Yaounde, Thiruvananthapuram, and Ansan-si.",0
"Exactly 2 of the following cities are in Ukraine: Izmir, Dnipro, Guang'an, Kahriz, and Baoji.",0
"Exactly 3 of the following cities are in China: Liaocheng, Najafgarh, Jiangyin, Xiangtan, and Dakar.",1
"Exactly 1 of the following cities are in Brazil: Onitsha, Al Fayyum, Aparecida de Goiania, Belo Horizonte, and Pekanbaru.",0
"Exactly 2 of the following cities are in Russia: Harare, Sofia, Tolyatti, Pietermaritzburg, and Balikpapan.",0
"Exactly 2 of the following cities are in Brazil: Hamhung, Hamadan, Pietermaritzburg, Sorocaba, and Thiruvananthapuram.",0
"Exactly 1 of the following cities are in Mali: San Luis Potosi, Bikaner, Bamako, Tlaquepaque, and Lodz.",1
"Exactly 4 of the following cities are in Zambia: Hengyang, Lusaka, Douala, Lubumbashi, and Hannover.",0
"Exactly 2 of the following cities are in China: Conakry, Guiyang, Bareilly, Hengyang, and Kotli.",1
"Exactly 2 of the following cities are in Pakistan: Bagcilar, Neijiang, Kakamega, Ghaziabad, and Islamabad.",0
"Exactly 2 of the following cities are in China: Ahvaz, Rio de Janeiro, Bhubaneswar, Qinhuangdao, and Xiaogan.",1
"Exactly 1 of the following cities are in Mexico: Acapulco de Juarez, Coyoacan, Qinzhou, Milwaukee, and Makhachkala.",0
"Exactly 2 of the following cities are in China: Langfang, Hengyang, Kagoshima, Khabarovsk, and Santo Domingo Este.",1
"Exactly 3 of the following cities are in China: Esenler, Jiujiang, Matsuyama, Benxi, and Homyel'.",0
"Exactly 2 of the following cities are in Pakistan: Sargodha, Bahcelievler, Vijayawada, Kotli, and Bloemfontein.",1
"Exactly 3 of the following cities are in Iraq: Shiraz, Tashkent, Baghdad, Wroclaw, and Bhilai.",0
"Exactly 2 of the following cities are in Russia: Khabarovsk, Tlaquepaque, Semarang, Theni, and Daejeon.",0
"Exactly 2 of the following cities are in China: Zhanjiang, Penza, Vilnius, Dhanbad, and Jiangmen.",1
"Exactly 2 of the following cities are in China: Grosszschocher, Maceio, Shenzhen, Changshu, and Daejeon.",1
"Exactly 2 of the following cities are in India: Bucaramanga, Makhachkala, Dehra Dun, Konya, and Asansol.",1
"Exactly 1 of the following cities are in China: Sharjah, Zigong, Nanchang, Nova Iguacu, and Niigata.",0
"Exactly 2 of the following cities are in India: Nowrangapur, Reynosa, Sofia, Dhanbad, and Cixi.",1
"Exactly 2 of the following cities are in Russia: Kemerovo, Puducherry, Navi Mumbai, Helsinki, and Baku.",0
"Exactly 2 of the following cities are in South Korea: Pasig City, Moradabad, Zhoushan, Hwaseong-si, and Bhavnagar.",0
"Exactly 2 of the following cities are in China: Puning, Fes, Aleppo, Urumqi, and New Kingston.",1
"Exactly 1 of the following cities are in Mozambique: Changde, Nova Iguacu, Sao Paulo, The Bronx, and Nampula.",1
"Exactly 3 of the following cities are in China: Qinhuangdao, Las Pinas, Weihai, Mar del Plata, and Hegang.",1
"Exactly 1 of the following cities are in the United States: Bijie, Turin, Uberlandia, Anshun, and Indianapolis.",1
"Exactly 4 of the following cities are in China: Zhuzhou, Johannesburg, Rawalpindi, Anyang, and Mogadishu.",0
"Exactly 3 of the following cities are in China: Chengdu, Abu Ghurayb, Yongzhou, Narela, and Zhumadian.",1
"Exactly 2 of the following cities are in Germany: Suqian, Nuernberg, Aparecida de Goiania, Ebute Ikorodu, and Jiaozuo.",0
"Exactly 2 of the following cities are in China: Weinan, Ho Chi Minh City, Homyel', Tomsk, and Shenyang.",1
"Exactly 2 of the following cities are in Morocco: Nouakchott, Linfen, Yunfu, Tangier, and Ta'if.",0
"Exactly 2 of the following cities are in China: Laiwu, Iztapalapa, Zhabei, San Luis Potosi, and Krasnodar.",1
"Exactly 2 of the following cities are in Sudan: Fushun, Khartoum, Salta, Zibo, and Taguig.",0
"Exactly 1 of the following cities are in India: Campos dos Goytacazes, Bikaner, Gwalior, Mudanjiang, and Nova Iguacu.",0
"Exactly 3 of the following cities are in China: Qinhuangdao, Qiqihar, Narela, Nanchong, and Malang.",1
"Exactly 2 of the following cities are in Nigeria: Victoria de Durango, Mosul, Sokoto, Lipetsk, and Mandalay.",0
"Exactly 3 of the following cities are in Hungary: Ufa, Budapest, Barnaul, Bobo-Dioulasso, and Hegang.",0
"Exactly 1 of the following cities are in Honduras: Qinhuangdao, Mogadishu, Karol Bagh, Tegucigalpa, and Dammam.",1
"Exactly 1 of the following cities are in China: Tiruppur, Jieyang, Guangzhou, Izhevsk, and Linyi.",0
"Exactly 2 of the following cities are in Venezuela: Izmir, Seattle, Zunyi, Maracay, and Moradabad.",0
"Exactly 2 of the following cities are in Brazil: Aparecida de Goiania, Jambi City, Beira, Rizhao, and Sanaa.",0
"Exactly 2 of the following cities are in India: Frankfurt am Main, Theni, Lubumbashi, Visakhapatnam, and Kitakyushu.",1
"Exactly 1 of the following cities are in China: Ansan-si, Wanxian, Multan, Shanghai, and Makati City.",0
"Exactly 2 of the following cities are in China: Kuala Lumpur, Changchun, Caracas, Kermanshah, and Suqian.",1
"Exactly 2 of the following cities are in China: Astrakhan, Kimhae, Guang'an, Maoming, and Al Mawsil al Jadidah.",1
"Exactly 2 of the following cities are in China: Mandalay, Shantou, Guatemala City, Surat, and Jiaozuo.",1
"Exactly 3 of the following cities are in Japan: Chengdu, Yaounde, Shizuoka, Nagoya, and Sapporo.",1
"Exactly 2 of the following cities are in Russia: Varanasi, Ufa, Izhevsk, Yongzhou, and Bloemfontein.",1
"Exactly 1 of the following cities are in China: Wuhan, Poznan, Sangli, Chongqing, and Solapur.",0
"Exactly 2 of the following cities are in Ukraine: Quezon City, Dnipro, Goyang-si, Beirut, and Samarkand.",0
"Exactly 1 of the following cities are in Brazil: Serang, Kolkata, Belo Horizonte, Porto Velho, and Orenburg.",0
"Exactly 1 of the following cities are in China: Qujing, Ulsan, Arak, Tianjin, and Indore.",0
"Exactly 1 of the following cities are in Mali: Orumiyeh, Albuquerque, Bamako, Santiago de Queretaro, and Guangyuan.",1
"Exactly 2 of the following cities are in China: Jingmen, Gold Coast, Muscat, Hezhou, and Abu Dhabi.",1
"Exactly 2 of the following cities are in Malaysia: Antananarivo, Borivli, Accra, Petaling Jaya, and Koeln.",0
"Exactly 1 of the following cities are in China: Kagoshima, Liaocheng, Nairobi, Zhangzhou, and Peshawar.",0
"Exactly 2 of the following cities are in Japan: Saitama, Port Harcourt, Nagoya, Tianjin, and Brazzaville.",1
"Exactly 3 of the following cities are in Ukraine: Kharkiv, Foshan, Shanghai, Rawalpindi, and Teresina.",0
"Exactly 2 of the following cities are in Indonesia: Fes, Eskisehir, Laiwu, Malang, and Surakarta.",1
"Exactly 2 of the following cities are in China: Hangzhou, Algiers, Xining, Krasnoyarsk, and Faisalabad.",1
"Exactly 2 of the following cities are in China: Guangzhou, Rawalpindi, Heze, Xuanzhou, and Kuala Lumpur.",0
"Exactly 2 of the following cities are in Iran: Tokyo, Kampung Baru Subang, Hamadan, Yichang, and Kahriz.",1
"Exactly 2 of the following cities are in Germany: Sarajevo, Dortmund, Heze, Yongzhou, and Nairobi.",0
"Exactly 1 of the following cities are in India: Tirunelveli, Calgary, Enugu, Quzhou, and Tehran.",1
"Exactly 1 of the following cities are in Uganda: Kampala, Liuzhou, Al Ain City, Zhangzhou, and Santa Maria Chimalhuacan.",1
"Exactly 2 of the following cities are in India: Maiduguri, Ahvaz, Kalyan, Sao Paulo, and Rajkot.",1
"Exactly 1 of the following cities are in India: Kirkuk, Penza, Shivaji Nagar, Dehra Dun, and Abuja.",0
"Exactly 1 of the following cities are in India: Santo Domingo Oeste, Puducherry, Juiz de Fora, Ulan Bator, and Vijayawada.",0
"Exactly 2 of the following cities are in China: Haiphong, Nanjing, Antwerpen, Kumamoto, and Yongzhou.",1
"Exactly 2 of the following cities are in China: Lome, Can Tho, Dnipro, Xuanzhou, and Pingliang.",1
"Exactly 1 of the following cities are in Ukraine: Beijing, Zahedan, Sevastopol, Rajshahi, and Jiaozuo.",1
"Exactly 2 of the following cities are in China: Izhevsk, Santiago de Cuba, Helsinki, Meizhou, and Xingtai.",1
"Exactly 2 of the following cities are in China: Changchun, Tashkent, Frankfurt am Main, Koeln, and Shangqiu.",1
"Exactly 1 of the following cities are in China: Wuwei, Qionghai, Johor Bahru, Ufa, and Jiangyin.",0
"Exactly 1 of the following cities are in the Philippines: Neijiang, Sendai, Makati City, The Bronx, and Mukalla.",1
"Exactly 2 of the following cities are in India: Qiqihar, Chongqing, Kallakurichi, Pune, and Grosszschocher.",1
"Exactly 4 of the following cities are in China: Qujing, Jiujiang, Kolhapur, Ningbo, and Luancheng.",1
"Exactly 1 of the following cities are in China: Al Mahallah al Kubra, Guankou, Tijuana, Liupanshui, and Siliguri.",0
"Exactly 2 of the following cities are in Bangladesh: Shangyu, Daegu, Libreville, Chattogram, and Heze.",0
"Exactly 2 of the following cities are in Mozambique: Beirut, Giza, Nampula, Chenzhou, and Sarajevo.",0
"Exactly 3 of the following cities are in China: Jiangyin, Shaoguan, Ibague, Qiqihar, and Kalyan.",1
"Exactly 2 of the following cities are in the Philippines: Paranaque City, Tebessa, Davao, Malang, and Hamhung.",1
"Exactly 1 of the following cities are in Russia: Al Ain City, Salta, Saratov, Hefei, and Chelyabinsk.",0
"Exactly 1 of the following cities are in Cameroon: Subang Jaya, Longyan, Yaounde, Zhengzhou, and Wuhan.",1
"Exactly 4 of the following cities are in Bangladesh: Khulna, Changchun, Makhachkala, Wroclaw, and Port-au-Prince.",0
"Exactly 2 of the following cities are in China: Florianopolis, Asyut, Ordos, Tabriz, and Qinzhou.",1
"Exactly 1 of the following cities are in China: Erode, Anshan, Zhangjiagang, Erbil, and Abuja.",0
"Exactly 4 of the following cities are in China: Stockholm, Fuxin, Zhaotong, Bijie, and Shaoxing.",1
"Exactly 1 of the following cities are in Venezuela: Maracay, Dandong, Ciudad Guayana, Amman, and Changshu.",0
"Exactly 2 of the following cities are in Indonesia: Tangerang, Chisinau, Zhangzhou, Indianapolis, and Dombivli.",0
"Exactly 1 of the following cities are in China: Kunming, Chicago, Addis Ababa, Xinyang, and Thuan An.",0
"Exactly 2 of the following cities are in China: Sanya, Vadodara, Shangluo, Bengaluru, and Dushanbe.",1
"Exactly 2 of the following cities are in Turkey: Diyarbakir, Gold Coast, Wenzhou, Bloemfontein, and Munich.",0
"Exactly 2 of the following cities are in South Africa: Sanaa, Chelyabinsk, Tembisa, Cape Town, and The Bronx.",1
"Exactly 2 of the following cities are in Egypt: Hebi, Port Said, Nanded, Beira, and Multan.",0
"Exactly 1 of the following cities are in China: Changchun, Tlaquepaque, Odesa, Luancheng, and Mianzhu, Deyang, Sichuan.",0
"Exactly 2 of the following cities are in Brazil: Belo Horizonte, Incheon, Shah Alam, Yunfu, and Chaozhou.",0
"Exactly 1 of the following cities are in China: Xingtai, Shah Alam, Santiago de Queretaro, Ilorin, and Khartoum.",1
"Exactly 2 of the following cities are in China: Cixi, Novokuznetsk, Benoni, Bouake, and Xining.",1
"Exactly 1 of the following cities are in Australia: Mianzhu, Deyang, Sichuan, Maturin, Gold Coast, Poznan, and Sangli.",1
"Exactly 2 of the following cities are in China: Maracay, Ajmer, Jilin, Dandong, and Bhavnagar.",1
"Exactly 2 of the following cities are in Indonesia: Guiyang, Al Mawsil al Jadidah, Kryvyy Rih, Namangan, and Bekasi.",0
"Exactly 2 of the following cities are in China: Cotonou, Zarqa, Zhaotong, Rajkot, and Qingdao.",1
"Exactly 1 of the following cities are in Pakistan: Chaozhou, Shanghai, Quetta, Rohini, and Rahim Yar Khan.",0
"Exactly 2 of the following cities are in Iraq: Tlalpan, Basrah, Tiruppur, Kemerovo, and Douala.",0
"Exactly 2 of the following cities are in China: Kobe, Al Basrah al Qadimah, Changchun, Mogadishu, and Qionghai.",1
"Exactly 2 of the following cities are in Ukraine: Dnipro, Changwon, Teresina, Ho Chi Minh City, and Sao Jose dos Campos.",0
"Exactly 1 of the following cities are in India: Antwerpen, Batam, Najafgarh, Baghdad, and Moradabad.",0
"Exactly 3 of the following cities are in China: Tangerang, Pretoria, Makassar, Sargodha, and Liuzhou.",0
"Exactly 2 of the following cities are in China: Duesseldorf, Qujing, Diyarbakir, Jilin, and Nouakchott.",1
"Exactly 3 of the following cities are in China: Nanchang, Goeteborg, Hanzhong, Namangan, and Tonghua.",1
"Exactly 2 of the following cities are in Turkey: Tokyo, Xuchang, Puning, Cankaya, and Malatya.",1
"Exactly 3 of the following cities are in Nigeria: Saint Petersburg, Kayseri, Kaduna, Qinhuangdao, and Caloocan City.",0
"Exactly 2 of the following cities are in Bosnia and Herzegovina: Sarajevo, Warangal, Langfang, Petaling Jaya, and Arak.",0
"Exactly 2 of the following cities are in China: Liaocheng, Gujranwala, Bhilai, Banjarmasin, and Jiangmen.",1
"Exactly 2 of the following cities are in Vietnam: Iztapalapa, Mysore, Cimahi, Brasilia, and Haiphong.",0
"Exactly 4 of the following cities are in China: Rui'an, Ipoh, Guankou, Dalian, and Sanming.",1
"Exactly 2 of the following cities are in China: Fuxin, Iztapalapa, Bhavnagar, Huainan, and Sulaymaniyah.",1
"Exactly 2 of the following cities are in China: Chuzhou, Port-au-Prince, Stockholm, Tlaquepaque, and Shuangyashan.",1
"Exactly 2 of the following cities are in the Dominican Republic: E'zhou, Pingdingshan, Johannesburg, Santo Domingo Oeste, and Klang.",0
"Exactly 2 of the following cities are in the United States: Bijie, Turin, Uberlandia, Anshun, and Indianapolis.",0
"Exactly 1 of the following cities are in China: Tiruchirappalli, Bekasi, Cape Town, Mudanjiang, and Xining.",0
"Exactly 2 of the following cities are in Iraq: Onitsha, Marseille, Abu Ghurayb, Baghdad, and Ibadan.",1
"Exactly 2 of the following cities are in China: Xuzhou, Chandigarh, Stockholm, Bengbu, and Daegu.",1
"Exactly 2 of the following cities are in Brazil: Duque de Caxias, Ulhasnagar, Shaoxing, Belo Horizonte, and Urumqi.",1
"Exactly 2 of the following cities are in India: Port Harcourt, Warangal, Rawalpindi, Salta, and Zhabei.",0
"Exactly 1 of the following cities are in India: Suining, Siliguri, Santiago de Cuba, Vijayawada, and Thane.",0
"Exactly 1 of the following cities are in Brazil: Xianyang, Putian, Guntur, Baise, and Jaboatao.",1
"Exactly 1 of the following cities are in Turkey: Shijiazhuang, Aguascalientes, Theni, Uskudar, and Shaoguan.",1
"Exactly 2 of the following cities are in Lithuania: Ma'anshan, Hiroshima, Vilnius, Bhubaneswar, and Nairobi.",0
"Exactly 2 of the following cities are in Pakistan: Quetta, Kaifeng, Zhangzhou, Gwalior, and Erzurum.",0
"Exactly 3 of the following cities are in Egypt: Abu Ghurayb, Giza, Jaboatao, Ribeirao Preto, and Siping.",0
"Exactly 3 of the following cities are in India: Pune, Pimpri, Santiago de Cuba, Ulan Bator, and Siliguri.",1
"Exactly 2 of the following cities are in Egypt: Al Mawsil al Jadidah, Solapur, Tabriz, Guigang, and Shubra al Khaymah.",0
"Exactly 1 of the following cities are in China: Dubai, Santiago de Queretaro, Ordos, Aguascalientes, and Huzhou.",0
"Exactly 1 of the following cities are in China: Minsk, Zibo, Arak, Wuhan, and Jambi City.",0
"Exactly 1 of the following cities are in Japan: Dar es Salaam, Hachioji, Rawalpindi, Yaounde, and Latakia.",1
"Exactly 3 of the following cities are in India: Ranchi, Borivli, Battagram, Ajmer, and Quebec.",1
"Exactly 1 of the following cities are in Turkey: Bahcelievler, Mukalla, Tabriz, Tolyatti, and Erzurum.",0
"Exactly 2 of the following cities are in China: Abobo, Brazzaville, Huizhou, Barquisimeto, and Zhangjiakou.",1
"Exactly 2 of the following cities are in China: Mianzhu, Deyang, Sichuan, Hezhou, Lilongwe, Antwerpen, and Sapporo.",1
"Exactly 2 of the following cities are in China: Vilnius, N'Djamena, Siping, Nanchong, and Nouakchott.",1
"Exactly 3 of the following cities are in China: Niamey, Nanjing, Qujing, Giza, and Langfang.",1
"Exactly 3 of the following cities are in Japan: Semarang, Zahedan, Putian, Himeji, and Benin City.",0
"Exactly 2 of the following cities are in Brazil: Port-au-Prince, Nairobi, Longyan, Pasig City, and Brasilia.",0
"Exactly 2 of the following cities are in Mozambique: Beira, Qiqihar, Rajkot, Mersin, and Pretoria.",0
"Exactly 2 of the following cities are in North Korea: Aparecida de Goiania, Hamhung, Macapa, Wanning, and Kleinzschocher.",0
"Exactly 2 of the following cities are in Peru: Cixi, Chiclayo, Hohhot, Arequipa, and Barnaul.",1
"Exactly 2 of the following cities are in Bangladesh: Duque de Caxias, Jinan, Liuzhou, Khulna, and Florianopolis.",0
"Exactly 2 of the following cities are in China: Multan, Huzhou, Chenzhou, Islamabad, and Tucson.",1
"Exactly 1 of the following cities are in China: Rawalpindi, Tokyo, Tyumen, Hegang, and Hezhou.",0
"Exactly 1 of the following cities are in China: Quebec, Laiwu, Varanasi, Luzhou, and Budapest.",0
"Exactly 2 of the following cities are in Iran: Bangkok, Meknes, Balikpapan, Mexicali, and Isfahan.",0
"Exactly 1 of the following cities are in China: Dortmund, Bobo-Dioulasso, Shuangyashan, Meizhou, and Mosul.",0
"Exactly 2 of the following cities are in China: Shuangyashan, Khabarovsk Vtoroy, Santo Domingo Este, Ciudad Guayana, and Yiwu.",1
"Exactly 2 of the following cities are in Russia: Barnaul, Khabarovsk, Xuzhou, Vilnius, and Xiaogan.",1
"Exactly 1 of the following cities are in Indonesia: Banjarmasin, Ajmer, Bhayandar, Baghdad, and Varanasi.",1
"Exactly 2 of the following cities are in India: Nairobi, Foshan, Aguascalientes, Shanghai, and Vadodara.",0
"Exactly 2 of the following cities are in India: Shanghai, Kimhae, Poznan, Novosibirsk, and Jamshedpur.",0
"Exactly 2 of the following cities are in the Dominican Republic: Varanasi, Santo Domingo Oeste, Liuzhou, Istanbul, and Tucson.",0
"Exactly 2 of the following cities are in India: Jaipur, South Tangerang, New York City, Shivaji Nagar, and Comilla.",1
"Exactly 1 of the following cities are in Ukraine: Tegucigalpa, Dongying, Erzurum, Dnipro, and Pyongyang.",1
"Exactly 2 of the following cities are in India: Anshun, Lome, San Luis Potosi, Santo Domingo Oeste, and Pimpri.",0
"Exactly 1 of the following cities are in China: Pingdingshan, Shenyang, Liuzhou, Uberlandia, and Oslo.",0
"Exactly 2 of the following cities are in India: Santa Maria Chimalhuacan, Gold Coast, Kozhikode, San Pedro Sula, and Chisinau.",0
"Exactly 3 of the following cities are in China: Karaj, Cucuta, Wanning, Hangzhou, and Handan.",1
"Exactly 2 of the following cities are in Nigeria: Ilorin, Leipzig, Guigang, Kyiv, and Kano.",1
"Exactly 1 of the following cities are in Croatia: Riga, Zagreb, Giza, Fes, and Lianyungang.",1
"Exactly 2 of the following cities are in China: Contagem, Jambi City, Lviv, Puning, and Guangyuan.",1
"Exactly 2 of the following cities are in Croatia: Zagreb, Ulsan, Tangerang, Suizhou, and Guatemala City.",0
"Exactly 2 of the following cities are in Japan: Fukuoka, Kumamoto, Zarqa, Linfen, and Tirunelveli.",1
"Exactly 2 of the following cities are in the United States: Tehran, Campos dos Goytacazes, Al Mahallah al Kubra, Oklahoma City, and Ebute Ikorodu.",0
"Exactly 1 of the following cities are in China: Amritsar, Matola, Jiangyin, Riga, and Tianshui.",0
"Exactly 2 of the following cities are in Iran: Ibague, Shiraz, Comilla, Ordos, and Amman.",0
"Exactly 2 of the following cities are in India: Ahmedabad, Izmir, Guarulhos, Guangyuan, and Bekasi.",0
"Exactly 1 of the following cities are in Brazil: Sorocaba, Chelyabinsk, Erbil, Bikaner, and Sarajevo.",1
"Exactly 1 of the following cities are in South Korea: Makati City, Basrah, Kimhae, Tonghua, and Yangjiang.",1
"Exactly 2 of the following cities are in China: Mudanjiang, Dombivli, Managua, Jiaxing, and Adana.",1
"Exactly 2 of the following cities are in Brazil: Feira de Santana, Duque de Caxias, Handan, Sulaymaniyah, and Xuzhou.",1
"Exactly 2 of the following cities are in China: Rawalpindi, Tokyo, Tyumen, Hegang, and Hezhou.",1
"Exactly 3 of the following cities are in Ghana: Bahawalpur, Incheon, Shivaji Nagar, Shymkent, and Kumasi.",0
"Exactly 4 of the following cities are in China: Xingtai, Zhabei, Ma'anshan, Nanded, and Shangrao.",1
"Exactly 2 of the following cities are in Pakistan: Barranquilla, Kalyan, Palembang, Mombasa, and Rawalpindi.",0
"Exactly 2 of the following cities are in Japan: Okayama, Nuernberg, Anqing, Taiz, and Karachi.",0
"Exactly 2 of the following cities are in India: Suez, Esenler, Jaipur, Varanasi, and Handan.",1
"Exactly 3 of the following cities are in Egypt: San Luis Potosi, Boumerdes, Zarqa, Weinan, and Madinat an Nasr.",0
"Exactly 2 of the following cities are in China: Yunfu, Maracaibo, Brazzaville, Volgograd, and Shaoguan.",1
"Exactly 1 of the following cities are in China: Okayama, Matsuyama, Zhanjiang, Ma'anshan, and Zhangjiagang.",0
"Exactly 2 of the following cities are in China: Zarqa, Curitiba, Sofia, Benxi, and Puning.",1
"Exactly 3 of the following cities are in India: Dubai, Las Pinas, Rajshahi, Kolkata, and Herat.",0
"Exactly 2 of the following cities are in India: Suizhou, Zigong, Iztapalapa, Nashik, and Neijiang.",0
"Exactly 1 of the following cities are in China: Contagem, Jambi City, Lviv, Puning, and Guangyuan.",0
"Exactly 3 of the following cities are in China: Pimpri, New Kingston, Bagcilar, Ciudad Nezahualcoyotl, and Yongzhou.",0
"Exactly 1 of the following cities are in China: Addis Ababa, Wuwei, Ashgabat, Kathmandu, and Calgary.",1
"Exactly 2 of the following cities are in China: Oslo, Hangzhou, Kryvyy Rih, Jeonju, and Yibin.",1
"Exactly 1 of the following cities are in Venezuela: Barquisimeto, Anshun, Puning, Jamshedpur, and Hwaseong-si.",1
"Exactly 2 of the following cities are in India: Abuja, Ouagadougou, Mumbai, Thiruvananthapuram, and Siping.",1
"Exactly 1 of the following cities are in Norway: Santiago de Cuba, Jilin, Oslo, Cucuta, and Kathmandu.",1
"Exactly 2 of the following cities are in India: Changchun, Bhiwandi, Seattle, Pontianak, and Kaifeng.",0
"Exactly 2 of the following cities are in India: Caracas, Hachioji, Jabalpur, Almaty, and Korla.",0
"Exactly 2 of the following cities are in China: Maracaibo, Guankou, Weihai, Brasilia, and Guatemala City.",1
"Exactly 2 of the following cities are in China: Qinhuangdao, Huizhou, Busan, Klang, and Kotli.",1
"Exactly 3 of the following cities are in Sudan: Kanpur, Jiaozhou, Kotli, Hebi, and Khartoum.",0
"Exactly 2 of the following cities are in Turkey: Bahcelievler, Daegu, Bursa, Aden, and Daqing.",1
"Exactly 1 of the following cities are in India: Quetta, Hebi, Surat, Chisinau, and Pingdingshan.",1
"Exactly 2 of the following cities are in Germany: Wuwei, Omsk, Yibin, Nuernberg, and Chongqing.",0
"Exactly 2 of the following cities are in Russia: Tolyatti, Albuquerque, Panshan, Gold Coast, and Shuangyashan.",0
"Exactly 2 of the following cities are in China: Guntur, Sanmenxia, Nuernberg, E'zhou, and Cimahi.",1
"Exactly 2 of the following cities are in Uganda: Kampala, Liuzhou, Al Ain City, Zhangzhou, and Santa Maria Chimalhuacan.",0
"Exactly 2 of the following cities are in India: Bhopal, Kallakurichi, Kaduna, Indianapolis, and Mexico City.",1
"Exactly 2 of the following cities are in Mexico: Himeji, Tlalpan, Vladivostok, Barnaul, and Handan.",0
"Exactly 1 of the following cities are in China: Maceio, Xinyang, Warangal, Tegucigalpa, and Anshan.",0
"Exactly 2 of the following cities are in China: Mukalla, Samarkand, Jiaozuo, Qinhuangdao, and Maturin.",1
"Exactly 2 of the following cities are in the Philippines: Davao, Binzhou, Saratov, Leipzig, and Beijing.",0
"Exactly 2 of the following cities are in Uzbekistan: Sanaa, Namangan, Qom, Kotli, and Beirut.",0
"Exactly 2 of the following cities are in Mexico: Guatemala City, Kagoshima, Kuantan, Wuzhou, and Tijuana.",0
"Exactly 2 of the following cities are in Mexico: Cancun, Nagoya, Zapopan, Ma'anshan, and Shihezi.",1
"Exactly 1 of the following cities are in China: Linfen, Xuanzhou, Lusaka, Bhayandar, and Jiaxing.",0
"Exactly 1 of the following cities are in Azerbaijan: Baku, Bokaro, Zhaotong, Oklahoma City, and Penza.",1
"Exactly 1 of the following cities are in China: Sambhaji Nagar, Qiqihar, Multan, Shihezi, and Ciudad Nezahualcoyotl.",0
"Exactly 1 of the following cities are in Peru: Panzhihua, Sorocaba, Longyan, Aligarh, and Chiclayo.",1
"Exactly 2 of the following cities are in India: Zhoushan, Kanayannur, Managua, Ebute Ikorodu, and Warangal.",1
"Exactly 2 of the following cities are in China: Shuangyashan, Ahvaz, Oslo, Dalian, and Volgograd.",1
"Exactly 2 of the following cities are in India: Karol Bagh, Bursa, Nashik, Puente Alto, and Curitiba.",1
"Exactly 2 of the following cities are in China: Tehran, Shangqiu, Karbala, Bhilai, and Zhangjiakou.",1
"Exactly 2 of the following cities are in Brazil: Chiclayo, Taicang, Nuernberg, Sorocaba, and Florianopolis.",1
"Exactly 1 of the following cities are in China: Lu'an, Jiaozhou, Incheon, Milwaukee, and Amritsar.",0
"Exactly 1 of the following cities are in China: Tangier, Puducherry, Goiania, Wenzhou, and Barnaul.",1
"Exactly 2 of the following cities are in India: Chennai, Bhiwandi, Amman, Port Harcourt, and Hengyang.",1
"Exactly 1 of the following cities are in India: Kolhapur, Jiaxing, Volgograd, Buraydah, and Vijayawada.",0
"Exactly 1 of the following cities are in China: Quzhou, Shangluo, Makassar, Kumasi, and Recife.",0
"Exactly 3 of the following cities are in Iran: Malatya, Niigata, Korla, Kahriz, and Xiangtan.",0
"Exactly 2 of the following cities are in China: Quebec, Laiwu, Varanasi, Luzhou, and Budapest.",1
"Exactly 1 of the following cities are in India: Luohe, Ansan-si, Bhilai, Solapur, and Port-au-Prince.",0
"Exactly 2 of the following cities are in Germany: Bareilly, Bien Hoa, Nuernberg, Baku, and Anshan.",0
"Exactly 2 of the following cities are in Turkey: Gaziantep, Yichang, Guntur, Arequipa, and Ranchi.",0
"Exactly 2 of the following cities are in Germany: Ulhasnagar, Hannover, Rajshahi, Puente Alto, and Comilla.",0
"Exactly 1 of the following cities are in Japan: Zarqa, Rourkela, Hiroshima, Abidjan, and Chandigarh.",1
"Exactly 2 of the following cities are in South Korea: Hezhou, Marseille, Busan, Wuzhou, and Xianyang.",0
"Exactly 3 of the following cities are in Indonesia: Tebessa, Maracay, Seongnam-si, South Tangerang, and Shivaji Nagar.",0
"Exactly 3 of the following cities are in Bangladesh: Najafgarh, Khulna, Hohhot, Zhumadian, and Cheongju-si.",0
"Exactly 1 of the following cities are in China: Saitama, Ar Raqqah, Chongqing, Pune, and Joao Pessoa.",1
"Exactly 2 of the following cities are in India: Mudanjiang, Luohe, Bengaluru, Sendai, and Giza.",0
"Exactly 2 of the following cities are in China: Varanasi, Laibin, Manaus, Guayaquil, and Mianzhu, Deyang, Sichuan.",1
"Exactly 1 of the following cities are in Mexico: Cancun, Nagoya, Zapopan, Ma'anshan, and Shihezi.",0
"Exactly 1 of the following cities are in China: Rawalpindi, Antananarivo, Xianyang, Chattogram, and Zigong.",0
"Exactly 1 of the following cities are in China: Agadir, Tonghua, Wanxian, Shymkent, and Bamako.",0
"Exactly 2 of the following cities are in Indonesia: Guang'an, Abu Ghurayb, Balikpapan, Beira, and Chisinau.",0
"Exactly 1 of the following cities are in Latvia: Ebute Ikorodu, Ha'il, Zhoushan, Riga, and Bhayandar.",1
"Exactly 1 of the following cities are in India: Haiphong, Sangli, Bokaro, Bujumbura, and Nanjing.",0
"Exactly 2 of the following cities are in China: Anqing, Puning, Jaboatao dos Guararapes, Rostov-na-Donu, and Oslo.",1
"Exactly 2 of the following cities are in China: Malang, Cucuta, Douala, Baise, and Warangal.",0
"Exactly 1 of the following cities are in China: Balikpapan, Dhanbad, Sanya, Nanchang, and Addis Ababa.",0
"Exactly 1 of the following cities are in Russia: Varanasi, Ufa, Izhevsk, Yongzhou, and Bloemfontein.",0
"Exactly 1 of the following cities are in Vietnam: Da Nang, Shanghai, Jiangmen, Anyang, and Ho Chi Minh City.",0
"Exactly 1 of the following cities are in India: Belo Horizonte, Kanpur, Chenzhou, Kumamoto, and Panshan.",1
"Exactly 2 of the following cities are in Yemen: Guang'an, Warangal, Arequipa, Aden, and Sanaa.",1
"Exactly 2 of the following cities are in Turkey: Lusaka, Shubra al Khaymah, Mosul, Taicang, and Bagcilar.",0
"Exactly 3 of the following cities are in China: Guiyang, Thane, Qujing, Cucuta, and Guigang.",1
"Exactly 3 of the following cities are in Burkina Faso: Bobo-Dioulasso, Bhilai, Al Mawsil al Jadidah, Guankou, and Kalyan.",0
"Exactly 2 of the following cities are in China: Buraydah, Wanning, Oyo, Mexico City, and Borivli.",0
"Exactly 3 of the following cities are in India: Suining, Siliguri, Santiago de Cuba, Vijayawada, and Thane.",1
"Exactly 2 of the following cities are in Nigeria: Tolyatti, Warri, Buraydah, Port Harcourt, and Xuzhou.",1
"Exactly 2 of the following cities are in Indonesia: Malang, Jiangmen, Can Tho, Pretoria, and Tebessa.",0
"Exactly 1 of the following cities are in China: Rahim Yar Khan, Chaozhou, Kyiv, Bahcelievler, and Linfen.",0
"Exactly 3 of the following cities are in China: Jiaozuo, Pietermaritzburg, Chuzhou, Chizhou, and Zaporizhzhya.",1
"Exactly 2 of the following cities are in Nigeria: Sokoto, Rourkela, Cotonou, Al Basrah al Qadimah, and Shangyu.",0
"Exactly 3 of the following cities are in China: Makhachkala, Tianjin, Yinchuan, Nairobi, and Ningbo.",1
"Exactly 2 of the following cities are in Ecuador: Chongqing, Lusaka, Quito, Da Nang, and Bhayandar.",0
"Exactly 2 of the following cities are in India: Beirut, Faridabad, Hengyang, Brasilia, and Al Basrah al Qadimah.",0
"Exactly 1 of the following cities are in China: Guayaquil, Ya'an, Anshan, Recife, and Sargodha.",0
"Exactly 3 of the following cities are in Afghanistan: Daqing, Bucheon-si, Arequipa, Aracaju, and Kandahar.",0
"Exactly 2 of the following cities are in Belgium: Zhangzhou, Antwerpen, Yunfu, Nowrangapur, and Karbala.",0
"Exactly 1 of the following cities are in China: Quito, Cape Town, Narela, Nizhniy Novgorod, and Zibo.",1
"Exactly 4 of the following cities are in China: Meizhou, Tianshui, Hanzhong, Baotou, and Kitakyushu.",1
"Exactly 4 of the following cities are in China: Xuanzhou, Chizhou, Shangrao, Bulawayo, and Chongqing.",1
"Exactly 2 of the following cities are in Brazil: Ribeirao Preto, Kisangani, Zhengzhou, Tiruchirappalli, and Sao Bernardo do Campo.",1
"Exactly 2 of the following cities are in China: Al Basrah al Qadimah, Ipoh, Hegang, Sao Paulo, and Weinan.",1
"Exactly 1 of the following cities are in Uzbekistan: Deyang, Namangan, Guilin, Iztapalapa, and Shenyang.",1
"Exactly 3 of the following cities are in China: Ziyang, Changde, Campos dos Goytacazes, Siping, and Sharjah.",1
"Exactly 1 of the following cities are in Japan: Peshawar, Saitama, Matsuyama, Jilin, and Bhopal.",0
"Exactly 2 of the following cities are in India: Bhopal, Lusaka, Sanming, Nyala, and Yangon.",0
"Exactly 2 of the following cities are in Japan: Kitakyushu, Meizhou, Mosul, Zibo, and Matsuyama.",1
"Exactly 2 of the following cities are in Nigeria: Ebute Ikorodu, Xianning, Puente Alto, Suizhou, and Faisalabad.",0
"Exactly 2 of the following cities are in China: Seongnam-si, Homs, Yibin, Sendai, and Bloemfontein.",0
"Exactly 2 of the following cities are in China: Amritsar, Matola, Jiangyin, Riga, and Tianshui.",1
"Exactly 2 of the following cities are in India: Xiaogan, Borivli, Nanded, Shangyu, and Bucheon-si.",1
"Exactly 1 of the following cities are in South Korea: Guiyang, Tangier, Rajshahi, Seoul, and Bagcilar.",1
"Exactly 2 of the following cities are in Nigeria: Enugu, Thiruvananthapuram, Kolkata, Sokoto, and Tomsk.",1
"Exactly 1 of the following cities are in China: Niamey, Wenzhou, Santiago de Queretaro, Yinchuan, and Solapur.",0
"Exactly 4 of the following cities are in India: Xianyang, Bhubaneswar, Da Nang, Guangyuan, and Kota Kinabalu.",0
"Exactly 1 of the following cities are in Brazil: Porto Velho, Paranaque City, Izmir, Bujumbura, and Shangrao.",1
"Exactly 2 of the following cities are in Brazil: Xiamen, Guarulhos, Kyiv, Beira, and Manaus.",1
"Exactly 2 of the following cities are in Pakistan: Chaozhou, Shanghai, Quetta, Rohini, and Rahim Yar Khan.",1
"Exactly 1 of the following cities are in Indonesia: Fes, Eskisehir, Laiwu, Malang, and Surakarta.",0
"Exactly 2 of the following cities are in Lithuania: Lipetsk, Ahmedabad, Abobo, Khartoum, and Vilnius.",0
"Exactly 2 of the following cities are in Brazil: Kumasi, Goiania, Ashgabat, Batam, and Laibin.",0
"Exactly 2 of the following cities are in Cameroon: Yaounde, Laibin, Volgograd, Kyoto, and Managua.",0
"Exactly 1 of the following cities are in Turkey: Uskudar, Rajkot, Malatya, Daegu, and Kimhae.",0
"Exactly 1 of the following cities are in China: Fes, Asmara, Torreon, Zhaotong, and Taicang.",0
"Exactly 3 of the following cities are in Belarus: Minsk, Faridabad, Kalininskiy, Jiangmen, and Nouakchott.",0
"Exactly 2 of the following cities are in South Korea: Seongnam-si, Maiduguri, Rio de Janeiro, Pontianak, and Indianapolis.",0
"Exactly 1 of the following cities are in China: Jiaxing, Santa Maria Chimalhuacan, Bengbu, Zapopan, and Rangpur.",0
"Exactly 2 of the following cities are in China: Shubra al Khaymah, Korla, Zhengzhou, Oklahoma City, and Aktobe.",1
"Exactly 2 of the following cities are in Saudi Arabia: Antananarivo, Jaboatao, Tembisa, Buraydah, and Zhuzhou.",0
"Exactly 2 of the following cities are in China: Suqian, Sao Jose dos Campos, Torreon, Gaziantep, and Zhumadian.",1
"Exactly 2 of the following cities are in Pakistan: Multan, Daegu, Quetta, Mukalla, and Guiyang.",1
"Exactly 1 of the following cities are in China: Herat, Maracaibo, Qiqihar, Johor Bahru, and Hebi.",0
"Exactly 3 of the following cities are in Ecuador: Sorocaba, The Bronx, San Luis Potosi, Quito, and Bhopal.",0
"Exactly 2 of the following cities are in Iraq: Fuxin, Budapest, Abu Ghurayb, Visakhapatnam, and Basrah.",1
"Exactly 2 of the following cities are in Russia: Puning, Khabarovsk, Semarang, Haiphong, and Cotonou.",0
"Exactly 2 of the following cities are in Cameroon: Beirut, Yaounde, Las Pinas, Pingdingshan, and Kolkata.",0
"Exactly 1 of the following cities are in Ukraine: Yerevan, Dushanbe, Lianyungang, Dnipro, and Jingmen.",1
"Exactly 2 of the following cities are in China: Khartoum, Bayannur, Jeonju, Erode, and Shaoguan.",1
"Exactly 2 of the following cities are in Japan: Hamamatsu, Tegucigalpa, Meizhou, Jeddah, and Zaria.",0
"Exactly 2 of the following cities are in Indonesia: Kirkuk, Ciudad Nezahualcoyotl, Lipetsk, South Tangerang, and Tangerang.",1
"Exactly 2 of the following cities are in India: Qom, Guatemala City, Solapur, Bhiwandi, and Panzhihua.",1
"Exactly 2 of the following cities are in India: Al Fayyum, Guwahati, Surat, Belo Horizonte, and Maiduguri.",1
"Exactly 2 of the following cities are in Nigeria: Oyo, Bangkok, Santo Domingo Oeste, Hachioji, and Namangan.",0
"Exactly 1 of the following cities are in Russia: Gujranwala, Ryazan', Quezon City, Ulyanovsk, and Grosszschocher.",0
"Exactly 3 of the following cities are in China: Bursa, Sao Paulo, Shangluo, Yichang, and Laibin.",1
"Exactly 1 of the following cities are in China: Tirunelveli, Rajshahi, Xinyang, Guankou, and Baku.",0
"Exactly 3 of the following cities are in India: Brazzaville, Zahedan, Ajmer, Thuan An, and Pontianak.",0
"Exactly 1 of the following cities are in China: Liuzhou, Khabarovsk, Erode, Ibague, and Deyang.",0
"Exactly 2 of the following cities are in Brazil: Ahmedabad, Marrakesh, Porto Alegre, Luohe, and Chicago.",0
"Exactly 2 of the following cities are in China: Himeji, Fushun, Weifang, Denpasar, and Siliguri.",1
"Exactly 2 of the following cities are in Morocco: Langfang, Herat, Brazzaville, South Tangerang, and Agadir.",0
"Exactly 2 of the following cities are in Japan: Jaboatao, Niigata, Stockholm, Kalyan, and Saitama.",1
"Exactly 2 of the following cities are in China: Ar Raqqah, Yunfu, Bhayandar, Xuchang, and Abu Dhabi.",1
"Exactly 2 of the following cities are in Morocco: Agadir, Jinan, Urumqi, Fes, and Izmir.",1
"Exactly 2 of the following cities are in South Korea: Hanoi, Anyang-si, Londrina, Marseille, and Goyang-si.",1
"Exactly 1 of the following cities are in Poland: Omsk, Chiclayo, Lodz, N'Djamena, and Shangqiu.",1
"Exactly 1 of the following cities are in Mexico: Barquisimeto, Chicago, Meerut, Guwahati, and Reynosa.",1
"Exactly 2 of the following cities are in Nigeria: Sanya, Santiago de Cuba, Dortmund, Onitsha, and Rohini.",0
"Exactly 2 of the following cities are in Indonesia: Huaibei, Ulsan, Banjarmasin, Omsk, and Nagpur.",0
"Exactly 2 of the following cities are in India: Vijayawada, Ranchi, Shantou, Sao Jose dos Campos, and Santa Maria Chimalhuacan.",1
"Exactly 2 of the following cities are in China: Hanzhong, Guarulhos, Kahriz, Zunyi, and Kigali.",1
"Exactly 2 of the following cities are in Germany: Rizhao, Duesseldorf, San Luis Potosi, Cheonan, and Ha'il.",0
"Exactly 2 of the following cities are in China: Curitiba, Da Nang, Yangquan, Mar del Plata, and Bayannur.",1
"Exactly 2 of the following cities are in India: Tangier, Guigang, Sambhaji Nagar, Tokyo, and Hangzhou.",0
"Exactly 1 of the following cities are in China: Jiaxing, Wanxian, Zahedan, Frankfurt am Main, and Jinan.",0
"Exactly 1 of the following cities are in India: Shiraz, Jalandhar, Harare, Zahedan, and Weifang.",1
"Exactly 2 of the following cities are in Ethiopia: Mukalla, Kharkiv, Sevastopol, Addis Ababa, and Erode.",0
"Exactly 2 of the following cities are in China: Tlaquepaque, Cixi, Jingmen, Nizhniy Novgorod, and Tokyo.",1
"Exactly 1 of the following cities are in Bulgaria: Lipetsk, Kano, New York City, Sofia, and New South Memphis.",1
"Exactly 2 of the following cities are in China: Indore, Antalya, Anshan, Guiyang, and Himeji.",1
"Exactly 1 of the following cities are in China: Kota Kinabalu, Bagcilar, Malacca, Baotou, and Orenburg.",1
"Exactly 2 of the following cities are in Iraq: Hachioji, Tabriz, Al Mawsil al Jadidah, Joao Pessoa, and Yunfu.",0
"Exactly 2 of the following cities are in South Korea: Khartoum, Uskudar, Anyang-si, Kolhapur, and Seongnam-si.",1
"Exactly 1 of the following cities are in South Africa: Dammam, Samarkand, Thiruvananthapuram, Soweto, and Maracay.",1
"Exactly 2 of the following cities are in China: Bhilai, Anyang, Suizhou, Shubra al Khaymah, and Kalyan.",1
"Exactly 2 of the following cities are in China: Sambhaji Nagar, Qiqihar, Multan, Shihezi, and Ciudad Nezahualcoyotl.",1
"Exactly 2 of the following cities are in Russia: Al Ain City, Salta, Saratov, Hefei, and Chelyabinsk.",1
"Exactly 2 of the following cities are in Malaysia: Meerut, Saitama, Petaling Jaya, Jiamusi, and Taiz.",0
"Exactly 2 of the following cities are in China: Guangzhou, Lilongwe, Feira de Santana, Fuxin, and Kampung Baru Subang.",1
"Exactly 2 of the following cities are in China: Shangyu, Chaozhou, Matsuyama, Ahmedabad, and Taguig.",1
"Exactly 2 of the following cities are in China: Anshan, Zunyi, Ciudad Guayana, Sargodha, and Mersin.",1
"Exactly 2 of the following cities are in Canada: Panzhihua, Jakarta, Ho Chi Minh City, Kinshasa, and Winnipeg.",0
"Exactly 3 of the following cities are in China: Shenyang, Handan, Jiaozuo, Bareilly, and New Kingston.",1
"Exactly 2 of the following cities are in China: Mumbai, Managua, Tashkent, Hebi, and Multan.",0
"Exactly 2 of the following cities are in China: Wenzhou, Cuttack, Linyi, Antalya, and Tembisa.",1
"Exactly 2 of the following cities are in India: Xuanzhou, Grosszschocher, Irkutsk, Kalyan, and Niigata.",0
"Exactly 2 of the following cities are in Malaysia: Shenzhen, Jambi City, Incheon, Petaling Jaya, and Kaduna.",0
"Exactly 3 of the following cities are in China: Ulsan, Laibin, Bayannur, Erzurum, and Guigang.",1
"Exactly 1 of the following cities are in India: Curitiba, Minsk, Kakamega, Mumbai, and Moradabad.",0
"Exactly 2 of the following cities are in India: Pune, Tangerang, Coimbatore, Riga, and Khabarovsk.",1
"Exactly 2 of the following cities are in China: Luohe, Shihezi, Nagoya, Khabarovsk Vtoroy, and Cebu City.",1
"Exactly 2 of the following cities are in India: Lyon, Maracaibo, Shaoguan, Joao Pessoa, and Dehra Dun.",0
"Exactly 2 of the following cities are in Brazil: Tomsk, Aparecida de Goiania, Teresina, Jaipur, and Longyan.",1
"Exactly 2 of the following cities are in Japan: Coyoacan, Ajmer, Bucheon-si, Hiroshima, and Sendai.",1
"Exactly 2 of the following cities are in Brazil: Salta, Sorocaba, Kallakurichi, Joao Pessoa, and Kunshan.",1
"Exactly 2 of the following cities are in Venezuela: Bareilly, Luzhou, Ilorin, Kallakurichi, and Ciudad Guayana.",0
"Exactly 2 of the following cities are in Jordan: Osaka, Lianyungang, Nampula, Amman, and Sanmenxia.",0
"Exactly 3 of the following cities are in China: Bayannur, Kharkiv, Kumasi, Cimahi, and Hefei.",0
"Exactly 2 of the following cities are in South Korea: Puning, Gwalior, Ansan-si, Wenzhou, and Busan.",1
"Exactly 2 of the following cities are in Hungary: Jambi City, Xiangtan, Hefei, Hubli, and Budapest.",0
"Exactly 1 of the following cities are in Venezuela: Kyoto, Yangquan, Maracaibo, Barquisimeto, and Malang.",0
"Exactly 2 of the following cities are in India: Linyi, Shijiazhuang, Jeddah, Bhiwandi, and Seongnam-si.",0
"Exactly 3 of the following cities are in China: Qujing, Izmir, Hohhot, Kota Bharu, and Liuzhou.",1
"Exactly 1 of the following cities are in Pakistan: Sargodha, Bahcelievler, Vijayawada, Kotli, and Bloemfontein.",0
"Exactly 1 of the following cities are in Brazil: Maceio, Orenburg, The Bronx, Tirunelveli, and Feira de Santana.",0
"Exactly 2 of the following cities are in India: Mudanjiang, Pune, Zhaotong, Asansol, and Denpasar.",1
"Exactly 3 of the following cities are in China: Anyang, Kuala Lumpur, Shangyu, Shanghai, and Nashik.",1
"Exactly 3 of the following cities are in China: Laibin, Yekaterinburg, Istanbul, Hanzhong, and Daqing.",1
"Exactly 3 of the following cities are in China: Cheongju-si, Santa Maria Chimalhuacan, Bloemfontein, Weinan, and Diyarbakir.",0
"Exactly 1 of the following cities are in Egypt: Al Mahallah al Kubra, Ipoh, Pekanbaru, Ghaziabad, and Thuan An.",1
"Exactly 3 of the following cities are in China: Munich, Liuzhou, Hengyang, Changwon, and Liupanshui.",1
"Exactly 2 of the following cities are in India: Abeokuta, Jaipur, Nowrangapur, Wanning, and Novosibirsk.",1
"Exactly 2 of the following cities are in India: Luohe, Enugu, Mississauga, Chaozhou, and Theni.",0
"Exactly 1 of the following cities are in Venezuela: Caracas, Koeln, Xiaogan, Helsinki, and Dhanbad.",1
"Exactly 1 of the following cities are in Japan: Saitama, Port Harcourt, Nagoya, Tianjin, and Brazzaville.",0
"Exactly 4 of the following cities are in Hungary: Ajmer, Ordos, Pontianak, Budapest, and Albuquerque.",0
"Exactly 2 of the following cities are in China: Xiamen, Kayseri, Nampula, Liaocheng, and Nyala.",1
"Exactly 1 of the following cities are in Guinea: Conakry, Torreon, Da Nang, Zhumadian, and Salta.",1
"Exactly 1 of the following cities are in China: Xuanzhou, Deyang, Siping, Grosszschocher, and Panshan.",0
"Exactly 3 of the following cities are in China: Wuhan, Zhabei, Sao Bernardo do Campo, Huangshi, and Aracaju.",1
"Exactly 2 of the following cities are in the United Arab Emirates: Dubai, Bekasi, Xingtai, Suizhou, and Jilin.",0
"Exactly 3 of the following cities are in India: Chizhou, Bulawayo, Guilin, Gold Coast, and Coimbatore.",0
"Exactly 2 of the following cities are in Russia: Teresina, Dammam, Naberezhnyye Chelny, Pyongyang, and N'Djamena.",0
"Exactly 2 of the following cities are in South Africa: Marrakesh, Jiaxing, Xuanzhou, Brasilia, and Bloemfontein.",0
"Exactly 2 of the following cities are in China: Poznan, Wanxian, Chaozhou, Kitakyushu, and Mississauga.",1
"Exactly 1 of the following cities are in Turkey: Caracas, Serang, Hanoi, Kolkata, and Erzurum.",1
"Exactly 1 of the following cities are in Turkey: Fes, Ahmedabad, Xuchang, Aleppo, and Antalya.",1
"Exactly 4 of the following cities are in China: Kunming, Yongzhou, Bokaro, Huainan, and Hanzhong.",1
"Exactly 1 of the following cities are in Brazil: Zhumadian, Ribeirao Preto, Diyarbakir, Mississauga, and Mandalay.",1
"Exactly 3 of the following cities are in Pakistan: Cuiaba, Ningbo, Pingdingshan, Gaziantep, and Lahore.",0
"Exactly 1 of the following cities are in Russia: Antwerpen, Lanzhou, Gujranwala, Krasnoyarsk, and Shenzhen.",1
"Exactly 2 of the following cities are in South Korea: Tehran, Karaj, Ulyanovsk, Ulsan, and Malang.",0
"Exactly 2 of the following cities are in India: Lviv, Nowrangapur, Shenyang, Brazzaville, and Visakhapatnam.",1
"Exactly 4 of the following cities are in China: Sanaa, Xianning, Chengdu, Yiwu, and Fushun.",1
"Exactly 2 of the following cities are in China: Panshan, Qinhuangdao, Ashgabat, Pekanbaru, and Theni.",1
"Exactly 2 of the following cities are in Turkey: Zaporizhzhya, Izmir, Nanning, Tiruppur, and Jabalpur.",0
"Exactly 3 of the following cities are in China: Hegang, Xuchang, Bagcilar, Lu'an, and Bareilly.",1
"Exactly 2 of the following cities are in the Philippines: Bhubaneswar, Nowrangapur, Makassar, Las Pinas, and Huangshi.",0
"Exactly 1 of the following cities are in India: Pune, Tangerang, Coimbatore, Riga, and Khabarovsk.",0
"Exactly 2 of the following cities are in China: Hefei, Al Mawsil al Jadidah, Liuzhou, Malacca, and Lviv.",1
"Exactly 2 of the following cities are in Guinea: Ha'il, Coimbatore, Zhanjiang, Conakry, and Himeji.",0
"Exactly 2 of the following cities are in India: Barquisimeto, Thane, Najafgarh, Tucson, and Beira.",1
"Exactly 3 of the following cities are in China: Changwon, Zhanjiang, Rostov-na-Donu, Zhenjiang, and Tianshui.",1
"Exactly 2 of the following cities are in South Korea: Khulna, Daejeon, Dammam, Guang'an, and Jabalpur.",0
"Exactly 2 of the following cities are in India: Curitiba, Minsk, Kakamega, Mumbai, and Moradabad.",1
"Exactly 3 of the following cities are in Russia: Khabarovsk Vtoroy, Santiago de los Caballeros, Phnom Penh, Oyo, and Semarang.",0
"Exactly 1 of the following cities are in Russia: Vladivostok, Kobe, Petaling Jaya, Izhevsk, and Hamamatsu.",0
"Exactly 2 of the following cities are in Jordan: Kunming, Irbid, Brasilia, Bilimora, and Bucheon-si.",0
"Exactly 2 of the following cities are in Iraq: Izhevsk, Meizhou, Al Mawsil al Jadidah, Aparecida de Goiania, and Goiania.",0
"Exactly 2 of the following cities are in China: Helsinki, Kunming, Dombivli, Cotonou, and Bogor.",0
"Exactly 2 of the following cities are in China: Bokaro, Zhaoqing, San Miguel de Tucuman, Weihai, and Zagreb.",1
"Exactly 2 of the following cities are in India: Fort Worth, Shenzhen, Kanayannur, Kampala, and Changchun.",0
"Exactly 3 of the following cities are in China: Al Mawsil al Jadidah, Huaihua, Faridabad, Zunyi, and Xiangtan.",1
"Exactly 2 of the following cities are in Pakistan: Lilongwe, Islamabad, Torreon, Bhiwandi, and Chelyabinsk.",0
"Exactly 1 of the following cities are in Poland: Pikine, Makhachkala, Turin, Poznan, and Davao.",1
"Exactly 2 of the following cities are in Russia: E'zhou, Irkutsk, Nairobi, Khartoum, and Kunshan.",0
"Exactly 2 of the following cities are in China: Sao Paulo, Marrakesh, Detroit, Ankara, and Huzhou.",0
"Exactly 2 of the following cities are in Brazil: Navi Mumbai, Fuxin, Sao Bernardo do Campo, Guangyuan, and Mumbai.",0
"Exactly 2 of the following cities are in Bangladesh: Malang, Chattogram, Hiroshima, Phnom Penh, and Ouagadougou.",0
"Exactly 2 of the following cities are in India: Eskisehir, Tangier, Chuzhou, Yunfu, and Ranchi.",0
"Exactly 1 of the following cities are in Turkey: Bursa, Lubumbashi, Guntur, Changde, and Korla.",1
"Exactly 2 of the following cities are in Malaysia: Shah Alam, Sanaa, Hanoi, Ulan Bator, and Jiujiang.",0
"Exactly 2 of the following cities are in Iraq: Nasiriyah, Port Harcourt, Rizhao, Wuzhou, and Shanghai.",0
"Exactly 1 of the following cities are in Malaysia: Hengyang, Barnaul, Dnipro, Kota Bharu, and Tehran.",1
"Exactly 2 of the following cities are in Russia: Ufa, New York City, Hubli, Kalininskiy, and Latakia.",1
"Exactly 2 of the following cities are in China: Irkutsk, Tashkent, Xingtai, Weihai, and Abidjan.",1
"Exactly 1 of the following cities are in China: Milwaukee, Rui'an, Jaboatao, Culiacan, and Kemerovo.",1
"Exactly 4 of the following cities are in China: Guigang, Panshan, Zhanjiang, Zhaotong, and Culiacan.",1
"Exactly 2 of the following cities are in China: Guangyuan, Uberlandia, Sao Jose dos Campos, Madinat an Nasr, and Liaocheng.",1
"Exactly 4 of the following cities are in China: Baise, Jiujiang, Hanzhong, Binzhou, and Ranchi.",1
"Exactly 2 of the following cities are in China: Suez, Rui'an, Koeln, Guiyang, and Maiduguri.",1
"Exactly 2 of the following cities are in Morocco: Ya'an, Marrakesh, Libreville, Battagram, and Weinan.",0
"Exactly 2 of the following cities are in China: Mumbai, Conakry, Yichang, Chandigarh, and Zhoushan.",1
"Exactly 2 of the following cities are in China: Changwon, Stockholm, Chongqing, Nasiriyah, and Qingdao.",1
"Exactly 2 of the following cities are in Mexico: Abidjan, Sarajevo, Sao Jose dos Campos, Arequipa, and Acapulco de Juarez.",0
"Exactly 1 of the following cities are in China: Zibo, Yangon, Dongying, Koeln, and Dhanbad.",0
"Exactly 1 of the following cities are in Russia: Izmir, Leon de los Aldama, Novokuznetsk, Semarang, and Ibague.",1
"Exactly 2 of the following cities are in Pakistan: Matola, Voronezh, Gujranwala, Leipzig, and Borivli.",0
"Exactly 2 of the following cities are in China: Rahim Yar Khan, Chaozhou, Kyiv, Bahcelievler, and Linfen.",1
"Exactly 1 of the following cities are in Russia: Cheongju-si, Khabarovsk, Quezon City, Kanayannur, and Banjarmasin.",1
"Exactly 2 of the following cities are in Pakistan: Haiphong, Kayseri, Abu Ghurayb, Perm, and Bahawalpur.",0
"Exactly 3 of the following cities are in Mexico: Erbil, Ciudad Nezahualcoyotl, Huzhou, Changwon, and Mudanjiang.",0
"Exactly 2 of the following cities are in Turkey: Bursa, Zaria, Nanchang, Ningbo, and Cancun.",0
"Exactly 1 of the following cities are in South Korea: Kanpur, Ansan-si, Grosszschocher, Neijiang, and Matsuyama.",1
"Exactly 1 of the following cities are in the United States: Bhayandar, Albuquerque, Weinan, Shubra al Khaymah, and Xinyang.",1
"Exactly 2 of the following cities are in Mexico: New York City, Rahim Yar Khan, Acapulco de Juarez, Faridabad, and Sao Paulo.",0
"Exactly 1 of the following cities are in Russia: Yerevan, Tonghua, Tomsk, Detroit, and Homyel'.",1
"Exactly 2 of the following cities are in India: Coyoacan, Vladivostok, Kolhapur, Kalyan, and Yongzhou.",1
"Exactly 4 of the following cities are in Nigeria: Novosibirsk, Seattle, Sevastopol, Zhangjiakou, and Enugu.",0
"Exactly 2 of the following cities are in China: Bagcilar, Shangrao, Caracas, Saint Petersburg, and General Santos.",0
"Exactly 2 of the following cities are in Japan: Osaka, Kisangani, Sendai, Cuiaba, and Kanayannur.",1
"Exactly 3 of the following cities are in South Korea: Bhavnagar, Zhuzhou, Tyumen, Milwaukee, and Daejeon.",0
"Exactly 3 of the following cities are in Myanmar: Changwon, Al Ain City, Busan, Lilongwe, and Nay Pyi Taw.",0
"Exactly 2 of the following cities are in China: Grosszschocher, Lu'an, Kozhikode, Xuanzhou, and Aden.",1
"Exactly 2 of the following cities are in China: Hiroshima, Ebute Ikorodu, Brasilia, Puning, and Aracaju.",0
"Exactly 2 of the following cities are in China: Sarajevo, Chicago, Zhengzhou, Kirkuk, and Changde.",1
"Exactly 2 of the following cities are in China: Varanasi, Luancheng, San Miguel de Tucuman, Teresina, and Anshun.",1
"Exactly 2 of the following cities are in China: Tokyo, Ufa, Huizhou, Sofia, and Liuzhou.",1
"Exactly 2 of the following cities are in China: Neijiang, Caracas, Tangier, Gwalior, and Yangquan.",1
"Exactly 1 of the following cities are in China: Xining, Nanchang, Torreon, Hubli, and Comilla.",0
"Exactly 2 of the following cities are in Colombia: Cankaya, Cucuta, Port Said, Mar del Plata, and Leon de los Aldama.",0
"Exactly 3 of the following cities are in China: Wuhan, Ribeirao Preto, Ma'anshan, Shangqiu, and Zaporizhzhya.",1
"Exactly 1 of the following cities are in Mexico: Iztapalapa, Zhaotong, Can Tho, Jieyang, and Multan.",1
"Exactly 2 of the following cities are in China: Oklahoma City, Luohe, Liupanshui, Penza, and Enugu.",1
"Exactly 2 of the following cities are in China: Dandong, Minsk, Hezhou, Balikpapan, and Ankara.",1
"Exactly 1 of the following cities are in India: Zunyi, Karol Bagh, Huaibei, Istanbul, and Shivaji Nagar.",0
"Exactly 2 of the following cities are in Mexico: Bobo-Dioulasso, Bhayandar, Santiago de Queretaro, Rangpur, and Pretoria.",0
"Exactly 3 of the following cities are in Brazil: Hamamatsu, Urumqi, Ya'an, Porto Velho, and Rizhao.",0
"Exactly 2 of the following cities are in Morocco: Ha'il, Okayama, Cangzhou, Casablanca, and Klang.",0
"Exactly 2 of the following cities are in Jamaica: Krakow, Abeokuta, New Kingston, Copenhagen, and Minsk.",0
"Exactly 3 of the following cities are in China: Vilnius, Xuchang, Qinzhou, Amritsar, and E'zhou.",1
"Exactly 3 of the following cities are in the Republic of the Congo: Aden, Brazzaville, Irbid, Gwalior, and Lu'an.",0
"Exactly 2 of the following cities are in India: Yangon, Chandigarh, Taguig, Kota Kinabalu, and Maceio.",0
"Exactly 1 of the following cities are in China: Hangzhou, Borivli, Hefei, Hamadan, and Nowrangapur.",0
"Exactly 2 of the following cities are in Germany: Duesseldorf, Semarang, Onitsha, Nashik, and Jambi City.",0
"Exactly 2 of the following cities are in China: Naucalpan de Juarez, Rizhao, Muzaffarabad, Kandahar, and Jiamusi.",1
"Exactly 2 of the following cities are in India: Taicang, Can Tho, Asyut, Bloemfontein, and Jabalpur.",0
"Exactly 2 of the following cities are in the Philippines: Xiangtan, Tianshui, Zhangzhou, Quezon City, and Rajshahi.",0
"Exactly 3 of the following cities are in China: The Bronx, Zhangye, Jieyang, Guntur, and Tangier.",0
"Exactly 2 of the following cities are in India: Pingliang, Al Hudaydah, Jamshedpur, Zaporizhzhya, and Vilnius.",0
"Exactly 2 of the following cities are in Indonesia: Abidjan, Kathmandu, Jiangyin, Kobe, and Denpasar.",0
"Exactly 2 of the following cities are in China: Wuhan, Poznan, Sangli, Chongqing, and Solapur.",1
"Exactly 2 of the following cities are in Iraq: Callao, Xianyang, Barquisimeto, Porto Alegre, and Baghdad.",0
"Exactly 2 of the following cities are in China: Buraydah, Leon de los Aldama, Longyan, Bijie, and Erbil.",1
"Exactly 3 of the following cities are in China: Wenzhou, Chuzhou, Tanggu, Karaj, and Nowrangapur.",1
"Exactly 3 of the following cities are in India: Mexicali, Barquisimeto, Moradabad, Zaria, and Dnipro.",0
"Exactly 1 of the following cities are in Nigeria: Yongzhou, Jaboatao, Abeokuta, Thiruvananthapuram, and Liuzhou.",1
"Exactly 2 of the following cities are in Venezuela: Maracaibo, Guayaquil, Al Fayyum, Juiz de Fora, and Ribeirao Preto.",0
"Exactly 2 of the following cities are in China: Wanxian, Xuchang, Asuncion, Dortmund, and Jeonju.",1
"Exactly 2 of the following cities are in Nigeria: Munich, Jambi City, Ebute Ikorodu, Ajmer, and Okayama.",0
"Exactly 2 of the following cities are in China: Minsk, Huaibei, Ganzhou, Zagreb, and Anyang-si.",1
"Exactly 2 of the following cities are in Iraq: Liaocheng, Wenzhou, Meizhou, Yangjiang, and Baghdad.",0
"Exactly 2 of the following cities are in Niger: E'zhou, Maputo, Kharkiv, Belo Horizonte, and Niamey.",0
"Exactly 2 of the following cities are in China: General Santos, Hiroshima, Mersin, Zhangjiakou, and Paranaque City.",0
"Exactly 1 of the following cities are in China: Jilin, Santa Maria Chimalhuacan, Weifang, Bujumbura, and Cancun.",0
"Exactly 1 of the following cities are in Malaysia: Kampung Baru Subang, Ansan-si, Kalininskiy, Kigali, and Yangon.",1
"Exactly 2 of the following cities are in China: Kunming, Chicago, Addis Ababa, Xinyang, and Thuan An.",1
"Exactly 1 of the following cities are in Iraq: Tlalpan, Basrah, Tiruppur, Kemerovo, and Douala.",1
"Exactly 2 of the following cities are in Turkey: Jilin, Jos, Chongqing, Tangshan, and Uskudar.",0
"Exactly 3 of the following cities are in India: Aguascalientes, Bhopal, Surat, Wroclaw, and Zaozhuang.",0
"Exactly 1 of the following cities are in Turkey: Shymkent, Brazzaville, Herat, Arak, and Bursa.",1
"Exactly 2 of the following cities are in Japan: Kahriz, Okayama, Kinshasa, Ciudad Nezahualcoyotl, and Istanbul.",0
"Exactly 2 of the following cities are in China: Shihezi, Feira de Santana, Lubumbashi, Sharjah, and Yibin.",1
"Exactly 2 of the following cities are in Iraq: Al Mawsil al Jadidah, Guiyang, New York City, Dhanbad, and Visakhapatnam.",0
"Exactly 1 of the following cities are in Ukraine: Tijuana, Nasiriyah, Benxi, Dushanbe, and Odesa.",1
"Exactly 1 of the following cities are in China: Seongnam-si, Homs, Yibin, Sendai, and Bloemfontein.",1
"Exactly 2 of the following cities are in China: Qinhuangdao, Subang Jaya, Florianopolis, Zahedan, and Hezhou.",1
"Exactly 1 of the following cities are in Turkey: Thiruvananthapuram, Pretoria, Asuncion, Bahcelievler, and Niamey.",1
"Exactly 2 of the following cities are in China: Jiangyin, Suining, Krasnodar, Al Ain City, and Bishkek.",1
"Exactly 2 of the following cities are in China: Yangquan, Amritsar, Qinzhou, Benin City, and Dar es Salaam.",1
"Exactly 1 of the following cities are in China: Cheonan, Kleinzschocher, Shantou, Thuan An, and Xiaogan.",0
"Exactly 3 of the following cities are in China: Bucaramanga, Zunyi, Shiraz, Kunming, and Zhumadian.",1
"Exactly 2 of the following cities are in Bangladesh: Jiangmen, Guarulhos, Khulna, Bishkek, and Benxi.",0
"Exactly 2 of the following cities are in India: Warangal, Calgary, Daqing, Seoul, and Maputo.",0
"Exactly 2 of the following cities are in Mexico: Wuwei, Latakia, Reynosa, Seattle, and Acapulco de Juarez.",1
"Exactly 2 of the following cities are in Japan: Haiphong, Moradabad, Tokyo, Queens, and Zigong.",0
"Exactly 2 of the following cities are in China: Shuangyashan, Winnipeg, Libreville, Ghaziabad, and Luzhou.",1
