statement,label
"Exactly 1 of the following cities are in China and exactly 3 are in South Korea: Longyan, Panshan, Kobe, San Luis Potosi, General Santos, and Kimhae.",0
"Exactly 1 of the following cities are in India and exactly 2 are in Russia: Deyang, Narela, Ahmedabad, Krasnoyarsk, Pune, and Ningbo.",0
"Exactly 2 of the following cities are in China and exactly 1 are in Saudi Arabia: Feira de Santana, Jiaozhou, Nampula, Jilin, Nashik, and Buraydah.",1
"Exactly 1 of the following cities are in Mexico and exactly 2 are in India: Jabalpur, Jieyang, Lubumbashi, Nouakchott, Tijuana, and Coimbatore.",1
"Exactly 1 of the following cities are in Haiti and exactly 3 are in China: E'zhou, Port-au-Prince, Krakow, Changwon, Deyang, and Suizhou.",1
"Exactly 4 of the following cities are in China and exactly 1 are in Yemen: Jingmen, Taiz, Luohe, Minsk, Ningbo, and Urumqi.",1
"Exactly 3 of the following cities are in China and exactly 1 are in Russia: Ipoh, Yiwu, Shaoxing, Shihezi, Yaroslavl, and Tangerang.",1
"Exactly 1 of the following cities are in China and exactly 2 are in Turkey: Malatya, Homyel', Foshan, Bhilai, Kota Kinabalu, and Kayseri.",1
"Exactly 1 of the following cities are in the United States and exactly 1 are in China: Wanning, New York City, Xining, Abobo, Al Hudaydah, and Malatya.",0
"Exactly 1 of the following cities are in Japan and exactly 3 are in China: Ilorin, Zhumadian, Changwon, Sanmenxia, Chuzhou, and Nagoya.",1
"Exactly 1 of the following cities are in Turkey and exactly 3 are in the United States: Luancheng, Zaozhuang, Malatya, Oklahoma City, Ho Chi Minh City, and Nanchong.",0
"Exactly 1 of the following cities are in Russia and exactly 2 are in China: Serang, Barnaul, Langfang, Ribeirao Preto, Yiwu, and Abidjan.",1
"Exactly 1 of the following cities are in Ukraine and exactly 3 are in China: Changshu, Izhevsk, Maiduguri, Zaozhuang, Wuwei, and Kryvyy Rih.",1
"Exactly 2 of the following cities are in the United Arab Emirates and exactly 1 are in Mozambique: Tangshan, Al Ain City, Kolkata, Maputo, Dubai, and Diyarbakir.",1
"Exactly 2 of the following cities are in China and exactly 1 are in Mexico: Huzhou, Tijuana, Arak, Surakarta, Zarqa, and Pingliang.",1
"Exactly 2 of the following cities are in China and exactly 3 are in India: Chuzhou, Jaboatao dos Guararapes, Dehra Dun, Shantou, Kanayannur, and Kozhikode.",1
"Exactly 2 of the following cities are in China and exactly 2 are in India: Durban, Jamshedpur, Port-au-Prince, Shanghai, Nanchong, and Siliguri.",1
"Exactly 1 of the following cities are in Afghanistan and exactly 2 are in China: Kandahar, Tirunelveli, Basrah, Guigang, Lviv, and Longyan.",1
"Exactly 2 of the following cities are in Japan and exactly 1 are in Zimbabwe: Harare, Zibo, Sendai, Malacca, Zhengzhou, and Solapur.",0
"Exactly 1 of the following cities are in Ukraine and exactly 2 are in Russia: Yibin, Jiujiang, Naberezhnyye Chelny, Ufa, Santiago de Queretaro, and Kryvyy Rih.",1
"Exactly 2 of the following cities are in Peru and exactly 2 are in Indonesia: Kahriz, Durban, Aktobe, Malang, Callao, and Ajmer.",0
"Exactly 3 of the following cities are in China and exactly 1 are in Iran: Shuangyashan, Baoji, Kahriz, Iztapalapa, Al Ahmadi, and Chengdu.",1
"Exactly 2 of the following cities are in the Republic of the Congo and exactly 1 are in Algeria: Liuzhou, South Tangerang, Istanbul, Brazzaville, Algiers, and Cixi.",0
"Exactly 1 of the following cities are in Iran and exactly 3 are in China: Pasig City, Hezhou, Benxi, Harare, Pingdingshan, and Kermanshah.",1
"Exactly 1 of the following cities are in Colombia and exactly 2 are in South Africa: Gujranwala, Barranquilla, Erzurum, Tomsk, Qinzhou, and Cape Town.",0
"Exactly 1 of the following cities are in Rwanda and exactly 3 are in China: Seoul, Xianyang, Antalya, Kigali, Jilin, and Shihezi.",1
"Exactly 2 of the following cities are in South Korea and exactly 1 are in Iraq: Wenzhou, Kisangani, Al Mawsil al Jadidah, Saratov, Jeonju, and Ulsan.",1
"Exactly 1 of the following cities are in China and exactly 1 are in Bangladesh: Fes, Heze, Ulsan, Wanning, Wanxian, and Chattogram.",0
"Exactly 2 of the following cities are in China and exactly 1 are in Mexico: Acapulco de Juarez, Hanzhong, Tirunelveli, Changde, Irbid, and Onitsha.",1
"Exactly 1 of the following cities are in Honduras and exactly 2 are in China: Yangquan, Korla, San Pedro Sula, Bogor, Ajmer, and Macapa.",1
"Exactly 2 of the following cities are in Indonesia and exactly 1 are in the United States: Pontianak, Bangkok, Kallakurichi, The Bronx, Johannesburg, and Nanchong.",0
"Exactly 3 of the following cities are in China and exactly 1 are in Japan: Najran, Himeji, Maoming, Zhaoqing, Xuchang, and Suwon.",1
"Exactly 2 of the following cities are in India and exactly 1 are in Saudi Arabia: Laibin, Borivli, Najran, Bayannur, Rangpur, and Shangqiu.",0
"Exactly 3 of the following cities are in China and exactly 1 are in Egypt: Al Fayyum, Ma'anshan, Bengaluru, Al Ain City, Jieyang, and Dalian.",1
"Exactly 3 of the following cities are in China and exactly 1 are in India: Culiacan, Kalininskiy, Guangyuan, Shaoxing, Zhabei, and Narela.",1
"Exactly 1 of the following cities are in the United States and exactly 3 are in India: Dhanbad, Pietermaritzburg, Varanasi, The Bronx, Kalininskiy, and Rajkot.",1
"Exactly 1 of the following cities are in Pakistan and exactly 2 are in India: Prayagraj, Rawalpindi, Bangkok, Douala, Rajkot, and Basrah.",1
"Exactly 1 of the following cities are in Malaysia and exactly 2 are in India: Zhangjiagang, Lipetsk, Malacca, Hefei, Ajmer, and Moradabad.",1
"Exactly 3 of the following cities are in India and exactly 1 are in China: Asansol, Orumiyeh, Changchun, Hiroshima, Odesa, and Ganzhou.",0
"Exactly 3 of the following cities are in China and exactly 2 are in Germany: Hannover, Xinyang, Bucharest, Hangzhou, Grosszschocher, and Zhangzhou.",1
"Exactly 1 of the following cities are in China and exactly 3 are in South Korea: Ganzhou, Nashik, Ansan-si, Jeonju, Mazar-e Sharif, and Daqing.",0
"Exactly 1 of the following cities are in Ukraine and exactly 3 are in China: Zhaoqing, Koeln, Kharkiv, Ganzhou, Barnaul, and Guang'an.",1
"Exactly 2 of the following cities are in Poland and exactly 2 are in India: Visakhapatnam, Zhengzhou, Krakow, Nova Iguacu, Konya, and Liupanshui.",0
"Exactly 1 of the following cities are in Vietnam and exactly 3 are in China: Kumasi, Chizhou, Denpasar, Da Nang, Yangon, and Amravati.",0
"Exactly 2 of the following cities are in the United States and exactly 1 are in Morocco: Albuquerque, Foshan, Shanghai, Mukalla, Fes, and Orenburg.",0
"Exactly 2 of the following cities are in India and exactly 2 are in Nigeria: Jabalpur, Wanning, Maturin, Enugu, Ahvaz, and Kota Kinabalu.",0
"Exactly 3 of the following cities are in China and exactly 1 are in the United Arab Emirates: Zibo, Chiclayo, Zhaotong, Sharjah, Qionghai, and Guayaquil.",1
"Exactly 1 of the following cities are in India and exactly 2 are in Turkey: Ankara, Santo Domingo Este, Lanzhou, Douala, Naberezhnyye Chelny, and Erode.",0
"Exactly 2 of the following cities are in India and exactly 1 are in the United States: New South Memphis, Abidjan, Saratov, Lilongwe, Irkutsk, and Aligarh.",0
"Exactly 1 of the following cities are in Hungary and exactly 3 are in India: Ghaziabad, Sulaymaniyah, Budapest, Tegucigalpa, Nagoya, and Rajkot.",0
"Exactly 2 of the following cities are in the United States and exactly 1 are in South Africa: Barquisimeto, The Bronx, Tangier, Pretoria, Yaounde, and Haiphong.",0
"Exactly 2 of the following cities are in Vietnam and exactly 2 are in India: Boumerdes, Changchun, Adana, Jabalpur, Can Tho, and Kleinzschocher.",0
"Exactly 1 of the following cities are in Croatia and exactly 3 are in Russia: Naberezhnyye Chelny, Zagreb, Tangier, Shangqiu, Campos dos Goytacazes, and Aktobe.",0
"Exactly 3 of the following cities are in China and exactly 1 are in Turkey: Guigang, Homyel', Changde, Kaduna, Gaziantep, and Huaibei.",1
"Exactly 1 of the following cities are in Uzbekistan and exactly 2 are in Malawi: Milwaukee, Shangyu, San Miguel de Tucuman, Chandigarh, Lilongwe, and Samarkand.",0
"Exactly 2 of the following cities are in India and exactly 1 are in China: Kallakurichi, Lianyungang, Ulyanovsk, Aligarh, Pontianak, and San Pedro Sula.",1
"Exactly 3 of the following cities are in China and exactly 1 are in Nigeria: Yinchuan, Fortaleza, Langfang, Abeokuta, Hengyang, and Penza.",1
"Exactly 2 of the following cities are in Brazil and exactly 1 are in Chile: Tiruchirappalli, Batam, Pingliang, Aparecida de Goiania, Puente Alto, and Cixi.",0
"Exactly 1 of the following cities are in the United States and exactly 2 are in South Korea: Koeln, Oklahoma City, Kleinzschocher, Bucheon-si, Belo Horizonte, and Yaounde.",0
"Exactly 1 of the following cities are in South Korea and exactly 2 are in China: Ibague, Hefei, Eskisehir, Hwaseong-si, Ordos, and Durban.",1
"Exactly 2 of the following cities are in the Philippines and exactly 1 are in India: Panshan, Las Pinas, Hannover, Luzhou, Nizhniy Novgorod, and Ulhasnagar.",0
"Exactly 1 of the following cities are in Nigeria and exactly 3 are in Brazil: Minsk, Nowrangapur, Jos, Sao Paulo, Aktobe, and Kampung Baru Subang.",0
"Exactly 3 of the following cities are in Mexico and exactly 1 are in Poland: Mexico City, Kolhapur, Okayama, Poznan, Quetta, and Sao Bernardo do Campo.",0
"Exactly 1 of the following cities are in China and exactly 2 are in Lithuania: Liuzhou, Oyo, Sharjah, Jambi City, Vilnius, and Hanoi.",0
"Exactly 3 of the following cities are in China and exactly 1 are in Malaysia: Qinzhou, Rajshahi, New Kingston, Kuantan, Tianshui, and Quetta.",0
"Exactly 2 of the following cities are in China and exactly 1 are in Croatia: Sokoto, Zagreb, Caloocan City, Jaboatao dos Guararapes, Tonghua, and Dongying.",1
"Exactly 2 of the following cities are in Brazil and exactly 2 are in Sudan: Omdurman, Fortaleza, Tolyatti, Dhanbad, Malang, and Kota Kinabalu.",0
"Exactly 2 of the following cities are in China and exactly 1 are in Latvia: Sharjah, Tanggu, Riga, Hamamatsu, Pietermaritzburg, and Baise.",1
"Exactly 4 of the following cities are in Indonesia and exactly 1 are in China: Huangshi, Bengbu, Sorocaba, Bogor, Liaocheng, and Ahvaz.",0
"Exactly 2 of the following cities are in Japan and exactly 1 are in Pakistan: Petaling Jaya, Malacca, Kagoshima, Niamey, Huangshi, and Rawalpindi.",0
"Exactly 3 of the following cities are in Turkey and exactly 1 are in Indonesia: Fushun, Uskudar, N'Djamena, Surakarta, Daejeon, and Kagoshima.",0
"Exactly 1 of the following cities are in India and exactly 2 are in China: Vadodara, Voronezh, Tiruppur, Jiaxing, Cheongju-si, and Makati City.",0
"Exactly 2 of the following cities are in China and exactly 1 are in South Korea: Onitsha, Suizhou, Laiwu, Busan, Benin City, and Kota Kinabalu.",1
"Exactly 1 of the following cities are in the United States and exactly 3 are in China: Ar Raqqah, Dushanbe, Indianapolis, Hebi, Sanya, and Yichang.",1
"Exactly 2 of the following cities are in Nigeria and exactly 1 are in Romania: Madinat an Nasr, Abu Ghurayb, Benin City, Guankou, Seongnam-si, and Bucharest.",0
"Exactly 4 of the following cities are in China and exactly 1 are in Russia: Guilin, Guangyuan, Perm, Kashgar, Fuxin, and Belo Horizonte.",1
"Exactly 3 of the following cities are in China and exactly 1 are in Azerbaijan: Yichang, Handan, Wanzhou, Baku, Cheongju-si, and Ankara.",1
"Exactly 3 of the following cities are in China and exactly 1 are in Mozambique: Rahim Yar Khan, Nampula, Bengbu, Xiamen, Salta, and Hohhot.",1
"Exactly 1 of the following cities are in Pakistan and exactly 2 are in Turkmenistan: Abuja, Ashgabat, Acapulco de Juarez, Londrina, Rohini, and Multan.",0
"Exactly 2 of the following cities are in the Republic of the Congo and exactly 1 are in South Korea: Ranchi, Krasnodar, Matsuyama, New South Memphis, Brazzaville, and Seongnam-si.",0
"Exactly 1 of the following cities are in Mexico and exactly 2 are in Nigeria: Santa Maria Chimalhuacan, Bouake, Abeokuta, Ahvaz, Chiclayo, and Maracaibo.",0
"Exactly 1 of the following cities are in India and exactly 3 are in China: Qinhuangdao, Karaj, Faisalabad, Tanggu, Longyan, and Theni.",1
"Exactly 1 of the following cities are in Syria and exactly 2 are in South Africa: Zibo, Kampung Baru Subang, Tembisa, Aleppo, Caracas, and Zaria.",0
"Exactly 3 of the following cities are in India and exactly 1 are in China: Anyang, Xiamen, Hachioji, Vadodara, Jos, and Riga.",0
"Exactly 1 of the following cities are in Burkina Faso and exactly 2 are in China: Ouagadougou, Dar es Salaam, Jieyang, Khulna, Wuzhou, and Nouakchott.",1
"Exactly 3 of the following cities are in China and exactly 1 are in India: Dongying, Dar es Salaam, Aligarh, Weifang, Hengyang, and Quito.",1
"Exactly 1 of the following cities are in Ukraine and exactly 3 are in China: Xingtai, Jamshedpur, Huangshi, Kharkiv, Al Ahmadi, and Shangrao.",1
"Exactly 3 of the following cities are in Iran and exactly 1 are in Algeria: Jaboatao, Incheon, Amravati, Orumiyeh, Taiz, and Tebessa.",0
"Exactly 2 of the following cities are in Uzbekistan and exactly 1 are in Mauritania: Phnom Penh, Benxi, Samarkand, Nouakchott, Bauchi, and Tlaquepaque.",0
"Exactly 2 of the following cities are in China and exactly 1 are in Indonesia: Latakia, Hwaseong-si, Anyang, Banjarmasin, Bhiwandi, and Wanxian.",1
"Exactly 1 of the following cities are in Brazil and exactly 2 are in India: Muscat, Dnipro, Lipetsk, Ulhasnagar, Mumbai, and Sao Bernardo do Campo.",1
"Exactly 2 of the following cities are in China and exactly 1 are in the Philippines: Shijiazhuang, Fushun, Davao, New Kingston, Nay Pyi Taw, and Santa Maria Chimalhuacan.",1
"Exactly 2 of the following cities are in Mexico and exactly 1 are in South Africa: Pretoria, Quzhou, Johannesburg, Cangzhou, Linyi, and Naucalpan de Juarez.",0
"Exactly 2 of the following cities are in Egypt and exactly 1 are in Germany: Frankfurt am Main, Giza, Victoria de Durango, Ciudad Juarez, Shivaji Nagar, and Madinat an Nasr.",1
"Exactly 1 of the following cities are in Brazil and exactly 2 are in Turkmenistan: Zhoushan, Port Harcourt, Ashgabat, Rio de Janeiro, Leipzig, and New York City.",0
"Exactly 3 of the following cities are in China and exactly 1 are in Egypt: Madinat an Nasr, Amravati, Zhoushan, Huaibei, Ahvaz, and Ziyang.",1
"Exactly 3 of the following cities are in China and exactly 1 are in Denmark: Urumqi, Kaifeng, Taicang, N'Djamena, Dhanbad, and Copenhagen.",1
"Exactly 2 of the following cities are in Bangladesh and exactly 2 are in the Philippines: Shenzhen, Nyala, General Santos, Muscat, Quebec, and Rangpur.",0
"Exactly 3 of the following cities are in Canada and exactly 2 are in Afghanistan: Dakar, Detroit, Mukalla, Quebec, Kandahar, and Nowrangapur.",0
"Exactly 1 of the following cities are in Tanzania and exactly 1 are in India: Fukuoka, Tangshan, Jalandhar, Dar es Salaam, Taguig, and Cancun.",1
"Exactly 2 of the following cities are in Zimbabwe and exactly 1 are in China: Zhangye, Harare, Caracas, Guwahati, Panshan, and Kimhae.",0
"Exactly 3 of the following cities are in Nepal and exactly 2 are in South Africa: Da Nang, Soweto, Hannover, Kathmandu, Tucson, and Ciudad Guayana.",0
"Exactly 2 of the following cities are in China and exactly 2 are in Cameroon: Ziyang, Bloemfontein, Kolhapur, Mianzhu, Deyang, Sichuan, Suining, and Douala.",0
"Exactly 2 of the following cities are in Germany and exactly 1 are in Russia: Jaboatao, Dakar, Tyumen, Wuzhou, Koeln, and Wroclaw.",0
"Exactly 2 of the following cities are in China and exactly 1 are in Chad: N'Djamena, Al Ahmadi, Nagoya, Nanchang, Laiwu, and Cochin.",1
"Exactly 3 of the following cities are in Germany and exactly 1 are in Russia: Koeln, Vadodara, Asmara, Yekaterinburg, Klang, and Managua.",0
"Exactly 1 of the following cities are in Tajikistan and exactly 3 are in China: Huizhou, Vijayawada, Dushanbe, Tianjin, Zaozhuang, and Coimbatore.",1
"Exactly 1 of the following cities are in Bosnia and Herzegovina and exactly 3 are in China: Sarajevo, Shijiazhuang, Yaroslavl, Xinyang, Maturin, and Tanggu.",1
"Exactly 2 of the following cities are in India and exactly 1 are in Jordan: Zarqa, Kolkata, Ahmedabad, Sulaymaniyah, E'zhou, and Quzhou.",1
"Exactly 3 of the following cities are in China and exactly 1 are in Burundi: Hegang, Aparecida de Goiania, Hanoi, Weinan, Bujumbura, and Xingtai.",1
"Exactly 1 of the following cities are in Iraq and exactly 1 are in Italy: Shenzhen, Giza, Hamadan, Turin, Al Mawsil al Jadidah, and Comilla.",1
"Exactly 1 of the following cities are in Kenya and exactly 2 are in Indonesia: Barquisimeto, Rourkela, Bhavnagar, Kakamega, Sevastopol, and Serang.",0
"Exactly 4 of the following cities are in China and exactly 1 are in Russia: Tanggu, Denpasar, Jieyang, Jingmen, Cixi, and Nizhniy Novgorod.",1
"Exactly 1 of the following cities are in China and exactly 4 are in Mozambique: Changshu, Bulawayo, Chaozhou, Kahriz, Maputo, and Khulna.",0
"Exactly 4 of the following cities are in South Korea and exactly 1 are in Yemen: San Luis Potosi, Sanaa, Cheonan, Lodz, Dandong, and Krasnodar.",0
"Exactly 2 of the following cities are in Russia and exactly 2 are in China: Dongying, Naberezhnyye Chelny, Mississauga, Novosibirsk, Rajshahi, and Huainan.",1
"Exactly 2 of the following cities are in Russia and exactly 1 are in Iran: Dandong, Izhevsk, Zahedan, Daqing, Taguig, and Kirkuk.",0
"Exactly 1 of the following cities are in Ukraine and exactly 5 are in China: Shaoxing, Luohe, Kharkiv, Zhangzhou, Kashgar, and Kaifeng.",1
"Exactly 1 of the following cities are in Japan and exactly 2 are in Mozambique: Minsk, Matola, Sapporo, Liuzhou, Brasilia, and Benin City.",0
"Exactly 2 of the following cities are in China and exactly 2 are in India: Hubli, Surat, Kimhae, Nanjing, Urumqi, and Volgograd.",1
"Exactly 1 of the following cities are in India and exactly 1 are in Russia: Mexicali, Cuttack, Wuwei, Voronezh, Bucharest, and Wroclaw.",1
"Exactly 2 of the following cities are in Mexico and exactly 1 are in China: Homyel', Shantou, Grosszschocher, Kano, Sao Jose dos Campos, and Coyoacan.",0
"Exactly 1 of the following cities are in Saudi Arabia and exactly 2 are in Japan: Fortaleza, Hiroshima, Putian, Vladivostok, Jeddah, and Changshu.",0
"Exactly 1 of the following cities are in Ukraine and exactly 1 are in China: Minsk, Cape Town, Yunfu, Bogor, Tyumen, and Zaporizhzhya.",1
"Exactly 1 of the following cities are in Bangladesh and exactly 2 are in Azerbaijan: Khulna, Winnipeg, Davao, Khabarovsk, Kunming, and Baku.",0
"Exactly 1 of the following cities are in Argentina and exactly 2 are in India: Mar del Plata, Kampung Baru Subang, Aracaju, Hamadan, Warangal, and Bikaner.",1
"Exactly 3 of the following cities are in China and exactly 1 are in Mali: Copenhagen, Chelyabinsk, Chongqing, Xuanzhou, Bamako, and Zhuzhou.",1
"Exactly 1 of the following cities are in Egypt and exactly 2 are in China: Barranquilla, Linyi, Santa Maria Chimalhuacan, Feira de Santana, Yangquan, and Al Mahallah al Kubra.",1
"Exactly 1 of the following cities are in Brazil and exactly 2 are in China: Goiania, Najafgarh, Linyi, Novokuznetsk, Jeonju, and Hangzhou.",1
"Exactly 1 of the following cities are in India and exactly 2 are in Germany: Frankfurt am Main, New South Memphis, Taiz, Baku, Bhavnagar, and Kleinzschocher.",1
"Exactly 2 of the following cities are in China and exactly 1 are in India: Urumqi, Lome, Al Hudaydah, Shenyang, Rohini, and Balikpapan.",1
"Exactly 1 of the following cities are in Indonesia and exactly 3 are in India: Florianopolis, Makassar, Guilin, Erode, Bishkek, and Marseille.",0
"Exactly 3 of the following cities are in Côte d'Ivoire and exactly 1 are in Japan: Xiangtan, Longyan, Ulan Bator, New York City, Bouake, and Sapporo.",0
"Exactly 2 of the following cities are in South Korea and exactly 1 are in India: Siping, Shijiazhuang, Daegu, Yunfu, Bokaro, and Managua.",0
"Exactly 2 of the following cities are in China and exactly 1 are in Myanmar: Wenzhou, Sangli, Yangon, Kryvyy Rih, Macapa, and Wanning.",1
"Exactly 1 of the following cities are in India and exactly 1 are in Canada: Da Nang, Tebessa, Narela, Rohini, Quebec, and Pretoria.",0
"Exactly 1 of the following cities are in India and exactly 2 are in China: Bhavnagar, Hangzhou, Pretoria, Casablanca, Tonghua, and Juiz de Fora.",1
"Exactly 2 of the following cities are in China and exactly 1 are in Kazakhstan: Samarkand, Diyarbakir, Zhangjiakou, Shymkent, Kawaguchi, and Korla.",1
"Exactly 3 of the following cities are in Brazil and exactly 1 are in India: Fortaleza, Bengaluru, Al Ain City, Zhengzhou, Casablanca, and Zhangjiagang.",0
"Exactly 1 of the following cities are in Iran and exactly 2 are in Turkey: Contagem, Qom, Dhanbad, General Santos, Sofia, and Kayseri.",0
"Exactly 1 of the following cities are in Bosnia and Herzegovina and exactly 1 are in China: Zhuzhou, Marseille, Palembang, Uberlandia, Maoming, and Sarajevo.",0
"Exactly 2 of the following cities are in China and exactly 1 are in Kazakhstan: Fort Worth, Rawalpindi, Aktobe, Guangzhou, Sangli, and Siping.",1
"Exactly 2 of the following cities are in Brazil and exactly 1 are in India: Rohini, Mar del Plata, Brasilia, Antalya, Johannesburg, and Diyarbakir.",0
"Exactly 2 of the following cities are in Moldova and exactly 1 are in Venezuela: Maracaibo, Duque de Caxias, Langfang, E'zhou, Puning, and Chisinau.",0
"Exactly 1 of the following cities are in Poland and exactly 2 are in Iraq: Baoji, Urumqi, Poznan, Anqing, Abu Ghurayb, and Sanya.",0
"Exactly 1 of the following cities are in Japan and exactly 2 are in China: Macapa, Guiyang, Okayama, Abidjan, Jaipur, and Yingkou.",1
"Exactly 2 of the following cities are in India and exactly 1 are in Ukraine: Kolhapur, Soweto, Thane, Kryvyy Rih, Grosszschocher, and Ufa.",1
"Exactly 3 of the following cities are in Pakistan and exactly 1 are in Romania: Quito, Comilla, Battagram, Orenburg, Wenzhou, and Bucharest.",0
"Exactly 2 of the following cities are in Yemen and exactly 3 are in Pakistan: Callao, Shiraz, Bahawalpur, Naucalpan de Juarez, Mukalla, and Xuzhou.",0
"Exactly 1 of the following cities are in Russia and exactly 2 are in China: Korla, Kumasi, Saint Petersburg, Dushanbe, Kirkuk, and Shijiazhuang.",1
"Exactly 2 of the following cities are in India and exactly 1 are in Ukraine: Maracaibo, Nowrangapur, Bengaluru, Odesa, Krakow, and Tehran.",1
"Exactly 3 of the following cities are in China and exactly 1 are in Brazil: Dar es Salaam, Yichang, Macapa, Huzhou, Mexicali, and Chaozhou.",1
"Exactly 1 of the following cities are in the Philippines and exactly 3 are in South Korea: Fortaleza, Yerevan, Mysore, Taguig, Incheon, and New Kingston.",0
"Exactly 1 of the following cities are in Mexico and exactly 2 are in Turkey: Gujranwala, Rahim Yar Khan, Torreon, Esenler, Malacca, and San Pedro Sula.",0
"Exactly 2 of the following cities are in China and exactly 1 are in the United States: Kayseri, The Bronx, Batam, Seongnam-si, Zhuzhou, and Zibo.",1
"Exactly 2 of the following cities are in Japan and exactly 1 are in Uganda: Kumamoto, Panshan, Johannesburg, Kampala, Batam, and N'Djamena.",0
"Exactly 3 of the following cities are in China and exactly 1 are in India: Tangshan, Tianjin, Jeonju, Shah Alam, Vadodara, and Wanxian.",1
"Exactly 2 of the following cities are in Morocco and exactly 1 are in Germany: Nuernberg, Ha'il, Agadir, Zapopan, Hanoi, and Maracay.",0
"Exactly 3 of the following cities are in Iraq and exactly 1 are in Malaysia: Mexico City, Tonghua, Tashkent, Siliguri, Petaling Jaya, and Sulaymaniyah.",0
"Exactly 2 of the following cities are in Pakistan and exactly 1 are in Mexico: Fushun, Ecatepec de Morelos, Queens, Pietermaritzburg, Faisalabad, and The Bronx.",0
"Exactly 2 of the following cities are in India and exactly 1 are in Brazil: Erzurum, Kolhapur, Macapa, Jilin, Ansan-si, and Dhanbad.",1
"Exactly 2 of the following cities are in China and exactly 1 are in Germany: Hachioji, Duesseldorf, Bokaro, Yichang, Xiangtan, and Novosibirsk.",1
"Exactly 1 of the following cities are in India and exactly 3 are in Thailand: Ilorin, Weifang, Caracas, Kuala Lumpur, Bangkok, and Nowrangapur.",0
"Exactly 2 of the following cities are in China and exactly 2 are in India: Solapur, Narela, Shangyu, Tomsk, Zaozhuang, and Tehran.",1
"Exactly 1 of the following cities are in Iraq and exactly 1 are in Mexico: Santa Maria Chimalhuacan, Poznan, Kitakyushu, Bahawalpur, Abu Ghurayb, and Victoria de Durango.",0
"Exactly 2 of the following cities are in China and exactly 1 are in Canada: Samarkand, Mississauga, Dongying, Nyala, Xuchang, and Isfahan.",1
"Exactly 1 of the following cities are in Bangladesh and exactly 2 are in Morocco: Leon de los Aldama, Maracay, Rajshahi, Chenzhou, Fes, and Wuzhou.",0
"Exactly 2 of the following cities are in India and exactly 2 are in China: Kallakurichi, Cheongju-si, Fuxin, Ouagadougou, Vadodara, and Kashgar.",1
"Exactly 1 of the following cities are in Jordan and exactly 2 are in China: Harbin, Shaoxing, Lome, Shijiazhuang, Dombivli, and Amman.",0
"Exactly 2 of the following cities are in India and exactly 1 are in Russia: Barranquilla, Guiyang, Varanasi, Prayagraj, Malacca, and Penza.",1
"Exactly 2 of the following cities are in China and exactly 1 are in Turkey: Linyi, Shenyang, Ahvaz, Sao Jose dos Campos, Izmir, and Asyut.",1
"Exactly 1 of the following cities are in Indonesia and exactly 2 are in Australia: Gold Coast, Serang, Istanbul, Daegu, Zhangjiakou, and Seongnam-si.",0
"Exactly 2 of the following cities are in Turkey and exactly 1 are in Russia: Tolyatti, Karaj, Yongzhou, Bahcelievler, Gaziantep, and Enugu.",1
"Exactly 1 of the following cities are in Turkey and exactly 2 are in China: Bagcilar, Changde, Aparecida de Goiania, Tangier, Xining, and Arak.",1
"Exactly 3 of the following cities are in China and exactly 1 are in India: Mandalay, Shantou, Qinhuangdao, Zhanjiang, Cuttack, and Jaboatao.",1
"Exactly 1 of the following cities are in South Korea and exactly 2 are in Nigeria: Daegu, E'zhou, Homs, Bahcelievler, Onitsha, and Contagem.",0
"Exactly 1 of the following cities are in Morocco and exactly 2 are in Venezuela: Maracaibo, Irbid, Sarajevo, Barquisimeto, Agadir, and Bangkok.",1
"Exactly 1 of the following cities are in Nigeria and exactly 4 are in China: Ulsan, Wanning, Guangyuan, Wuwei, Huizhou, and Zaria.",1
"Exactly 1 of the following cities are in Malaysia and exactly 2 are in Bangladesh: Ranchi, Samarkand, Kallakurichi, Kuala Lumpur, Comilla, and Yibin.",0
"Exactly 1 of the following cities are in India and exactly 2 are in Iran: Vadodara, Ulsan, Sanmenxia, Yunfu, Quito, and Zahedan.",0
"Exactly 1 of the following cities are in Brazil and exactly 3 are in Sudan: Cancun, Semarang, Joao Pessoa, Kumamoto, Omdurman, and Guarulhos.",0
"Exactly 1 of the following cities are in Brazil and exactly 4 are in Peru: Jakarta, Teresina, Tiruppur, Amman, Torreon, and Callao.",0
"Exactly 1 of the following cities are in Poland and exactly 2 are in India: Durban, Kemerovo, Tucson, Sambhaji Nagar, Sargodha, and Wroclaw.",0
"Exactly 2 of the following cities are in Russia and exactly 1 are in North Korea: Hamhung, Makhachkala, Novokuznetsk, Baotou, Jiamusi, and Pingdingshan.",1
"Exactly 1 of the following cities are in Jamaica and exactly 3 are in Pakistan: Huzhou, Klang, Niigata, Yichang, New Kingston, and Multan.",0
"Exactly 3 of the following cities are in the United States and exactly 1 are in Poland: Winnipeg, Milwaukee, Siliguri, Poznan, Cimahi, and Kalininskiy.",0
"Exactly 3 of the following cities are in China and exactly 1 are in Turkey: New South Memphis, Bengbu, Huangshi, Quito, Ya'an, and Bursa.",1
"Exactly 1 of the following cities are in Malaysia and exactly 2 are in China: Ludhiana, Ipoh, Callao, Cankaya, Yunfu, and Kolhapur.",0
"Exactly 4 of the following cities are in China and exactly 1 are in Iran: Qom, Neijiang, Hebi, Zhaotong, Daqing, and Santiago de Cuba.",1
"Exactly 2 of the following cities are in Japan and exactly 1 are in Russia: San Luis Potosi, Novosibirsk, Ipoh, Wenzhou, Sendai, and Batam.",0
"Exactly 1 of the following cities are in Japan and exactly 3 are in Mexico: Mexicali, Busan, Warangal, Shizuoka, Maputo, and Santiago de los Caballeros.",0
"Exactly 1 of the following cities are in Ukraine and exactly 2 are in India: Wenzhou, Tianjin, Solapur, Kyiv, Sangli, and Tangshan.",1
"Exactly 3 of the following cities are in Russia and exactly 1 are in China: Hiroshima, Caloocan City, Vladivostok, Tyumen, Yaroslavl, and Puning.",1
"Exactly 2 of the following cities are in China and exactly 1 are in Germany: Narela, Sanming, Santiago de los Caballeros, Chenzhou, Jalandhar, and Duesseldorf.",1
"Exactly 1 of the following cities are in Jordan and exactly 2 are in Zimbabwe: Guatemala City, Sharjah, Jiangyin, Muscat, Harare, and Irbid.",0
"Exactly 1 of the following cities are in Nicaragua and exactly 3 are in China: Huzhou, Changchun, Jambi City, Jaboatao, Managua, and Neijiang.",1
"Exactly 2 of the following cities are in Iran and exactly 2 are in Brazil: Quzhou, Petaling Jaya, Xianning, Kahriz, Yekaterinburg, and Porto Velho.",0
"Exactly 2 of the following cities are in China and exactly 1 are in Indonesia: Makassar, Ebute Ikorodu, Zaozhuang, Xinyang, Chiclayo, and Baku.",1
"Exactly 1 of the following cities are in China and exactly 1 are in India: Ulhasnagar, Dortmund, Cuttack, Yiwu, Sendai, and Zhumadian.",0
"Exactly 1 of the following cities are in Bangladesh and exactly 2 are in Russia: Pimpri, Theni, Taicang, Barnaul, Khulna, and Serang.",0
"Exactly 2 of the following cities are in China and exactly 2 are in India: Pimpri, Naucalpan de Juarez, Tokyo, Shangyu, Nanded, and Hanzhong.",1
"Exactly 2 of the following cities are in China and exactly 2 are in Mexico: Ciudad Juarez, Ecatepec de Morelos, Guangyuan, Nanning, Tegucigalpa, and Amman.",1
"Exactly 2 of the following cities are in the United States and exactly 1 are in India: Peshawar, Antalya, Goyang-si, Fort Worth, Narela, and Cankaya.",0
"Exactly 1 of the following cities are in Sweden and exactly 3 are in Colombia: Ulsan, Sanming, Barranquilla, Baku, Goeteborg, and The Bronx.",0
"Exactly 1 of the following cities are in Belgium and exactly 3 are in Saudi Arabia: Buraydah, Antwerpen, Semarang, Pingdingshan, Aracaju, and Kandahar.",0
"Exactly 1 of the following cities are in China and exactly 3 are in Venezuela: Ma'anshan, Maturin, Dar es Salaam, Frankfurt am Main, Sulaymaniyah, and Goeteborg.",0
"Exactly 1 of the following cities are in Russia and exactly 2 are in China: Managua, Herat, Guilin, Izhevsk, Lusaka, and Kunming.",1
"Exactly 1 of the following cities are in India and exactly 2 are in the United States: Detroit, Chennai, Lviv, Cangzhou, Busan, and Kobe.",0
"Exactly 2 of the following cities are in India and exactly 2 are in Pakistan: Chiclayo, Jos, Gujranwala, Hangzhou, Nowrangapur, and Wenzhou.",0
"Exactly 1 of the following cities are in Mexico and exactly 2 are in the Democratic Republic of the Congo: Lusaka, Cuiaba, Santa Maria Chimalhuacan, Bujumbura, Cape Town, and Kinshasa.",0
"Exactly 3 of the following cities are in China and exactly 1 are in Mexico: Zhumadian, Khabarovsk Vtoroy, Iztapalapa, Kampung Baru Subang, Giza, and Nanjing.",0
"Exactly 3 of the following cities are in Ethiopia and exactly 1 are in Malaysia: Addis Ababa, Semarang, Hefei, Malacca, Korla, and Chenzhou.",0
"Exactly 1 of the following cities are in Russia and exactly 2 are in China: Guangyuan, Xingtai, Zarqa, San Miguel de Tucuman, Balikpapan, and Perm.",1
"Exactly 1 of the following cities are in China and exactly 3 are in India: Guwahati, Bareilly, Puducherry, Daejeon, Tucson, and Xianning.",1
"Exactly 2 of the following cities are in China and exactly 1 are in Indonesia: Kota Kinabalu, Ciudad Nezahualcoyotl, Abuja, Qiqihar, Quzhou, and Jambi City.",1
"Exactly 1 of the following cities are in Japan and exactly 3 are in China: Krasnodar, Sanya, Bangkok, Heze, Xinyang, and Kitakyushu.",1
"Exactly 2 of the following cities are in South Korea and exactly 2 are in China: Handan, Vilnius, Changwon, Ziyang, Ulan Bator, and Cheonan.",1
"Exactly 2 of the following cities are in China and exactly 3 are in Vietnam: Asansol, Huzhou, Tembisa, Daegu, Kinshasa, and Haiphong.",0
"Exactly 1 of the following cities are in Egypt and exactly 1 are in Zambia: Rostov-na-Donu, Al Fayyum, Lusaka, Tangerang, Krasnodar, and Suez.",0
"Exactly 1 of the following cities are in Japan and exactly 3 are in Russia: Ulsan, Shizuoka, Qingdao, Tehran, Volgograd, and Milwaukee.",0
"Exactly 1 of the following cities are in China and exactly 1 are in Turkey: Qingdao, Meerut, Daqing, Antalya, Asuncion, and Faridabad.",0
"Exactly 1 of the following cities are in Honduras and exactly 2 are in South Korea: Tegucigalpa, Contagem, Baise, Goyang-si, Huaihua, and Bayannur.",0
"Exactly 3 of the following cities are in China and exactly 1 are in India: Shangyu, Indore, Tehran, Kano, Liuzhou, and Hangzhou.",1
"Exactly 3 of the following cities are in India and exactly 1 are in Malaysia: Petaling Jaya, Bhavnagar, Reynosa, Kyiv, Callao, and Shuangyashan.",0
"Exactly 1 of the following cities are in South Korea and exactly 3 are in China: Suez, Onitsha, Hwaseong-si, Zhanjiang, Xining, and Baotou.",1
"Exactly 3 of the following cities are in China and exactly 1 are in Mexico: Bucaramanga, Anqing, Baotou, Naucalpan de Juarez, Conakry, and Wuzhou.",1
"Exactly 1 of the following cities are in Iran and exactly 3 are in China: Cangzhou, Karaj, Goyang-si, Chaozhou, Hiroshima, and Laibin.",1
"Exactly 1 of the following cities are in Brazil and exactly 3 are in China: Koeln, Joao Pessoa, Bien Hoa, Tianshui, Quzhou, and Chizhou.",1
"Exactly 1 of the following cities are in Saudi Arabia and exactly 2 are in China: Campos dos Goytacazes, Yangquan, Najran, Kandahar, Ningbo, and Khabarovsk.",1
"Exactly 1 of the following cities are in Russia and exactly 2 are in India: Tiruppur, Konya, Yaroslavl, Solapur, Cankaya, and Kharkiv.",1
"Exactly 3 of the following cities are in China and exactly 1 are in Gabon: Libreville, Shangyu, Sambhaji Nagar, Shanghai, Guiyang, and Ipoh.",1
"Exactly 1 of the following cities are in Russia and exactly 2 are in India: Kalininskiy, Jiangmen, Guilin, Dehra Dun, Port-au-Prince, and Solapur.",1
"Exactly 3 of the following cities are in China and exactly 1 are in Brazil: Conakry, Baotou, Jingmen, Curitiba, Shenzhen, and Aguascalientes.",1
"Exactly 1 of the following cities are in Ukraine and exactly 2 are in Mexico: Bogor, Ulyanovsk, Kyiv, Binzhou, Hwaseong-si, and Cancun.",0
"Exactly 2 of the following cities are in Nigeria and exactly 2 are in India: Kalyan, Ibadan, Nowrangapur, Chengdu, Sokoto, and Palembang.",1
"Exactly 2 of the following cities are in Saudi Arabia and exactly 2 are in the Democratic Republic of the Congo: Pyongyang, Ta'if, Shanghai, Fes, Lubumbashi, and Rui'an.",0
"Exactly 1 of the following cities are in Moldova and exactly 2 are in China: Casablanca, Qinhuangdao, Meerut, Chisinau, Nova Iguacu, and Weihai.",1
"Exactly 1 of the following cities are in the Philippines and exactly 3 are in India: Jiaozhou, Naberezhnyye Chelny, Jabalpur, Bhubaneswar, Nagpur, and Paranaque City.",1
"Exactly 2 of the following cities are in China and exactly 1 are in the United Arab Emirates: Neijiang, Sharjah, Tlalpan, Al Mahallah al Kubra, Xianning, and Mazar-e Sharif.",1
"Exactly 1 of the following cities are in Jamaica and exactly 2 are in China: Huaibei, Mombasa, Ufa, Asyut, Bilimora, and New Kingston.",0
"Exactly 3 of the following cities are in Iraq and exactly 1 are in India: Hegang, Aleppo, Rohini, Kirkuk, Suqian, and Muscat.",0
"Exactly 1 of the following cities are in the Philippines and exactly 2 are in the United Arab Emirates: Benin City, Chuzhou, Xianyang, The Bronx, Cebu City, and Abu Dhabi.",0
"Exactly 1 of the following cities are in Mexico and exactly 1 are in Germany: Beirut, Luohe, Baoji, Leipzig, Santiago de Cuba, and Santa Maria Chimalhuacan.",1
"Exactly 1 of the following cities are in Pakistan and exactly 2 are in Sudan: Omdurman, Mississauga, Joao Pessoa, Samarkand, Krasnoyarsk, and Islamabad.",0
"Exactly 1 of the following cities are in Russia and exactly 3 are in China: Shangluo, Baotou, Voronezh, Aracaju, Nouakchott, and Harbin.",1
"Exactly 1 of the following cities are in China and exactly 2 are in Turkey: Guigang, Homyel', Changde, Kaduna, Gaziantep, and Huaibei.",0
"Exactly 1 of the following cities are in Turkey and exactly 5 are in China: Tangshan, Ordos, Eskisehir, Yinchuan, Suqian, and Deyang.",1
"Exactly 3 of the following cities are in Nigeria and exactly 1 are in China: Queens, Kayseri, Xiaogan, Warri, Kashgar, and Pingliang.",0
"Exactly 1 of the following cities are in Russia and exactly 4 are in China: Cheonan, Rostov-na-Donu, Laiwu, Maoming, Chizhou, and Binzhou.",1
"Exactly 3 of the following cities are in China and exactly 1 are in Iran: Guangzhou, Ahvaz, Malang, Wanxian, Antalya, and Zhanjiang.",1
"Exactly 1 of the following cities are in China and exactly 2 are in Madagascar: Qingdao, Dar es Salaam, Antananarivo, Shangluo, Fuxin, and Chicago.",0
"Exactly 3 of the following cities are in the United Arab Emirates and exactly 1 are in Indonesia: Ma'anshan, Minsk, Xiangtan, Chuzhou, South Tangerang, and Dubai.",0
"Exactly 1 of the following cities are in Brazil and exactly 3 are in India: Kobe, Bhiwandi, Kallakurichi, Cuiaba, Ningbo, and Jaipur.",1
"Exactly 2 of the following cities are in Turkey and exactly 2 are in China: Puning, Antalya, Khartoum, Diyarbakir, Weinan, and Nizhniy Novgorod.",1
"Exactly 2 of the following cities are in India and exactly 1 are in Russia: Tomsk, Erode, Guarulhos, Lahore, Ranchi, and Hegang.",1
"Exactly 2 of the following cities are in China and exactly 2 are in Russia: Yekaterinburg, Anqing, Perm, Bandar Lampung, Bujumbura, and Qiqihar.",1
"Exactly 2 of the following cities are in Jordan and exactly 1 are in Brazil: Ganzhou, Yingkou, Maceio, Ahmedabad, Zarqa, and Zigong.",0
"Exactly 3 of the following cities are in China and exactly 1 are in Egypt: Douala, Suez, Shymkent, Deyang, Nizhniy Novgorod, and Hubli.",0
"Exactly 2 of the following cities are in South Korea and exactly 2 are in China: Hengyang, Kimhae, Ulan Bator, Suqian, Sambhaji Nagar, and Nizhniy Novgorod.",0
"Exactly 3 of the following cities are in China and exactly 1 are in South Africa: Tembisa, Qionghai, Baotou, Niigata, Kaduna, and Baise.",1
"Exactly 2 of the following cities are in China and exactly 1 are in Egypt: Kota Kinabalu, Batam, Al Mahallah al Kubra, Barquisimeto, Guangzhou, and Ganzhou.",1
"Exactly 1 of the following cities are in Brazil and exactly 2 are in Turkey: Diyarbakir, Aparecida de Goiania, Tyumen, Mysore, Ranchi, and Bagcilar.",1
"Exactly 2 of the following cities are in Mozambique and exactly 1 are in Turkey: Nampula, Munich, Jeonju, Ankara, Malang, and Amman.",0
"Exactly 1 of the following cities are in China and exactly 1 are in Mexico: Anyang-si, Shangrao, Leon de los Aldama, Ghaziabad, Dongying, and Xinyang.",0
"Exactly 2 of the following cities are in India and exactly 1 are in Mexico: Puente Alto, Karol Bagh, Ganzhou, Amravati, Ecatepec de Morelos, and Kawaguchi.",1
"Exactly 4 of the following cities are in China and exactly 1 are in Colombia: Barranquilla, Wenzhou, Jiangmen, Changshu, Baise, and Arak.",1
"Exactly 1 of the following cities are in Nigeria and exactly 2 are in Morocco: Homs, Yaounde, Ahmedabad, Fes, Bauchi, and Dammam.",0
"Exactly 1 of the following cities are in China and exactly 2 are in the United States: Meknes, Haiphong, New South Memphis, Zhangye, The Bronx, and Kirkuk.",1
"Exactly 1 of the following cities are in China and exactly 2 are in Jordan: Bucaramanga, Abu Dhabi, Najran, Shenzhen, Abuja, and Amman.",0
"Exactly 1 of the following cities are in the Philippines and exactly 3 are in India: Las Pinas, Karaj, Longyan, Saitama, Bhopal, and Yangquan.",0
"Exactly 1 of the following cities are in China and exactly 3 are in Mexico: Bucheon-si, Anqing, Port Said, Tegucigalpa, Florianopolis, and Naucalpan de Juarez.",0
"Exactly 1 of the following cities are in Honduras and exactly 4 are in Yemen: Esenler, Sanming, Taiz, Shaoxing, San Pedro Sula, and Pietermaritzburg.",0
"Exactly 3 of the following cities are in China and exactly 1 are in India: Xianning, Yiwu, Surat, Nanjing, Uberlandia, and Oyo.",1
"Exactly 1 of the following cities are in Nigeria and exactly 2 are in China: Davao, Benin City, Quzhou, Liaocheng, Orenburg, and Namangan.",1
"Exactly 3 of the following cities are in China and exactly 1 are in Pakistan: Qinzhou, Vilnius, Chizhou, Shivaji Nagar, Cangzhou, and Quetta.",1
"Exactly 2 of the following cities are in China and exactly 2 are in Turkey: Kitakyushu, Ufa, Pingdingshan, Jilin, Bagcilar, and Izmir.",1
"Exactly 1 of the following cities are in Indonesia and exactly 4 are in China: Rui'an, Guangyuan, Luzhou, Binzhou, Makassar, and Narela.",1
"Exactly 2 of the following cities are in Malaysia and exactly 1 are in the Democratic Republic of the Congo: Coimbatore, Joao Pessoa, Mbuji-Mayi, Campos dos Goytacazes, E'zhou, and Kuantan.",0
"Exactly 1 of the following cities are in China and exactly 1 are in the United Arab Emirates: Ebute Ikorodu, Qom, Rui'an, Zigong, Dubai, and Weihai.",0
"Exactly 1 of the following cities are in Bangladesh and exactly 2 are in Pakistan: Krakow, Kolhapur, Santiago de los Caballeros, Muzaffarabad, Rajshahi, and Bahawalpur.",1
"Exactly 1 of the following cities are in India and exactly 3 are in South Africa: Serang, Soweto, Thuan An, Hannover, Mysore, and Yiwu.",0
"Exactly 3 of the following cities are in Bangladesh and exactly 1 are in Pakistan: Krakow, Kolhapur, Santiago de los Caballeros, Muzaffarabad, Rajshahi, and Bahawalpur.",0
"Exactly 2 of the following cities are in China and exactly 1 are in India: Anyang, Albuquerque, Cochin, Rangpur, Mar del Plata, and Zaria.",0
"Exactly 1 of the following cities are in South Africa and exactly 3 are in the United Arab Emirates: Cape Town, Marseille, Abu Dhabi, Belo Horizonte, New Kingston, and Zaozhuang.",0
"Exactly 2 of the following cities are in China and exactly 1 are in South Africa: Aracaju, Malatya, Nyala, Pretoria, Nanning, and Bengaluru.",0
"Exactly 3 of the following cities are in China and exactly 1 are in Jordan: Enugu, Jiangmen, Zarqa, Kimhae, Shantou, and Benin City.",0
"Exactly 1 of the following cities are in India and exactly 3 are in South Korea: Hohhot, Xuanzhou, Aligarh, Novosibirsk, Ansan-si, and Abeokuta.",0
"Exactly 1 of the following cities are in Germany and exactly 2 are in China: Cebu City, Kleinzschocher, Weihai, Fukuoka, Libreville, and Irkutsk.",0
"Exactly 1 of the following cities are in Iran and exactly 2 are in China: Zhaotong, Novokuznetsk, Odesa, Orumiyeh, Zhumadian, and Zarqa.",1
"Exactly 2 of the following cities are in India and exactly 1 are in the Philippines: Rajkot, Bikaner, Arequipa, Makati City, Douala, and Hezhou.",1
"Exactly 3 of the following cities are in China and exactly 1 are in Mexico: Xianyang, Iztapalapa, Ajmer, Yingkou, Xinyang, and Shiraz.",1
"Exactly 1 of the following cities are in Paraguay and exactly 1 are in Iran: Lianyungang, Kashgar, Shiraz, Asuncion, Wuhan, and Lusaka.",1
"Exactly 1 of the following cities are in Mozambique and exactly 3 are in Pakistan: Matsuyama, Beira, Sargodha, Queens, Kyoto, and Shijiazhuang.",0
"Exactly 1 of the following cities are in Brazil and exactly 2 are in China: Rawalpindi, Teresina, Chuzhou, Islamabad, Linyi, and Benoni.",1
"Exactly 1 of the following cities are in Germany and exactly 3 are in Indonesia: Nuernberg, South Tangerang, Guang'an, Lianyungang, Suez, and Kolhapur.",0
"Exactly 1 of the following cities are in the United Arab Emirates and exactly 2 are in China: Yekaterinburg, Sharjah, Yingkou, Bikaner, Indianapolis, and Antananarivo.",0
"Exactly 3 of the following cities are in India and exactly 1 are in Germany: Kryvyy Rih, Jingmen, Taiz, Frankfurt am Main, Kumasi, and Sangli.",0
"Exactly 1 of the following cities are in the United States and exactly 2 are in the Philippines: The Bronx, Ouagadougou, Karol Bagh, Marrakesh, Cebu City, and Makassar.",0
"Exactly 2 of the following cities are in Saudi Arabia and exactly 1 are in India: Goyang-si, Moradabad, Duesseldorf, Heze, Homs, and Jeddah.",0
"Exactly 1 of the following cities are in China and exactly 1 are in India: Chuzhou, Jaboatao dos Guararapes, Dehra Dun, Shantou, Kanayannur, and Kozhikode.",0
"Exactly 2 of the following cities are in India and exactly 1 are in the United States: Shizuoka, Queens, Nowrangapur, Ghaziabad, Guankou, and Chaozhou.",1
"Exactly 1 of the following cities are in Indonesia and exactly 2 are in Brazil: Porto Velho, Shizuoka, Luohe, Uberlandia, Denpasar, and Krakow.",1
"Exactly 1 of the following cities are in India and exactly 1 are in China: Xingtai, Rourkela, Sendai, Hamamatsu, Homs, and Amravati.",0
"Exactly 2 of the following cities are in China and exactly 1 are in South Africa: Bhilai, Baoji, Cape Town, Matsuyama, Xianyang, and Ashgabat.",1
"Exactly 1 of the following cities are in Bangladesh and exactly 1 are in Nigeria: Benin City, Zhaoqing, New York City, Hubli, Khulna, and Erode.",1
"Exactly 2 of the following cities are in India and exactly 1 are in Brazil: Guarulhos, Orenburg, Ajmer, Weihai, Rajkot, and Mogadishu.",1
"Exactly 3 of the following cities are in France and exactly 1 are in China: Lyon, Joao Pessoa, Kigali, Zhaotong, Narela, and Orenburg.",0
"Exactly 3 of the following cities are in Japan and exactly 1 are in Egypt: Acapulco de Juarez, Madinat an Nasr, Novosibirsk, Zhangye, Fes, and Nagoya.",0
"Exactly 1 of the following cities are in Nigeria and exactly 2 are in Turkey: Zaria, Zhangzhou, Agadir, Arequipa, Erzurum, and Port-au-Prince.",0
"Exactly 2 of the following cities are in China and exactly 2 are in Turkey: Bahcelievler, Bokaro, Konya, Varanasi, Liaocheng, and Jiaozhou.",1
"Exactly 1 of the following cities are in the United States and exactly 2 are in China: Hangzhou, Zhanjiang, Solapur, Albuquerque, Tiruppur, and Ufa.",1
"Exactly 1 of the following cities are in China and exactly 3 are in Brazil: Linyi, Bangkok, Sharjah, Benxi, Campos dos Goytacazes, and Dortmund.",0
"Exactly 1 of the following cities are in Russia and exactly 2 are in China: Quezon City, Penza, Ciudad Juarez, Jiamusi, Zibo, and Goyang-si.",1
"Exactly 2 of the following cities are in India and exactly 1 are in China: Penza, Nowrangapur, Fushun, Lahore, Zhaoqing, and Ilorin.",0
"Exactly 1 of the following cities are in China and exactly 1 are in India: Hubli, Surat, Kimhae, Nanjing, Urumqi, and Volgograd.",0
"Exactly 1 of the following cities are in Russia and exactly 3 are in China: Luancheng, Chaozhou, Feira de Santana, Nasiriyah, Saratov, and Nanning.",1
"Exactly 1 of the following cities are in Pakistan and exactly 2 are in Algeria: Oyo, Boumerdes, Islamabad, Suining, Bloemfontein, and Mbuji-Mayi.",0
"Exactly 2 of the following cities are in China and exactly 1 are in Brazil: Qinzhou, Kunming, Curitiba, New South Memphis, Haiphong, and Cankaya.",1
"Exactly 2 of the following cities are in Mexico and exactly 1 are in China: Kandahar, Grosszschocher, Cebu City, Leon de los Aldama, Lanzhou, and Lahore.",0
"Exactly 2 of the following cities are in India and exactly 1 are in Nigeria: Seongnam-si, Okayama, Maiduguri, Sulaymaniyah, Jiangmen, and Warangal.",0
"Exactly 1 of the following cities are in Yemen and exactly 2 are in Pakistan: Gujranwala, Lviv, Novosibirsk, Aden, Yingkou, and Jiaxing.",0
"Exactly 1 of the following cities are in Iran and exactly 1 are in India: Mersin, Chennai, Sao Paulo, Tabriz, Pietermaritzburg, and Al Ain City.",1
"Exactly 2 of the following cities are in China and exactly 1 are in Mexico: Leon de los Aldama, Ganzhou, Shantou, Bursa, Bagcilar, and Bekasi.",1
"Exactly 1 of the following cities are in China and exactly 1 are in Iraq: Basrah, Kaifeng, Nairobi, Uberlandia, Guankou, and Baghdad.",0
"Exactly 3 of the following cities are in South Korea and exactly 1 are in China: Kimhae, Hamadan, Chizhou, Douala, Shymkent, and Hengyang.",0
"Exactly 2 of the following cities are in Brazil and exactly 1 are in Syria: Yangon, Zhanjiang, Londrina, Zhangjiagang, Aleppo, and Nova Iguacu.",1
"Exactly 1 of the following cities are in North Korea and exactly 3 are in India: Zhaotong, Hengyang, Ludhiana, Suqian, Aparecida de Goiania, and Pyongyang.",0
"Exactly 2 of the following cities are in Ukraine and exactly 1 are in the United Arab Emirates: Chizhou, Kharkiv, Abu Dhabi, Mudanjiang, Jiujiang, and Kyiv.",1
"Exactly 3 of the following cities are in Russia and exactly 1 are in Nigeria: Makhachkala, Kaduna, San Luis Potosi, Mysore, Wanning, and Quebec.",0
"Exactly 1 of the following cities are in India and exactly 3 are in China: Sao Bernardo do Campo, Xiaogan, Kathmandu, Qujing, Tianjin, and Sambhaji Nagar.",1
"Exactly 1 of the following cities are in China and exactly 1 are in Turkey: Bahcelievler, Yongzhou, Chandigarh, Ho Chi Minh City, Zibo, and Qiqihar.",0
"Exactly 3 of the following cities are in India and exactly 1 are in Russia: Rajkot, Bengaluru, Lahore, Tolyatti, Hohhot, and Amravati.",1
"Exactly 1 of the following cities are in the Democratic Republic of the Congo and exactly 2 are in India: Tucson, Mbuji-Mayi, Lahore, Teresina, Bhopal, and Zhangjiakou.",0
"Exactly 1 of the following cities are in China and exactly 3 are in Saudi Arabia: Guigang, Buraydah, Fukuoka, Kotli, Jiaozhou, and Bujumbura.",0
"Exactly 1 of the following cities are in the Republic of the Congo and exactly 2 are in China: Stockholm, Brazzaville, Jiamusi, Goiania, Liuzhou, and Solapur.",1
"Exactly 1 of the following cities are in Bangladesh and exactly 2 are in Yemen: Jiamusi, Namangan, Comilla, Sao Bernardo do Campo, Aktobe, and Taiz.",0
"Exactly 2 of the following cities are in Vietnam and exactly 1 are in Kyrgyzstan: Niigata, Da Nang, Marseille, Beijing, Bishkek, and Cimahi.",0
"Exactly 2 of the following cities are in Argentina and exactly 1 are in China: Chaozhou, Salta, Hanoi, Kryvyy Rih, Suining, and Bamako.",0
"Exactly 1 of the following cities are in Russia and exactly 2 are in Uzbekistan: Tashkent, Dongying, Zhanjiang, Joao Pessoa, Bengaluru, and Tolyatti.",0
"Exactly 1 of the following cities are in India and exactly 1 are in Iraq: Karbala, Nanjing, Jalandhar, Tashkent, Sanming, and Mexicali.",1
"Exactly 1 of the following cities are in the United States and exactly 3 are in China: Shivaji Nagar, Liaocheng, Shizuoka, Huzhou, Chaozhou, and Queens.",1
"Exactly 4 of the following cities are in China and exactly 1 are in Afghanistan: Liupanshui, Neijiang, Herat, Shaoguan, Mukalla, and Huaibei.",1
"Exactly 3 of the following cities are in Malaysia and exactly 1 are in Saudi Arabia: Zaporizhzhya, Abu Dhabi, Kuantan, Najran, Xiaogan, and Erode.",0
"Exactly 3 of the following cities are in China and exactly 1 are in Mexico: Bayannur, Jiaozuo, Langfang, Abobo, Santa Maria Chimalhuacan, and Mosul.",1
"Exactly 2 of the following cities are in Japan and exactly 1 are in Brazil: Zaporizhzhya, Tokyo, Saitama, Manaus, Hefei, and Cochin.",1
"Exactly 3 of the following cities are in Turkey and exactly 1 are in Egypt: Xinyang, Nizhniy Novgorod, Peshawar, Al Mahallah al Kubra, Shubra al Khaymah, and Malatya.",0
"Exactly 1 of the following cities are in Turkey and exactly 3 are in China: Izmir, Brazzaville, Bauchi, Sanming, Guangyuan, and Panshan.",1
"Exactly 1 of the following cities are in Kazakhstan and exactly 1 are in India: Linfen, Zhoushan, Shymkent, Kawaguchi, Port Said, and Puducherry.",1
"Exactly 1 of the following cities are in Iraq and exactly 2 are in Ukraine: Langfang, Bikaner, Campos dos Goytacazes, Mosul, Kolhapur, and Kharkiv.",0
"Exactly 1 of the following cities are in the Democratic Republic of the Congo and exactly 3 are in the Republic of the Congo: Brazzaville, Pasig City, Kigali, Sharjah, Kisangani, and Dombivli.",0
"Exactly 2 of the following cities are in India and exactly 1 are in Egypt: Madinat an Nasr, Gold Coast, Xining, Asansol, Jalandhar, and Arak.",1
"Exactly 3 of the following cities are in China and exactly 1 are in Mexico: Goeteborg, Hanzhong, Namangan, Tonghua, Reynosa, and Tianjin.",1
"Exactly 2 of the following cities are in India and exactly 1 are in Yemen: Maoming, Cucuta, Bareilly, Nanchong, Baotou, and Sanaa.",0
"Exactly 3 of the following cities are in China and exactly 1 are in Russia: Tangshan, Harbin, Busan, Hiroshima, Binzhou, and Novokuznetsk.",1
"Exactly 3 of the following cities are in China and exactly 1 are in Burkina Faso: Bobo-Dioulasso, Antalya, Kunshan, Tijuana, Qiqihar, and Pingliang.",1
"Exactly 1 of the following cities are in Iran and exactly 2 are in South Korea: Seoul, Anshan, Bloemfontein, Isfahan, Siping, and Seongnam-si.",1
"Exactly 1 of the following cities are in South Korea and exactly 2 are in India: Jalandhar, Ciudad Nezahualcoyotl, Al Fayyum, Kolkata, Daejeon, and Dortmund.",1
"Exactly 2 of the following cities are in India and exactly 2 are in China: Ahmedabad, Lviv, Sanya, Ciudad Guayana, Madurai, and Xingtai.",1
"Exactly 1 of the following cities are in Mexico and exactly 1 are in India: Ryazan', Nowrangapur, Torreon, Shivaji Nagar, Soweto, and Anqing.",0
"Exactly 1 of the following cities are in India and exactly 2 are in Nigeria: Queens, Thiruvananthapuram, Ibadan, Florianopolis, Jamshedpur, and Sendai.",0
"Exactly 1 of the following cities are in Japan and exactly 1 are in Ukraine: Weihai, Huangshi, Zhanjiang, Liuzhou, Hamamatsu, and Lviv.",1
"Exactly 1 of the following cities are in Brazil and exactly 2 are in India: Krasnoyarsk, Faisalabad, Solapur, Visakhapatnam, Curitiba, and Kayseri.",1
"Exactly 3 of the following cities are in India and exactly 1 are in Bangladesh: Prayagraj, Hanoi, Comilla, Puducherry, Kalyan, and Sofia.",1
"Exactly 2 of the following cities are in China and exactly 1 are in Burkina Faso: Jaboatao, Osaka, Qom, Ouagadougou, Hangzhou, and Nanchang.",1
"Exactly 3 of the following cities are in China and exactly 1 are in Argentina: Bilimora, San Miguel de Tucuman, Agadir, Binzhou, Mudanjiang, and Guang'an.",1
"Exactly 2 of the following cities are in Cuba and exactly 1 are in Burundi: Santiago de Cuba, Matola, San Pedro Sula, Bujumbura, Isfahan, and Baku.",0
"Exactly 1 of the following cities are in Russia and exactly 3 are in China: Qinhuangdao, Anshun, Xuzhou, Kemerovo, Sao Paulo, and Ansan-si.",1
"Exactly 3 of the following cities are in Colombia and exactly 1 are in the United States: Orumiyeh, Lyon, Kitakyushu, Addis Ababa, Barranquilla, and Milwaukee.",0
"Exactly 1 of the following cities are in Venezuela and exactly 1 are in India: Jamshedpur, Mexico City, Ulhasnagar, Peshawar, Ciudad Guayana, and Suez.",0
"Exactly 1 of the following cities are in Jordan and exactly 3 are in China: Harbin, Shaoxing, Lome, Shijiazhuang, Dombivli, and Amman.",1
"Exactly 2 of the following cities are in China and exactly 1 are in Brazil: Isfahan, Guigang, Bursa, Dombivli, Brasilia, and Yingkou.",1
"Exactly 1 of the following cities are in Mozambique and exactly 3 are in India: Bilimora, Zaria, Krasnoyarsk, Shangrao, Nagpur, and Maputo.",0
"Exactly 2 of the following cities are in Brazil and exactly 3 are in Iran: Uberlandia, Putian, Jalandhar, Kahriz, Jinan, and Asyut.",0
"Exactly 1 of the following cities are in Turkey and exactly 3 are in Iraq: Gaziantep, Changde, Jiangmen, Baghdad, Tonghua, and Managua.",0
"Exactly 3 of the following cities are in the United States and exactly 1 are in China: Chizhou, Kaduna, N'Djamena, The Bronx, Saratov, and Belo Horizonte.",0
"Exactly 1 of the following cities are in Argentina and exactly 2 are in India: Kalyan, Tolyatti, Anshan, San Miguel de Tucuman, Solapur, and Asuncion.",1
"Exactly 2 of the following cities are in Ukraine and exactly 2 are in China: Ebute Ikorodu, Tehran, Harbin, Yaroslavl, Lviv, and Yinchuan.",0
"Exactly 2 of the following cities are in Vietnam and exactly 1 are in Poland: Tomsk, Urumqi, Durban, Maracay, Hanoi, and Lodz.",0
"Exactly 1 of the following cities are in the Philippines and exactly 3 are in Egypt: Caloocan City, Hanoi, Wuzhou, Curitiba, Port Said, and Duque de Caxias.",0
"Exactly 2 of the following cities are in Turkey and exactly 1 are in Algeria: Comilla, Jiaozuo, Porto Alegre, Bursa, Gaziantep, and Algiers.",1
"Exactly 1 of the following cities are in China and exactly 3 are in India: Bagcilar, Hanzhong, Eskisehir, Putian, Najafgarh, and Luohe.",0
"Exactly 1 of the following cities are in the United States and exactly 2 are in China: Aguascalientes, Al Ain City, New South Memphis, Nampula, Yingkou, and Changchun.",1
"Exactly 2 of the following cities are in Russia and exactly 2 are in Morocco: Tyumen, Guankou, Fes, Xuchang, Anqing, and Bouake.",0
"Exactly 4 of the following cities are in India and exactly 1 are in South Korea: Ulsan, Hangzhou, Londrina, Tokyo, Chongqing, and Amritsar.",0
"Exactly 1 of the following cities are in Zambia and exactly 3 are in China: Bandar Lampung, Xuanzhou, Lusaka, Saitama, Weinan, and Shenyang.",1
"Exactly 1 of the following cities are in China and exactly 1 are in Iran: Isfahan, Guangzhou, Harbin, Samarkand, Maputo, and Ecatepec de Morelos.",0
"Exactly 3 of the following cities are in Mexico and exactly 1 are in Japan: Mexico City, Niigata, Dongying, Chattogram, Penza, and Sargodha.",0
"Exactly 1 of the following cities are in South Africa and exactly 1 are in Vietnam: Qingdao, Johannesburg, Surakarta, Ho Chi Minh City, Shantou, and Binzhou.",1
"Exactly 3 of the following cities are in Germany and exactly 1 are in Cambodia: Qionghai, Phnom Penh, Kyoto, Grosszschocher, Yichang, and Calgary.",0
"Exactly 3 of the following cities are in China and exactly 1 are in Cameroon: Ziyang, Bloemfontein, Kolhapur, Mianzhu, Deyang, Sichuan, Suining, and Douala.",1
"Exactly 1 of the following cities are in Indonesia and exactly 3 are in India: Jambi City, Casablanca, Bien Hoa, Lilongwe, Anyang-si, and Bhubaneswar.",0
"Exactly 1 of the following cities are in Belarus and exactly 2 are in India: Zunyi, Saint Petersburg, Homyel', Jabalpur, Kagoshima, and Yaroslavl.",0
"Exactly 2 of the following cities are in Sudan and exactly 1 are in Japan: Giza, Saitama, Erzurum, Liuzhou, Khartoum, and Shijiazhuang.",0
"Exactly 1 of the following cities are in China and exactly 2 are in India: Pimpri, Naucalpan de Juarez, Tokyo, Shangyu, Nanded, and Hanzhong.",0
"Exactly 2 of the following cities are in China and exactly 1 are in Germany: Leipzig, Denpasar, Anshun, Huangshi, Port Said, and Seongnam-si.",1
"Exactly 1 of the following cities are in the United States and exactly 3 are in Bangladesh: Rajshahi, Cuiaba, Juiz de Fora, Indianapolis, Zaporizhzhya, and Korla.",0
"Exactly 1 of the following cities are in Denmark and exactly 3 are in Mexico: Copenhagen, Tlaquepaque, Nouakchott, Zhuzhou, Jakarta, and Astrakhan.",0
"Exactly 3 of the following cities are in Nigeria and exactly 1 are in India: Indianapolis, Vijayawada, Hangzhou, Kahriz, Onitsha, and Malatya.",0
"Exactly 3 of the following cities are in China and exactly 1 are in India: Hamadan, Kryvyy Rih, Jieyang, Bijie, Zhaotong, and Ahmedabad.",1
"Exactly 1 of the following cities are in Yemen and exactly 3 are in China: Guarulhos, Taiz, Hengyang, Budapest, Shanghai, and Linyi.",1
"Exactly 2 of the following cities are in China and exactly 1 are in Mexico: Ciudad Juarez, Ecatepec de Morelos, Guangyuan, Nanning, Tegucigalpa, and Amman.",0
"Exactly 2 of the following cities are in India and exactly 1 are in Nigeria: Jaipur, Krasnodar, Bandar Lampung, Bauchi, Guwahati, and Hengyang.",1
"Exactly 2 of the following cities are in Australia and exactly 1 are in China: Gold Coast, Pontianak, Juiz de Fora, Cape Town, Cotonou, and Yiwu.",0
"Exactly 1 of the following cities are in India and exactly 3 are in Indonesia: Gold Coast, Haiphong, Ecatepec de Morelos, Cuttack, New York City, and Pekanbaru.",0
"Exactly 2 of the following cities are in India and exactly 1 are in China: Xingtai, Rourkela, Sendai, Hamamatsu, Homs, and Amravati.",1
"Exactly 1 of the following cities are in Brazil and exactly 3 are in China: Duque de Caxias, Jilin, Huizhou, Bauchi, Fushun, and Sulaymaniyah.",1
"Exactly 1 of the following cities are in Pakistan and exactly 2 are in China: Faisalabad, Guankou, Yaounde, Kaduna, Ufa, and Lanzhou.",1
"Exactly 2 of the following cities are in Brazil and exactly 1 are in Japan: Sulaymaniyah, Maceio, Krakow, Niigata, Kashgar, and Porto Velho.",1
"Exactly 1 of the following cities are in Sudan and exactly 2 are in China: Shangqiu, Johor Bahru, Tlalpan, Kaifeng, Nyala, and New York City.",1
"Exactly 4 of the following cities are in Ukraine and exactly 1 are in China: Yunfu, Qinhuangdao, Kryvyy Rih, Xianyang, Banjarmasin, and Quzhou.",0
"Exactly 2 of the following cities are in China and exactly 1 are in Brazil: Ansan-si, Contagem, Beijing, Kermanshah, Zhangjiagang, and Bursa.",1
"Exactly 1 of the following cities are in Russia and exactly 1 are in the Philippines: Weihai, Las Pinas, Ulyanovsk, Gold Coast, Cuiaba, and Irbid.",1
"Exactly 1 of the following cities are in Croatia and exactly 2 are in India: Mazar-e Sharif, Ibadan, Riga, Tiruchirappalli, Zagreb, and Pimpri.",1
"Exactly 1 of the following cities are in Argentina and exactly 2 are in China: Dongying, Tlaquepaque, Salta, Tiruchirappalli, Kalyan, and Yichang.",1
"Exactly 3 of the following cities are in China and exactly 1 are in Turkey: Orenburg, Zhaotong, Jiangyin, Zigong, Indore, and Adana.",1
"Exactly 2 of the following cities are in China and exactly 2 are in Brazil: Sorocaba, Petaling Jaya, Harbin, Feira de Santana, Kirkuk, and Hengyang.",1
"Exactly 1 of the following cities are in China and exactly 3 are in Malaysia: Manaus, Kuantan, Aligarh, Xining, Hangzhou, and Sambhaji Nagar.",0
"Exactly 1 of the following cities are in Brazil and exactly 1 are in Vietnam: Can Tho, Kermanshah, Aligarh, Jaboatao, Anshan, and Xinyang.",1
"Exactly 1 of the following cities are in South Africa and exactly 2 are in China: Kobe, Weifang, Tembisa, Pikine, Leon de los Aldama, and Anshun.",1
"Exactly 1 of the following cities are in Russia and exactly 4 are in India: Mumbai, Ahmedabad, Rostov-na-Donu, Gwalior, Wanning, and Ajmer.",1
"Exactly 1 of the following cities are in Indonesia and exactly 2 are in Canada: Winnipeg, Calgary, Xining, Tanggu, Surakarta, and Ankara.",1
"Exactly 2 of the following cities are in India and exactly 1 are in China: Thane, Maracaibo, Shenzhen, Bagcilar, Moradabad, and Callao.",1
"Exactly 1 of the following cities are in Nigeria and exactly 2 are in Russia: Gwalior, San Luis Potosi, Krasnoyarsk, Onitsha, Shaoxing, and Indianapolis.",0
"Exactly 2 of the following cities are in Iran and exactly 3 are in China: Fuxin, Jinan, Tehran, Ahmedabad, Yangon, and Jeddah.",0
"Exactly 3 of the following cities are in Haiti and exactly 1 are in Croatia: Panzhihua, Hamamatsu, Port-au-Prince, Zagreb, Shivaji Nagar, and Soweto.",0
"Exactly 1 of the following cities are in Russia and exactly 3 are in China: Jiaxing, Port Said, Yongzhou, Kawaguchi, Astrakhan, and Xingtai.",1
"Exactly 1 of the following cities are in Iraq and exactly 3 are in the Philippines: Jiamusi, Davao, Rajkot, Zahedan, Wanning, and Abu Ghurayb.",0
"Exactly 3 of the following cities are in India and exactly 1 are in Russia: Linfen, Hiroshima, Krasnoyarsk, Izhevsk, Zhabei, and Bilimora.",0
"Exactly 2 of the following cities are in Brazil and exactly 1 are in Italy: Puducherry, Turin, Johannesburg, Naberezhnyye Chelny, Sao Jose dos Campos, and Recife.",1
"Exactly 1 of the following cities are in Brazil and exactly 3 are in South Korea: Bucheon-si, Bucaramanga, Lianyungang, Cuiaba, Queens, and Xuzhou.",0
"Exactly 1 of the following cities are in Guinea and exactly 4 are in China: Linyi, Shangluo, Wuhan, Gold Coast, Conakry, and Shenzhen.",1
"Exactly 1 of the following cities are in Japan and exactly 2 are in China: Benin City, Chenzhou, Cebu City, Hohhot, Sendai, and Hanoi.",1
"Exactly 2 of the following cities are in China and exactly 1 are in India: Hefei, Duesseldorf, Phnom Penh, Hanoi, Bhiwandi, and Shangyu.",1
"Exactly 3 of the following cities are in Malaysia and exactly 1 are in Zimbabwe: Malacca, Harare, Karaj, Dnipro, Ciudad Juarez, and Basrah.",0
"Exactly 1 of the following cities are in Russia and exactly 1 are in Somalia: Khabarovsk, Mogadishu, Guwahati, Nouakchott, Wuzhou, and Niamey.",1
"Exactly 2 of the following cities are in Pakistan and exactly 2 are in Mexico: Bahawalpur, Maracay, Al Hudaydah, Culiacan, Bucharest, and Zhuzhou.",0
"Exactly 1 of the following cities are in India and exactly 2 are in Malaysia: Ha'il, Jaboatao, Kampung Baru Subang, Petaling Jaya, Ho Chi Minh City, and Ajmer.",1
"Exactly 2 of the following cities are in Colombia and exactly 1 are in Iran: Santo Domingo Este, Hamadan, Ibague, Wanzhou, Makassar, and Kumamoto.",0
"Exactly 1 of the following cities are in Russia and exactly 3 are in China: Shantou, Qujing, Florianopolis, Saratov, Xiangtan, and Baoji.",0
"Exactly 1 of the following cities are in India and exactly 3 are in Syria: Aleppo, Jiangmen, Anshan, Callao, Tehran, and Ajmer.",0
"Exactly 1 of the following cities are in Turkey and exactly 3 are in China: Bayannur, Erzurum, Fushun, Bloemfontein, Mbuji-Mayi, and Hangzhou.",1
"Exactly 1 of the following cities are in Mexico and exactly 4 are in China: Chuzhou, Guangzhou, Shijiazhuang, Zhaotong, Ciudad Juarez, and Denpasar.",1
"Exactly 1 of the following cities are in India and exactly 2 are in Japan: Hachioji, Santiago de Cuba, Cuttack, Niigata, Zhaotong, and Novosibirsk.",1
"Exactly 1 of the following cities are in India and exactly 2 are in Saudi Arabia: Foshan, Najran, Navi Mumbai, Bien Hoa, Dammam, and Sarajevo.",1
"Exactly 2 of the following cities are in India and exactly 2 are in Russia: Marseille, Moradabad, Penza, Kallakurichi, Kobe, and Poznan.",0
"Exactly 1 of the following cities are in Nepal and exactly 1 are in China: San Pedro Sula, Huaihua, Accra, Yaroslavl, Xinyang, and Kathmandu.",0
"Exactly 1 of the following cities are in China and exactly 1 are in Pakistan: Harbin, Bahawalpur, Bhubaneswar, Anqing, Jaboatao, and Mosul.",0
"Exactly 1 of the following cities are in Zambia and exactly 2 are in Russia: Maceio, Ryazan', New Kingston, Queens, Lusaka, and Yekaterinburg.",1
"Exactly 1 of the following cities are in Germany and exactly 3 are in Uzbekistan: Agadir, Weihai, Samarkand, Laiwu, Leipzig, and Jiujiang.",0
"Exactly 1 of the following cities are in India and exactly 1 are in the Democratic Republic of the Congo: Addis Ababa, Varanasi, Kisangani, Qujing, Kozhikode, and Zhangye.",0
"Exactly 1 of the following cities are in Iran and exactly 3 are in Zimbabwe: Pune, Dombivli, Benin City, Bulawayo, Shiraz, and Muscat.",0
"Exactly 3 of the following cities are in India and exactly 1 are in Morocco: Weinan, Ziyang, Meknes, Madurai, Kozhikode, and Ghaziabad.",1
"Exactly 1 of the following cities are in India and exactly 2 are in Morocco: Foshan, Ho Chi Minh City, Tangier, Kobe, Huaibei, and Vijayawada.",0
"Exactly 3 of the following cities are in the Philippines and exactly 1 are in Iraq: Tashkent, Mosul, Rohini, Krasnodar, Caloocan City, and Rahim Yar Khan.",0
"Exactly 2 of the following cities are in Brazil and exactly 2 are in China: Aparecida de Goiania, Accra, Tirunelveli, Maceio, Xingtai, and Shangqiu.",1
"Exactly 2 of the following cities are in Croatia and exactly 1 are in India: Mazar-e Sharif, Ibadan, Riga, Tiruchirappalli, Zagreb, and Pimpri.",0
"Exactly 2 of the following cities are in Kazakhstan and exactly 1 are in Mexico: Sulaymaniyah, Aktobe, Bishkek, Baise, Mexicali, and Jalandhar.",0
"Exactly 3 of the following cities are in India and exactly 1 are in Saudi Arabia: Navi Mumbai, Amman, Penza, Buraydah, Kuala Lumpur, and Algiers.",0
"Exactly 2 of the following cities are in India and exactly 1 are in Mexico: Victoria de Durango, Kampala, Bhiwandi, Ecatepec de Morelos, Kalininskiy, and Qiqihar.",0
"Exactly 2 of the following cities are in the United States and exactly 1 are in Indonesia: Kisangani, Bandar Lampung, Jeonju, Shymkent, Batam, and Detroit.",0
"Exactly 1 of the following cities are in Mexico and exactly 3 are in China: Heze, Naucalpan de Juarez, Wuzhou, Suwon, Shijiazhuang, and Arequipa.",1
"Exactly 1 of the following cities are in India and exactly 2 are in China: Rajshahi, Lianyungang, Xiaogan, Kozhikode, Sorocaba, and Tembisa.",1
"Exactly 3 of the following cities are in Canada and exactly 1 are in Uzbekistan: Tashkent, Macapa, Himeji, Calgary, Herat, and Lu'an.",0
"Exactly 1 of the following cities are in China and exactly 2 are in Turkey: Kano, Tianshui, Adana, Islamabad, Al Basrah al Qadimah, and Campos dos Goytacazes.",0
"Exactly 2 of the following cities are in India and exactly 1 are in Canada: Qujing, Makati City, Pune, Quebec, Mianzhu, Deyang, Sichuan, and Zaozhuang.",0
"Exactly 2 of the following cities are in China and exactly 1 are in South Korea: Bloemfontein, Hebi, Hamhung, Seoul, Borivli, and Anqing.",1
"Exactly 2 of the following cities are in China and exactly 2 are in South Korea: Ganzhou, Nashik, Ansan-si, Jeonju, Mazar-e Sharif, and Daqing.",1
"Exactly 3 of the following cities are in China and exactly 2 are in Russia: Ufa, Yibin, Rourkela, Zhumadian, Tyumen, and Huzhou.",1
"Exactly 2 of the following cities are in Brazil and exactly 1 are in Canada: Rawalpindi, Semarang, Quebec, Goiania, Lipetsk, and Ar Raqqah.",0
"Exactly 2 of the following cities are in Russia and exactly 1 are in Indonesia: Baise, Nizhniy Novgorod, Klang, Novosibirsk, Milwaukee, and Semarang.",1
"Exactly 2 of the following cities are in Russia and exactly 1 are in India: Bengaluru, Volgograd, Hannover, Omsk, Lanzhou, and Santiago de Queretaro.",1
"Exactly 1 of the following cities are in Côte d'Ivoire and exactly 2 are in Mexico: Culiacan, Abobo, Linyi, Peshawar, Al Ain City, and Quzhou.",0
"Exactly 1 of the following cities are in Venezuela and exactly 3 are in China: Ya'an, Comilla, Kunshan, Ciudad Guayana, Liupanshui, and Ouagadougou.",1
"Exactly 2 of the following cities are in South Korea and exactly 1 are in Indonesia: Phnom Penh, Bayannur, Seongnam-si, Kayseri, Indore, and Pekanbaru.",0
"Exactly 1 of the following cities are in China and exactly 2 are in Iraq: General Santos, Karbala, Wanxian, Las Pinas, Rourkela, and Karol Bagh.",0
"Exactly 1 of the following cities are in Brazil and exactly 2 are in India: Chandigarh, Anshan, Quezon City, Contagem, Zhenjiang, and Solapur.",1
"Exactly 1 of the following cities are in China and exactly 1 are in Indonesia: Shantou, Hamhung, Bijie, Paranaque City, Makassar, and Tanggu.",0
"Exactly 3 of the following cities are in China and exactly 1 are in Russia: Jilin, Saratov, Wanning, Guiyang, Karol Bagh, and Frankfurt am Main.",1
"Exactly 1 of the following cities are in Madagascar and exactly 2 are in India: Antananarivo, Karol Bagh, Gold Coast, Santo Domingo Este, Vadodara, and Santo Domingo Oeste.",1
"Exactly 2 of the following cities are in Indonesia and exactly 1 are in China: Ordos, Al Fayyum, Kanpur, Jambi City, Bandar Lampung, and Saint Petersburg.",1
"Exactly 3 of the following cities are in Egypt and exactly 1 are in China: Gwalior, Quebec, Thane, Huainan, Shubra al Khaymah, and Mudanjiang.",0
"Exactly 1 of the following cities are in Colombia and exactly 1 are in China: Bucaramanga, Wuwei, Sangli, Yangjiang, Durban, and Karol Bagh.",0
"Exactly 3 of the following cities are in Uzbekistan and exactly 1 are in Iran: Cucuta, Ahvaz, Visakhapatnam, Nizhniy Novgorod, Namangan, and Cheonan.",0
"Exactly 3 of the following cities are in Finland and exactly 1 are in Syria: Bareilly, Xiangtan, Sorocaba, Latakia, Hezhou, and Helsinki.",0
"Exactly 3 of the following cities are in China and exactly 1 are in Madagascar: Qingdao, Dar es Salaam, Antananarivo, Shangluo, Fuxin, and Chicago.",1
"Exactly 3 of the following cities are in China and exactly 1 are in Sudan: Kakamega, Pingliang, Da Nang, Erode, Indianapolis, and Khartoum.",0
"Exactly 1 of the following cities are in Egypt and exactly 3 are in China: Panzhihua, Suez, Aguascalientes, Liuzhou, Adana, and Sanmenxia.",1
"Exactly 1 of the following cities are in Russia and exactly 2 are in India: Zhoushan, Daejeon, Kanpur, Krasnoyarsk, Madinat an Nasr, and Bhilai.",1
"Exactly 2 of the following cities are in India and exactly 1 are in China: Maturin, Kaifeng, Dehra Dun, Arequipa, Islamabad, and Al Ain City.",0
"Exactly 2 of the following cities are in China and exactly 1 are in the United Arab Emirates: Ilorin, Hebi, Quebec, Abu Dhabi, Gujranwala, and Kashgar.",1
"Exactly 1 of the following cities are in India and exactly 2 are in Nigeria: Nasiriyah, Longyan, Ludhiana, Oslo, Laibin, and Warri.",0
"Exactly 1 of the following cities are in Russia and exactly 3 are in China: Huaihua, Khabarovsk Vtoroy, Ahmedabad, Detroit, Omdurman, and Yiwu.",0
"Exactly 1 of the following cities are in Pakistan and exactly 3 are in Kenya: Maputo, Multan, Surat, Cochin, Nairobi, and Yunfu.",0
"Exactly 2 of the following cities are in Russia and exactly 1 are in Yemen: Nagpur, Naberezhnyye Chelny, Kuala Lumpur, Zhaotong, Abu Dhabi, and Sanaa.",0
"Exactly 2 of the following cities are in China and exactly 1 are in Turkey: Guiyang, Baotou, Narela, Bucaramanga, Uskudar, and Wenzhou.",0
"Exactly 1 of the following cities are in Turkey and exactly 3 are in Nigeria: Weifang, Antalya, Maoming, Khartoum, Zaria, and Maracaibo.",0
"Exactly 2 of the following cities are in Yemen and exactly 1 are in Zimbabwe: Novosibirsk, Porto Velho, Aden, Bulawayo, Rourkela, and Kahriz.",0
"Exactly 2 of the following cities are in Brazil and exactly 2 are in Russia: Recife, Astrakhan, Antananarivo, Copenhagen, Matsuyama, and Linyi.",0
"Exactly 1 of the following cities are in South Africa and exactly 2 are in China: Zhangzhou, Cuttack, Pietermaritzburg, Dortmund, Indore, and Hangzhou.",1
"Exactly 1 of the following cities are in Argentina and exactly 2 are in South Korea: Samarinda, Incheon, Yangquan, Santo Domingo Este, Bekasi, and Salta.",0
"Exactly 1 of the following cities are in Japan and exactly 2 are in Zimbabwe: Kawaguchi, Ludhiana, Bulawayo, Islamabad, Guiyang, and Jambi City.",0
"Exactly 2 of the following cities are in China and exactly 1 are in Belarus: Minsk, Yunfu, Nasiriyah, Bahcelievler, Weinan, and Naberezhnyye Chelny.",1
"Exactly 3 of the following cities are in China and exactly 1 are in Iran: Arak, Kallakurichi, Quzhou, Suizhou, Antwerpen, and Shaoxing.",1
"Exactly 3 of the following cities are in Russia and exactly 1 are in China: Incheon, Abu Dhabi, Guiyang, Algiers, Voronezh, and Buraydah.",0
"Exactly 1 of the following cities are in Mexico and exactly 3 are in China: Dalian, Victoria de Durango, Zhangzhou, Jieyang, Bhopal, and Abu Ghurayb.",1
"Exactly 3 of the following cities are in China and exactly 1 are in Turkey: Bahcelievler, Yongzhou, Chandigarh, Ho Chi Minh City, Zibo, and Qiqihar.",1
"Exactly 2 of the following cities are in Bangladesh and exactly 3 are in China: Liupanshui, Rangpur, Bien Hoa, Khulna, Handan, and Tanggu.",1
"Exactly 3 of the following cities are in China and exactly 1 are in India: Accra, Qinzhou, Jamshedpur, Saitama, Lu'an, and Shantou.",1
"Exactly 2 of the following cities are in China and exactly 1 are in Algeria: Osaka, Nay Pyi Taw, Abu Dhabi, Okayama, Bengbu, and Boumerdes.",0
"Exactly 1 of the following cities are in Nigeria and exactly 2 are in China: Najran, Luohe, Mar del Plata, Huizhou, Kano, and Hiroshima.",1
"Exactly 1 of the following cities are in the United States and exactly 3 are in India: Kinshasa, Tirunelveli, Pune, Ma'anshan, Chicago, and Ghaziabad.",1
"Exactly 2 of the following cities are in Brazil and exactly 3 are in China: Benin City, Al Ahmadi, Ta'if, Rajshahi, Feira de Santana, and Jiaxing.",0
"Exactly 1 of the following cities are in Argentina and exactly 2 are in China: Batam, Leon de los Aldama, Xiangtan, San Miguel de Tucuman, Hiroshima, and Weinan.",1
"Exactly 2 of the following cities are in Kyrgyzstan and exactly 1 are in China: Amritsar, Yerevan, Shangqiu, Bishkek, Qinzhou, and Prayagraj.",0
"Exactly 1 of the following cities are in India and exactly 2 are in China: Bareilly, Ulsan, Santiago de los Caballeros, Chaozhou, Qinhuangdao, and Mukalla.",1
"Exactly 2 of the following cities are in Russia and exactly 1 are in Moldova: Chisinau, Sanaa, Voronezh, Huaibei, Ryazan', and Petaling Jaya.",1
"Exactly 1 of the following cities are in China and exactly 2 are in Malaysia: Herat, Khartoum, Tianjin, Abeokuta, Ipoh, and Cucuta.",0
"Exactly 2 of the following cities are in China and exactly 1 are in Brazil: Korla, Neijiang, Beirut, Kakamega, Makhachkala, and Rio de Janeiro.",1
"Exactly 1 of the following cities are in Pakistan and exactly 2 are in India: Multan, Sulaymaniyah, Suqian, Al Mahallah al Kubra, Rourkela, and Visakhapatnam.",1
"Exactly 1 of the following cities are in India and exactly 3 are in China: Nanchang, Chuzhou, Uskudar, Gold Coast, Ranchi, and Lilongwe.",0
"Exactly 2 of the following cities are in China and exactly 1 are in Brazil: Serang, Linyi, Sanming, Boumerdes, Frankfurt am Main, and Recife.",1
"Exactly 3 of the following cities are in China and exactly 1 are in Brazil: Goyang-si, Shangrao, Deyang, Tucson, Manaus, and Hebi.",1
"Exactly 1 of the following cities are in Iran and exactly 1 are in Senegal: Makassar, General Santos, Narela, Huaibei, Dakar, and Tabriz.",1
"Exactly 2 of the following cities are in Myanmar and exactly 1 are in Indonesia: Izmir, Xiaogan, Mexicali, Mandalay, Balikpapan, and Ganzhou.",0
"Exactly 1 of the following cities are in Germany and exactly 2 are in Guinea: Abeokuta, Yibin, Semarang, Conakry, Jiujiang, and Nuernberg.",0
"Exactly 1 of the following cities are in Russia and exactly 3 are in Somalia: Khabarovsk, Mogadishu, Guwahati, Nouakchott, Wuzhou, and Niamey.",0
"Exactly 2 of the following cities are in Indonesia and exactly 1 are in Germany: Ilorin, Pekanbaru, Rizhao, Dortmund, Handan, and Hengyang.",0
"Exactly 1 of the following cities are in Germany and exactly 2 are in Turkey: Dortmund, Malatya, Jiamusi, Izmir, Asuncion, and Jamshedpur.",1
"Exactly 1 of the following cities are in India and exactly 3 are in Mexico: Panshan, Weifang, Asansol, Harare, Guayaquil, and Zapopan.",0
"Exactly 2 of the following cities are in India and exactly 3 are in China: Erode, Guangzhou, Tirunelveli, Qujing, Ma'anshan, and Sargodha.",1
"Exactly 1 of the following cities are in Nigeria and exactly 3 are in China: Onitsha, Huangshi, Denpasar, Quezon City, Stockholm, and Jiangyin.",0
"Exactly 1 of the following cities are in Russia and exactly 2 are in Mongolia: Ulan Bator, Bayannur, Mississauga, Kano, Yekaterinburg, and Changshu.",0
"Exactly 2 of the following cities are in Brazil and exactly 2 are in China: Zhumadian, Fukuoka, Curitiba, Wuhan, Latakia, and Sao Bernardo do Campo.",1
"Exactly 3 of the following cities are in China and exactly 1 are in Sudan: Zaozhuang, Changshu, Khartoum, Aleppo, Yiwu, and Goiania.",1
"Exactly 2 of the following cities are in Malaysia and exactly 1 are in China: Santiago de Cuba, Belo Horizonte, Ganzhou, Ipoh, Shijiazhuang, and Shantou.",0
"Exactly 2 of the following cities are in Brazil and exactly 1 are in Russia: Guangyuan, Sao Bernardo do Campo, Cheonan, Novosibirsk, Qiqihar, and Chandigarh.",0
"Exactly 1 of the following cities are in Côte d'Ivoire and exactly 2 are in India: Cape Town, Kunming, Bokaro, Manaus, Ajmer, and Abobo.",1
"Exactly 1 of the following cities are in Australia and exactly 1 are in China: Gold Coast, Pontianak, Juiz de Fora, Cape Town, Cotonou, and Yiwu.",1
"Exactly 1 of the following cities are in Mexico and exactly 3 are in Indonesia: Basrah, Dalian, Kampung Baru Subang, Nagpur, Balikpapan, and Torreon.",0
"Exactly 2 of the following cities are in India and exactly 1 are in Malaysia: General Santos, Kuantan, Nairobi, Zaria, Macapa, and Kalyan.",0
"Exactly 3 of the following cities are in China and exactly 1 are in Pakistan: Zhangzhou, Narela, Lahore, Wenzhou, Fortaleza, and Liaocheng.",1
"Exactly 1 of the following cities are in Japan and exactly 2 are in China: Tanggu, Hegang, Saitama, Meknes, Zapopan, and Urumqi.",0
"Exactly 2 of the following cities are in China and exactly 1 are in India: Tirunelveli, Budapest, Ya'an, Benin City, Ribeirao Preto, and Zaozhuang.",1
"Exactly 1 of the following cities are in China and exactly 2 are in Myanmar: Mandalay, Victoria de Durango, Yekaterinburg, Shizuoka, Al Ain City, and Anshun.",0
"Exactly 1 of the following cities are in South Korea and exactly 2 are in the Dominican Republic: Culiacan, Seongnam-si, San Pedro Sula, Santiago de los Caballeros, Tianshui, and Mosul.",0
"Exactly 3 of the following cities are in India and exactly 1 are in Mexico: Huaihua, Liupanshui, Dehra Dun, Bokaro, Iztapalapa, and Navi Mumbai.",1
"Exactly 1 of the following cities are in India and exactly 3 are in China: Caracas, Dortmund, Benxi, Qingdao, Nowrangapur, and Chenzhou.",1
"Exactly 2 of the following cities are in Russia and exactly 1 are in Brazil: Kharkiv, Conakry, Tomsk, Jaboatao, Bhilai, and Kinshasa.",0
"Exactly 2 of the following cities are in Russia and exactly 1 are in Colombia: Jalandhar, Teresina, Bucaramanga, Izhevsk, Kakamega, and Ryazan'.",1
"Exactly 1 of the following cities are in Japan and exactly 4 are in China: Sapporo, Huangshi, Nanjing, Zigong, Beirut, and Guangyuan.",1
"Exactly 2 of the following cities are in Nigeria and exactly 1 are in Turkey: Baotou, Kahriz, Konya, Ebute Ikorodu, Huaibei, and Kolhapur.",0
"Exactly 3 of the following cities are in Brazil and exactly 1 are in Malaysia: Pontianak, Dammam, Al Mawsil al Jadidah, Macapa, Kota Kinabalu, and Denpasar.",0
"Exactly 1 of the following cities are in Brazil and exactly 2 are in India: Yinchuan, Bhopal, Niamey, Sao Bernardo do Campo, Tokyo, and Ranchi.",1
"Exactly 2 of the following cities are in South Korea and exactly 1 are in the Philippines: Aguascalientes, Wuhan, Kakamega, Bucheon-si, Qionghai, and Cebu City.",0
"Exactly 1 of the following cities are in South Africa and exactly 1 are in Brazil: Cape Town, Fortaleza, Jeonju, Luancheng, Sanmenxia, and Hubli.",1
"Exactly 1 of the following cities are in the Philippines and exactly 3 are in China: Shenyang, Bahawalpur, Nouakchott, Paranaque City, Jiaxing, and Hohhot.",1
"Exactly 1 of the following cities are in Colombia and exactly 2 are in China: Pikine, Huaihua, Barranquilla, Izmir, Sorocaba, and Zhanjiang.",1
"Exactly 4 of the following cities are in Egypt and exactly 1 are in Syria: Shuangyashan, Port Said, Yaroslavl, Ulhasnagar, Xiamen, and Homs.",0
"Exactly 2 of the following cities are in Afghanistan and exactly 1 are in China: Bhayandar, Mazar-e Sharif, Herat, Bamako, Ningbo, and Orumiyeh.",1
"Exactly 3 of the following cities are in Egypt and exactly 1 are in Togo: Madinat an Nasr, Kota Kinabalu, Pimpri, Anshan, Najran, and Lome.",0
"Exactly 1 of the following cities are in China and exactly 2 are in Tajikistan: Chaozhou, Dhanbad, Dushanbe, N'Djamena, Wanxian, and Kryvyy Rih.",0
"Exactly 1 of the following cities are in Iran and exactly 2 are in China: Indore, Abeokuta, Tianshui, Nanchang, Cancun, and Arak.",1
"Exactly 2 of the following cities are in China and exactly 1 are in South Korea: Huzhou, Bauchi, Kunshan, Konya, Yangon, and Cheongju-si.",1
"Exactly 1 of the following cities are in South Korea and exactly 2 are in China: Kimhae, Hamadan, Chizhou, Douala, Shymkent, and Hengyang.",1
"Exactly 1 of the following cities are in Japan and exactly 2 are in Niger: Niamey, Vadodara, Kawaguchi, Binzhou, Nanning, and Goiania.",0
"Exactly 3 of the following cities are in China and exactly 1 are in Afghanistan: Mazar-e Sharif, Malatya, Tonghua, Mexicali, Shangqiu, and Zhumadian.",1
"Exactly 2 of the following cities are in China and exactly 1 are in Mexico: Cebu City, Johor Bahru, Iztapalapa, Meizhou, Maiduguri, and Ryazan'.",0
"Exactly 2 of the following cities are in India and exactly 2 are in China: Karol Bagh, Bahcelievler, Huainan, Tiruchirappalli, Shuangyashan, and Seattle.",1
"Exactly 2 of the following cities are in Pakistan and exactly 1 are in Lebanon: Faisalabad, Lome, Sokoto, Odesa, Beirut, and Malacca.",0
"Exactly 1 of the following cities are in Indonesia and exactly 2 are in the Democratic Republic of the Congo: Semarang, Bujumbura, Orenburg, Jaboatao, Lubumbashi, and Kagoshima.",0
"Exactly 4 of the following cities are in China and exactly 1 are in Saudi Arabia: Jeddah, Port Said, Kaifeng, Yangjiang, Qinzhou, and Xiamen.",1
"Exactly 3 of the following cities are in Russia and exactly 1 are in the Philippines: Pietermaritzburg, Las Pinas, Bijie, Port Said, Kunshan, and Lipetsk.",0
"Exactly 1 of the following cities are in Indonesia and exactly 2 are in Finland: Indore, Stockholm, Kolhapur, Denpasar, Caracas, and Helsinki.",0
"Exactly 1 of the following cities are in Kazakhstan and exactly 2 are in Mexico: Shymkent, Daejeon, Cancun, Mianzhu, Deyang, Sichuan, Coyoacan, and Kyiv.",1
"Exactly 2 of the following cities are in Brazil and exactly 1 are in Indonesia: Shenyang, Mysore, Joao Pessoa, Aligarh, Porto Velho, and Samarinda.",1
"Exactly 3 of the following cities are in China and exactly 1 are in Latvia: Matola, Jiangyin, Riga, Tianshui, Zhengzhou, and Daejeon.",1
"Exactly 2 of the following cities are in Indonesia and exactly 1 are in India: Goiania, Duesseldorf, Kitakyushu, Cuttack, South Tangerang, and Himeji.",0
"Exactly 1 of the following cities are in Iran and exactly 1 are in Turkey: Karaj, Kalyan, Cheongju-si, Wanning, Faisalabad, and Cankaya.",1
"Exactly 1 of the following cities are in Japan and exactly 1 are in China: Tokyo, Theni, Jieyang, Niigata, Xiamen, and Siliguri.",0
"Exactly 2 of the following cities are in the Philippines and exactly 1 are in Poland: Jakarta, Poznan, Yichang, Las Pinas, Ordos, and Pingliang.",0
"Exactly 1 of the following cities are in Indonesia and exactly 3 are in China: Bhopal, Harbin, Zhuzhou, Jakarta, Xining, and Samarkand.",1
"Exactly 1 of the following cities are in Germany and exactly 2 are in China: Kalininskiy, Ya'an, Baise, Guwahati, Bouake, and Hannover.",1
"Exactly 2 of the following cities are in China and exactly 1 are in the Dominican Republic: Hegang, Amritsar, Siliguri, Chiclayo, Santiago de los Caballeros, and Bishkek.",0
"Exactly 2 of the following cities are in India and exactly 1 are in Iran: Huaibei, Qiqihar, Shivaji Nagar, Orumiyeh, Meerut, and Saitama.",1
"Exactly 2 of the following cities are in South Korea and exactly 1 are in Guinea: Xianyang, Matsuyama, Jaipur, Kumasi, Conakry, and Anyang-si.",0
"Exactly 1 of the following cities are in India and exactly 2 are in China: Hiroshima, Kashgar, Heze, Cheonan, Denpasar, and Puducherry.",1
"Exactly 1 of the following cities are in Brazil and exactly 4 are in Azerbaijan: Neijiang, Baku, Madinat an Nasr, Meerut, Erode, and Uberlandia.",0
"Exactly 1 of the following cities are in South Korea and exactly 2 are in Russia: Himeji, Busan, Tyumen, Yekaterinburg, Joao Pessoa, and New Kingston.",1
"Exactly 3 of the following cities are in China and exactly 2 are in Indonesia: Ordos, Baise, Linyi, Bekasi, Voronezh, and Jakarta.",1
"Exactly 2 of the following cities are in Syria and exactly 1 are in China: Duesseldorf, Latakia, Hamamatsu, San Pedro Sula, Bijie, and Kyoto.",0
"Exactly 3 of the following cities are in Brazil and exactly 1 are in Mexico: Sao Jose dos Campos, Al Fayyum, Cixi, Ajmer, Lviv, and Santa Maria Chimalhuacan.",0
"Exactly 1 of the following cities are in Brazil and exactly 3 are in China: Pretoria, Zhabei, Barranquilla, Maceio, Guangyuan, and Tanggu.",1
"Exactly 1 of the following cities are in Malaysia and exactly 2 are in China: Ouagadougou, Mersin, Jiaozuo, Guang'an, Kota Kinabalu, and Jalandhar.",1
"Exactly 1 of the following cities are in Brazil and exactly 1 are in Moldova: Kyoto, Omsk, Barquisimeto, Benxi, Chisinau, and Fortaleza.",1
"Exactly 3 of the following cities are in South Korea and exactly 1 are in Côte d'Ivoire: Abobo, Seoul, Guatemala City, Zhenjiang, Guarulhos, and Bikaner.",0
"Exactly 2 of the following cities are in Indonesia and exactly 1 are in Turkey: Ta'if, Pekanbaru, Mersin, Maturin, Hengyang, and Ranchi.",0
"Exactly 1 of the following cities are in China and exactly 2 are in India: Tyumen, Baku, Aguascalientes, Nowrangapur, Seattle, and Dandong.",0
"Exactly 1 of the following cities are in the United States and exactly 2 are in Russia: Fortaleza, Albuquerque, Kalininskiy, Naberezhnyye Chelny, Xiamen, and Luzhou.",1
"Exactly 2 of the following cities are in Saudi Arabia and exactly 2 are in Japan: Gujranwala, Matsuyama, Sanya, Chenzhou, Omsk, and Dammam.",0
"Exactly 1 of the following cities are in Brazil and exactly 2 are in Latvia: Tlaquepaque, Juiz de Fora, Seoul, Riga, Shiraz, and Kawaguchi.",0
"Exactly 1 of the following cities are in Vietnam and exactly 2 are in Mauritania: Nashik, Tyumen, Nouakchott, Jambi City, Guayaquil, and Can Tho.",0
"Exactly 3 of the following cities are in China and exactly 1 are in India: Bagcilar, Hanzhong, Eskisehir, Putian, Najafgarh, and Luohe.",1
"Exactly 1 of the following cities are in Egypt and exactly 1 are in China: Cixi, Porto Velho, Mombasa, Al Fayyum, Wuwei, and Xingtai.",0
"Exactly 2 of the following cities are in China and exactly 1 are in Nigeria: Ciudad Guayana, Sanya, Cancun, Wuhan, Maiduguri, and Pune.",1
"Exactly 2 of the following cities are in Ghana and exactly 1 are in Iran: Shanghai, Karaj, Sapporo, Kumasi, Guangyuan, and Yangon.",0
"Exactly 2 of the following cities are in India and exactly 1 are in South Africa: Johannesburg, Khabarovsk Vtoroy, Hanoi, Aparecida de Goiania, Mysore, and Quito.",0
"Exactly 2 of the following cities are in India and exactly 1 are in Brazil: Tangier, Ulan Bator, Coimbatore, Cuiaba, Johor Bahru, and Bhayandar.",1
"Exactly 3 of the following cities are in China and exactly 1 are in the United States: Guntur, Tucson, Makhachkala, Shangrao, Okayama, and Rahim Yar Khan.",0
"Exactly 2 of the following cities are in China and exactly 1 are in Venezuela: Benxi, Dhanbad, Tianjin, Jaboatao dos Guararapes, Maracaibo, and Antwerpen.",1
"Exactly 4 of the following cities are in Turkey and exactly 1 are in India: Ludhiana, Lubumbashi, Diyarbakir, Xiamen, Hebi, and Jeonju.",0
"Exactly 1 of the following cities are in Malaysia and exactly 2 are in Afghanistan: Jiaozuo, Conakry, Leipzig, Mazar-e Sharif, Yangon, and Shah Alam.",0
"Exactly 2 of the following cities are in China and exactly 1 are in Iran: Huangshi, Incheon, Suining, Feira de Santana, Nizhniy Novgorod, and Tabriz.",1
"Exactly 2 of the following cities are in Poland and exactly 1 are in China: Rui'an, Boumerdes, Kemerovo, Sulaymaniyah, Wroclaw, and Mosul.",0
"Exactly 1 of the following cities are in the Republic of the Congo and exactly 2 are in China: Brazzaville, Algiers, Nanchang, Cuttack, Wanxian, and Mbuji-Mayi.",1
"Exactly 2 of the following cities are in China and exactly 1 are in Tajikistan: Chaozhou, Dhanbad, Dushanbe, N'Djamena, Wanxian, and Kryvyy Rih.",1
"Exactly 2 of the following cities are in India and exactly 1 are in Russia: Marseille, Moradabad, Penza, Kallakurichi, Kobe, and Poznan.",1
"Exactly 2 of the following cities are in Honduras and exactly 1 are in Colombia: Bucaramanga, Dushanbe, Hefei, San Pedro Sula, Seongnam-si, and Kirkuk.",0
"Exactly 2 of the following cities are in China and exactly 2 are in Iran: Yinchuan, Ahvaz, San Miguel de Tucuman, Arak, Linfen, and Nyala.",1
"Exactly 1 of the following cities are in Saudi Arabia and exactly 1 are in India: Tijuana, Kaifeng, Bengaluru, Daegu, Jeddah, and Seongnam-si.",1
"Exactly 1 of the following cities are in Brazil and exactly 2 are in Morocco: Casablanca, Changwon, Florianopolis, Anyang-si, Puducherry, and Ulsan.",0
"Exactly 2 of the following cities are in the United States and exactly 1 are in India: Dhanbad, Pietermaritzburg, Varanasi, The Bronx, Kalininskiy, and Rajkot.",0
"Exactly 2 of the following cities are in Mexico and exactly 1 are in Canada: Qingdao, Benin City, Goiania, Mississauga, Bilimora, and Tlaquepaque.",0
"Exactly 1 of the following cities are in China and exactly 2 are in Russia: Tangshan, Harbin, Busan, Hiroshima, Binzhou, and Novokuznetsk.",0
"Exactly 2 of the following cities are in India and exactly 1 are in Senegal: Pikine, Kakamega, Vijayawada, Bikaner, Yaounde, and Linfen.",1
"Exactly 1 of the following cities are in Venezuela and exactly 3 are in Cameroon: Zhoushan, Cuiaba, Ningbo, Caracas, Yaounde, and Tucson.",0
"Exactly 3 of the following cities are in Togo and exactly 1 are in Brazil: Maceio, Ulsan, Heze, Lome, Zagreb, and Yangon.",0
"Exactly 2 of the following cities are in Iran and exactly 1 are in South Korea: Zahedan, Sulaymaniyah, Rohini, Daegu, Prayagraj, and Naucalpan de Juarez.",0
"Exactly 1 of the following cities are in Indonesia and exactly 2 are in the Democratic Republic of the Congo: Klang, Malang, Tabriz, Lubumbashi, Tembisa, and Sendai.",0
"Exactly 1 of the following cities are in Yemen and exactly 4 are in China: New York City, Jiaxing, Shangrao, Guilin, Sanaa, and Nanchong.",1
"Exactly 2 of the following cities are in India and exactly 1 are in the United States: Indianapolis, Narela, Kyiv, Kolhapur, Chaozhou, and Gold Coast.",1
"Exactly 2 of the following cities are in China and exactly 1 are in Canada: Al Fayyum, Kampala, Indore, Dandong, Zhumadian, and Winnipeg.",1
"Exactly 1 of the following cities are in South Korea and exactly 3 are in China: Jeonju, Zhoushan, Hezhou, Suining, Kathmandu, and Orumiyeh.",1
"Exactly 2 of the following cities are in India and exactly 1 are in Algeria: Algiers, Bhilai, Vladivostok, Mysore, Huainan, and Nizhniy Novgorod.",1
"Exactly 5 of the following cities are in China and exactly 1 are in India: Mumbai, Changchun, Suining, Zhangjiagang, Wanzhou, and Xining.",1
"Exactly 2 of the following cities are in China and exactly 1 are in Mexico: Minsk, Culiacan, Rizhao, Shijiazhuang, Calgary, and Abidjan.",1
"Exactly 3 of the following cities are in China and exactly 1 are in Eritrea: Guatemala City, Asmara, Kunshan, Ribeirao Preto, Chiclayo, and Contagem.",0
"Exactly 1 of the following cities are in Poland and exactly 2 are in India: Lodz, Xuanzhou, Aligarh, Ludhiana, Sarajevo, and Kaduna.",1
"Exactly 1 of the following cities are in the United States and exactly 1 are in Russia: Fortaleza, Albuquerque, Kalininskiy, Naberezhnyye Chelny, Xiamen, and Luzhou.",0
"Exactly 1 of the following cities are in Afghanistan and exactly 3 are in China: Zarqa, Mazar-e Sharif, Liaocheng, Urumqi, Thiruvananthapuram, and Zhuzhou.",1
"Exactly 1 of the following cities are in Mexico and exactly 3 are in China: Changde, Jos, Xinyang, Taicang, Erbil, and Tijuana.",1
"Exactly 2 of the following cities are in China and exactly 2 are in Pakistan: Guangyuan, Karachi, Marrakesh, Xinyang, Bilimora, and Battagram.",1
"Exactly 1 of the following cities are in Colombia and exactly 2 are in China: Bucaramanga, Wuwei, Sangli, Yangjiang, Durban, and Karol Bagh.",1
"Exactly 1 of the following cities are in India and exactly 2 are in Brazil: Ranchi, Multan, Kayseri, Sofia, Florianopolis, and Ribeirao Preto.",1
"Exactly 1 of the following cities are in Kenya and exactly 3 are in China: Maoming, Yangjiang, Tiruchirappalli, Kakamega, Wanzhou, and Bagcilar.",1
"Exactly 1 of the following cities are in Venezuela and exactly 2 are in China: Ganzhou, Tembisa, Mianzhu, Deyang, Sichuan, Perm, Nouakchott, and Barquisimeto.",1
"Exactly 2 of the following cities are in China and exactly 1 are in Germany: Binzhou, Panzhihua, Grosszschocher, Manaus, Onitsha, and Dushanbe.",1
"Exactly 2 of the following cities are in Bosnia and Herzegovina and exactly 1 are in Chile: Goiania, Jambi City, Oslo, Puente Alto, Rajkot, and Sarajevo.",0
"Exactly 1 of the following cities are in China and exactly 2 are in Iraq: Zhangzhou, New Kingston, Al Mawsil al Jadidah, Zhangjiagang, Tlalpan, and Frankfurt am Main.",0
"Exactly 4 of the following cities are in China and exactly 1 are in India: Abidjan, Chaozhou, Theni, Anyang, Jiujiang, and Huzhou.",1
"Exactly 4 of the following cities are in India and exactly 1 are in China: Ahmedabad, Langfang, Aligarh, Dehra Dun, Amravati, and Petaling Jaya.",1
"Exactly 4 of the following cities are in China and exactly 1 are in Jamaica: Nanchong, Shuangyashan, New Kingston, Sanming, Tangerang, and Jieyang.",1
"Exactly 2 of the following cities are in Turkey and exactly 1 are in India: Bishkek, Chattogram, Mersin, Bengaluru, Gaziantep, and Ecatepec de Morelos.",1
"Exactly 2 of the following cities are in the Philippines and exactly 1 are in Japan: Wanning, Algiers, Caloocan City, Meizhou, Matsuyama, and Jinan.",0
"Exactly 2 of the following cities are in India and exactly 1 are in China: Bhavnagar, Hangzhou, Pretoria, Casablanca, Tonghua, and Juiz de Fora.",0
"Exactly 2 of the following cities are in Turkey and exactly 1 are in France: Rohini, Wanzhou, Erzurum, Naucalpan de Juarez, Marseille, and Sokoto.",0
"Exactly 1 of the following cities are in Mexico and exactly 2 are in Syria: Niigata, Ar Raqqah, Kolhapur, Santiago de Cuba, Cimahi, and Leon de los Aldama.",0
"Exactly 1 of the following cities are in Venezuela and exactly 2 are in Niger: Rangpur, Callao, Kumasi, Barquisimeto, Niamey, and Chiclayo.",0
"Exactly 1 of the following cities are in Côte d'Ivoire and exactly 3 are in China: Guiyang, Ar Raqqah, Theni, Benxi, Abidjan, and Zhabei.",1
"Exactly 2 of the following cities are in China and exactly 1 are in Turkey: Changshu, Xuanzhou, Ankara, Esenler, Cancun, and Lyon.",0
"Exactly 1 of the following cities are in Turkey and exactly 1 are in Pakistan: Amritsar, Shangrao, Izmir, Quetta, Nyala, and Ranchi.",1
"Exactly 2 of the following cities are in Tanzania and exactly 1 are in China: Faridabad, Benoni, Chiclayo, Dar es Salaam, Guiyang, and Kota Kinabalu.",0
"Exactly 1 of the following cities are in the Democratic Republic of the Congo and exactly 3 are in China: Kimhae, Macapa, Tianshui, Daqing, Mbuji-Mayi, and Xiangtan.",1
"Exactly 1 of the following cities are in Bangladesh and exactly 2 are in India: Agadir, Chattogram, Batam, Baotou, Varanasi, and Cochin.",1
"Exactly 3 of the following cities are in China and exactly 1 are in Pakistan: Jiujiang, Aracaju, Korla, Bloemfontein, Peshawar, and Hegang.",1
"Exactly 3 of the following cities are in China and exactly 1 are in Brazil: Suining, Taiz, Ya'an, Binzhou, Basrah, and Uberlandia.",1
"Exactly 1 of the following cities are in Kenya and exactly 2 are in Japan: Marseille, Yangquan, Maoming, Okayama, Grosszschocher, and Kakamega.",0
"Exactly 1 of the following cities are in Mexico and exactly 2 are in China: Naucalpan de Juarez, Davao, Kaifeng, Erzurum, New York City, and Mumbai.",0
"Exactly 2 of the following cities are in South Korea and exactly 1 are in the United Arab Emirates: Dubai, Shangyu, Hwaseong-si, Abobo, Guilin, and Guwahati.",0
"Exactly 5 of the following cities are in Nigeria and exactly 1 are in Mexico: Shuangyashan, Leipzig, Cotonou, Ecatepec de Morelos, Ibadan, and Zhengzhou.",0
"Exactly 1 of the following cities are in South Africa and exactly 3 are in China: Riga, Hengyang, Pietermaritzburg, Anyang-si, Yichang, and Hegang.",1
"Exactly 1 of the following cities are in Malaysia and exactly 2 are in China: Shah Alam, Xuzhou, Kaifeng, Salta, Guayaquil, and Tangier.",1
"Exactly 3 of the following cities are in Brazil and exactly 1 are in Peru: Manaus, Abidjan, Porto Velho, Arequipa, Macapa, and Lviv.",1
"Exactly 2 of the following cities are in Afghanistan and exactly 2 are in India: Lodz, Theni, Lome, Benin City, Kandahar, and Kyiv.",0
"Exactly 1 of the following cities are in Japan and exactly 2 are in Yemen: Tolyatti, Chennai, Osaka, Al Hudaydah, Ebute Ikorodu, and Lilongwe.",0
"Exactly 2 of the following cities are in India and exactly 1 are in China: Huangshi, Asmara, Sambhaji Nagar, Theni, Addis Ababa, and Jaboatao.",1
"Exactly 1 of the following cities are in Sudan and exactly 3 are in Canada: Hohhot, Gwalior, Asyut, Khartoum, Nasiriyah, and Calgary.",0
"Exactly 1 of the following cities are in Egypt and exactly 2 are in China: Shenyang, Ulsan, Bucaramanga, Shubra al Khaymah, Pikine, and Sendai.",0
"Exactly 1 of the following cities are in Japan and exactly 3 are in Turkey: Sendai, Xingtai, Istanbul, Kharkiv, Tiruchirappalli, and Kanpur.",0
"Exactly 1 of the following cities are in Turkey and exactly 2 are in China: Santa Maria Chimalhuacan, Kayseri, Shangqiu, Subang Jaya, Qingdao, and Copenhagen.",1
"Exactly 2 of the following cities are in Moldova and exactly 1 are in Vietnam: Antwerpen, Thuan An, Kirkuk, Chisinau, Maturin, and Bhilai.",0
"Exactly 2 of the following cities are in Saudi Arabia and exactly 1 are in China: Weinan, Brasilia, Shenzhen, Buraydah, Puning, and Ulsan.",0
"Exactly 1 of the following cities are in Japan and exactly 2 are in Turkey: Erzurum, Munich, Kitakyushu, Rourkela, Novosibirsk, and Gaziantep.",1
"Exactly 2 of the following cities are in South Korea and exactly 1 are in Poland: Pyongyang, Casablanca, Changwon, Incheon, Poznan, and Wanning.",1
"Exactly 3 of the following cities are in China and exactly 1 are in Indonesia: Gwalior, South Tangerang, Fuxin, Huaihua, Bikaner, and Tangshan.",1
"Exactly 2 of the following cities are in India and exactly 1 are in Pakistan: Khabarovsk Vtoroy, Kanayannur, Peshawar, Krasnodar, Rajshahi, and Mexico City.",0
"Exactly 2 of the following cities are in China and exactly 1 are in Pakistan: Hegang, Helsinki, Eskisehir, Xianyang, Muzaffarabad, and Bouake.",1
"Exactly 4 of the following cities are in Malaysia and exactly 1 are in Sudan: Kuantan, Langfang, Aleppo, Hengyang, Khartoum, and Huaibei.",0
"Exactly 1 of the following cities are in Turkey and exactly 3 are in China: Munich, Quebec, Anshan, Cixi, Sanming, and Izmir.",1
"Exactly 3 of the following cities are in Colombia and exactly 1 are in Mexico: Zhenjiang, Shaoguan, Ciudad Nezahualcoyotl, Ibague, Jiangyin, and Pingdingshan.",0
"Exactly 2 of the following cities are in China and exactly 1 are in Kazakhstan: Nagoya, Multan, Chelyabinsk, Wuhan, Shymkent, and Zhengzhou.",1
"Exactly 1 of the following cities are in Cameroon and exactly 3 are in China: Ulsan, Tembisa, Hezhou, Yaounde, Ghaziabad, and Adana.",0
"Exactly 1 of the following cities are in Egypt and exactly 2 are in China: Kota Bharu, Jiujiang, Huainan, Port Said, Ufa, and Teresina.",1
"Exactly 1 of the following cities are in Iran and exactly 3 are in China: Jabalpur, Acapulco de Juarez, Qom, Neijiang, Xining, and Zhangjiakou.",1
"Exactly 1 of the following cities are in Indonesia and exactly 3 are in Brazil: Zhuzhou, Semarang, Kalyan, Bengbu, Curitiba, and Shangrao.",0
"Exactly 1 of the following cities are in Uzbekistan and exactly 3 are in Russia: Mar del Plata, Okayama, Volgograd, Yongzhou, Namangan, and Erzurum.",0
"Exactly 2 of the following cities are in Malawi and exactly 1 are in Indonesia: Izhevsk, Bhavnagar, Balikpapan, Lilongwe, Gaziantep, and Karachi.",0
"Exactly 2 of the following cities are in India and exactly 1 are in China: Bandar Lampung, Zhangzhou, Ashgabat, Ulhasnagar, Algiers, and Karol Bagh.",1
"Exactly 2 of the following cities are in Romania and exactly 1 are in Kenya: Xianning, Bucharest, Mombasa, Huizhou, Florianopolis, and Ta'if.",0
"Exactly 2 of the following cities are in China and exactly 1 are in South Korea: Laibin, Buraydah, Suwon, Port-au-Prince, Lanzhou, and Tangier.",1
"Exactly 1 of the following cities are in Jordan and exactly 4 are in Denmark: Hanoi, Dandong, Ludhiana, Amman, Zhangjiakou, and Copenhagen.",0
"Exactly 3 of the following cities are in China and exactly 2 are in India: Jaipur, Shaoxing, Guangzhou, Pingliang, Varanasi, and Karachi.",1
"Exactly 1 of the following cities are in China and exactly 1 are in India: Bengbu, Bilimora, Cancun, Foshan, Sendai, and Arequipa.",0
"Exactly 2 of the following cities are in Iran and exactly 1 are in Mexico: Sao Paulo, Iztapalapa, Yichang, Nashik, Jos, and Shiraz.",0
"Exactly 2 of the following cities are in Russia and exactly 1 are in India: Makassar, Battagram, Petaling Jaya, Thiruvananthapuram, Coyoacan, and Saint Petersburg.",0
"Exactly 1 of the following cities are in China and exactly 2 are in India: Karol Bagh, Ibadan, Lilongwe, Bareilly, Kagoshima, and Shuangyashan.",1
"Exactly 1 of the following cities are in Morocco and exactly 3 are in Mexico: Nanded, Duesseldorf, Managua, Mexico City, Tangier, and Namangan.",0
"Exactly 1 of the following cities are in South Korea and exactly 2 are in China: Guangzhou, Poznan, Stockholm, Tiruppur, Kagoshima, and Changwon.",0
"Exactly 2 of the following cities are in Mexico and exactly 1 are in Iraq: Aguascalientes, Shizuoka, Niamey, Jeddah, Zapopan, and Nasiriyah.",1
"Exactly 2 of the following cities are in Brazil and exactly 1 are in Russia: Puducherry, Sao Bernardo do Campo, Okayama, Zigong, Omsk, and Anshan.",0
"Exactly 1 of the following cities are in China and exactly 3 are in Mexico: Jilin, Ganzhou, Weihai, Tirunelveli, Krakow, and San Luis Potosi.",0
"Exactly 1 of the following cities are in Mexico and exactly 2 are in China: Zapopan, Zunyi, Lubumbashi, Nanchang, Bobo-Dioulasso, and Conakry.",1
"Exactly 1 of the following cities are in North Korea and exactly 4 are in Peru: Krasnodar, Arequipa, Harbin, Pyongyang, Tangier, and Huaibei.",0
"Exactly 2 of the following cities are in China and exactly 1 are in Russia: Almaty, Yinchuan, Bouake, Jingmen, Ouagadougou, and Tyumen.",1
"Exactly 2 of the following cities are in India and exactly 1 are in Ghana: Solapur, Aden, Panshan, Guatemala City, Kumasi, and Shizuoka.",0
"Exactly 1 of the following cities are in Nigeria and exactly 2 are in China: Tangshan, Lu'an, Sendai, Hamhung, Bauchi, and Amritsar.",1
"Exactly 1 of the following cities are in the United Arab Emirates and exactly 3 are in Brazil: Batam, Abu Dhabi, Poznan, Ryazan', Jaipur, and Aparecida de Goiania.",0
"Exactly 1 of the following cities are in India and exactly 2 are in Indonesia: Tegucigalpa, Culiacan, Perm, Kolkata, Samarinda, and Lusaka.",0
"Exactly 2 of the following cities are in India and exactly 1 are in Turkey: Frankfurt am Main, Bhopal, Cankaya, Tangier, Hachioji, and Dalian.",0
"Exactly 4 of the following cities are in China and exactly 1 are in India: Xuanzhou, Anyang, Khabarovsk Vtoroy, Vijayawada, Jieyang, and Deyang.",1
"Exactly 3 of the following cities are in Russia and exactly 1 are in India: Poznan, Mysore, Lianyungang, Porto Alegre, Perm, and Dalian.",0
"Exactly 3 of the following cities are in Hungary and exactly 1 are in Poland: Lodz, Budapest, Yunfu, Cimahi, Kalininskiy, and Hebi.",0
"Exactly 2 of the following cities are in China and exactly 1 are in Uzbekistan: Kumasi, Yerevan, Jingmen, Kampung Baru Subang, Namangan, and Perm.",0
"Exactly 3 of the following cities are in Turkey and exactly 1 are in Nigeria: Ulsan, Adana, Oyo, Kayseri, Can Tho, and Cankaya.",1
"Exactly 3 of the following cities are in China and exactly 1 are in Ecuador: Barquisimeto, Hangzhou, Dakar, Guayaquil, Pingliang, and Zhanjiang.",1
"Exactly 1 of the following cities are in Algeria and exactly 3 are in Mexico: Aguascalientes, Madinat an Nasr, Addis Ababa, Boumerdes, Khabarovsk, and Qingdao.",0
"Exactly 1 of the following cities are in Mozambique and exactly 3 are in China: Chiclayo, Benxi, Bandar Lampung, Yinchuan, Zhangzhou, and Matola.",1
"Exactly 1 of the following cities are in South Korea and exactly 3 are in China: Daejeon, Ciudad Nezahualcoyotl, Ganzhou, Yunfu, Shangyu, and Malang.",1
"Exactly 2 of the following cities are in China and exactly 1 are in Pakistan: Indore, Eskisehir, Pasig City, Faisalabad, Tianshui, and Sanmenxia.",1
"Exactly 3 of the following cities are in China and exactly 1 are in Russia: Kandahar, Heze, Jiaozhou, Samarkand, Astrakhan, and Zunyi.",1
"Exactly 1 of the following cities are in Mexico and exactly 4 are in Brazil: Florianopolis, Thiruvananthapuram, Lipetsk, Aguascalientes, Luancheng, and Karbala.",0
"Exactly 1 of the following cities are in Belarus and exactly 2 are in South Korea: Jeonju, Busan, Mosul, Puente Alto, Minsk, and Daqing.",1
"Exactly 2 of the following cities are in India and exactly 1 are in Malaysia: Petaling Jaya, Al Ain City, Solapur, Visakhapatnam, Wanxian, and Shenzhen.",1
"Exactly 3 of the following cities are in China and exactly 1 are in Brazil: Torreon, Marseille, Kagoshima, Shuangyashan, Munich, and Joao Pessoa.",0
"Exactly 2 of the following cities are in Australia and exactly 1 are in Denmark: Kaifeng, Copenhagen, Rangpur, Bagcilar, Goeteborg, and Gold Coast.",0
"Exactly 1 of the following cities are in Indonesia and exactly 3 are in Canada: Winnipeg, Calgary, Xining, Tanggu, Surakarta, and Ankara.",0
"Exactly 2 of the following cities are in India and exactly 1 are in Turkey: Sapporo, Kayseri, Astrakhan, Bhubaneswar, Rourkela, and Koeln.",1
"Exactly 1 of the following cities are in Russia and exactly 2 are in Indonesia: Kunming, Baghdad, Pontianak, Da Nang, Serang, and Chelyabinsk.",1
"Exactly 2 of the following cities are in China and exactly 1 are in the United Arab Emirates: Nay Pyi Taw, Shangrao, Kota Bharu, Accra, Yibin, and Al Ain City.",1
"Exactly 1 of the following cities are in Ecuador and exactly 2 are in China: Harbin, Puducherry, Rahim Yar Khan, Casablanca, Xingtai, and Quito.",1
"Exactly 1 of the following cities are in India and exactly 3 are in Russia: Rajkot, Bengaluru, Lahore, Tolyatti, Hohhot, and Amravati.",0
"Exactly 1 of the following cities are in China and exactly 1 are in Russia: Daegu, Anyang, Nouakchott, Xiaogan, Naucalpan de Juarez, and Saratov.",0
"Exactly 1 of the following cities are in India and exactly 2 are in China: Zhanjiang, Lyon, New Kingston, Maoming, Fort Worth, and Vadodara.",1
"Exactly 2 of the following cities are in Syria and exactly 1 are in China: Kano, Erbil, Can Tho, Duque de Caxias, Shangyu, and Aleppo.",0
"Exactly 1 of the following cities are in Sweden and exactly 1 are in Brazil: Juiz de Fora, Panzhihua, Puning, Stockholm, Porto Velho, and Davao.",0
"Exactly 1 of the following cities are in Mexico and exactly 2 are in Turkey: Izmir, Leon de los Aldama, Zagreb, Zhangzhou, Ryazan', and Gaziantep.",1
"Exactly 1 of the following cities are in India and exactly 3 are in Russia: Novosibirsk, Kobe, Cuttack, Khabarovsk Vtoroy, Novokuznetsk, and Izmir.",1
"Exactly 2 of the following cities are in Jordan and exactly 1 are in North Korea: Pyongyang, Amman, Mersin, Duesseldorf, Diyarbakir, and Maracay.",0
"Exactly 2 of the following cities are in China and exactly 1 are in Nigeria: Hebi, Florianopolis, Jambi City, Bhopal, Laiwu, and Abeokuta.",1
"Exactly 2 of the following cities are in India and exactly 1 are in the United States: Daqing, Arak, Kotli, Fort Worth, Visakhapatnam, and Winnipeg.",0
"Exactly 2 of the following cities are in India and exactly 1 are in China: Jabalpur, Sao Jose dos Campos, Shivaji Nagar, Shihezi, Libreville, and Thuan An.",1
"Exactly 1 of the following cities are in China and exactly 2 are in the Dominican Republic: Saratov, Santo Domingo Este, Ningbo, Ouagadougou, Santo Domingo Oeste, and Baku.",1
"Exactly 1 of the following cities are in Germany and exactly 2 are in Poland: Leipzig, Zhengzhou, Aligarh, Haiphong, Wroclaw, and Wanxian.",0
"Exactly 1 of the following cities are in Morocco and exactly 4 are in China: Sanmenxia, Anshun, Dortmund, Tangier, Zaozhuang, and Shangluo.",1
"Exactly 3 of the following cities are in Indonesia and exactly 1 are in the Philippines: Batam, General Santos, Najran, Aktobe, Nairobi, and Zhanjiang.",0
"Exactly 2 of the following cities are in China and exactly 1 are in Brazil: Mudanjiang, Lanzhou, General Santos, Jaboatao, Dar es Salaam, and Dakar.",1
"Exactly 1 of the following cities are in Indonesia and exactly 2 are in Denmark: Tanggu, Maracaibo, Hanoi, Chisinau, Copenhagen, and Jakarta.",0
"Exactly 1 of the following cities are in Kazakhstan and exactly 2 are in Brazil: Wuzhou, Aktobe, Peshawar, Macapa, Curitiba, and Arak.",1
"Exactly 3 of the following cities are in China and exactly 1 are in Canada: Anqing, Quebec, Changchun, Zhanjiang, Quezon City, and Gold Coast.",1
"Exactly 1 of the following cities are in the Philippines and exactly 2 are in China: Agadir, Shangqiu, Pasig City, Krasnodar, Chizhou, and Bien Hoa.",1
"Exactly 1 of the following cities are in Ukraine and exactly 3 are in Armenia: Tolyatti, Sevastopol, Yerevan, Hebi, Davao, and Ecatepec de Morelos.",0
"Exactly 1 of the following cities are in Indonesia and exactly 3 are in China: Sharjah, Pietermaritzburg, Pekanbaru, Liaocheng, Kunshan, and Zhangye.",1
"Exactly 3 of the following cities are in China and exactly 1 are in Algeria: Calgary, Zaria, Boumerdes, Nanchong, Zhengzhou, and Wanxian.",1
"Exactly 1 of the following cities are in China and exactly 2 are in India: Kashgar, Krasnodar, Jieyang, Thane, Yaounde, and Zagreb.",0
"Exactly 2 of the following cities are in China and exactly 2 are in India: Binzhou, Narela, Cochin, Ouagadougou, Oklahoma City, and Wuwei.",1
"Exactly 3 of the following cities are in India and exactly 1 are in Benin: Kanpur, Beira, Ajmer, Faridabad, Cotonou, and Nasiriyah.",1
"Exactly 1 of the following cities are in Ukraine and exactly 2 are in Brazil: Hohhot, Dnipro, Mudanjiang, Barnaul, Brasilia, and Florianopolis.",1
"Exactly 2 of the following cities are in China and exactly 2 are in Brazil: Qujing, Bokaro, Porto Alegre, Helsinki, Liupanshui, and Belo Horizonte.",1
"Exactly 1 of the following cities are in Nigeria and exactly 2 are in Turkey: Santo Domingo Este, Zhangye, Kano, Abobo, Jaipur, and Erzurum.",0
"Exactly 1 of the following cities are in Nigeria and exactly 2 are in China: Onitsha, Huangshi, Denpasar, Quezon City, Stockholm, and Jiangyin.",1
"Exactly 2 of the following cities are in China and exactly 1 are in Malaysia: Shah Alam, Guatemala City, Suez, Linfen, Kimhae, and Huaibei.",1
"Exactly 3 of the following cities are in South Korea and exactly 1 are in Argentina: Pikine, Ansan-si, Libreville, Qujing, Mar del Plata, and Kota Kinabalu.",0
"Exactly 4 of the following cities are in China and exactly 1 are in Indonesia: Suizhou, Palembang, Hangzhou, Hegang, Anshun, and Accra.",1
"Exactly 3 of the following cities are in Russia and exactly 1 are in South Korea: Bhopal, Samarkand, Ufa, Changwon, Wanxian, and Wuhan.",0
"Exactly 2 of the following cities are in Vietnam and exactly 1 are in Nigeria: Voronezh, Zapopan, San Miguel de Tucuman, Sokoto, Xinyang, and Da Nang.",0
"Exactly 5 of the following cities are in Russia and exactly 1 are in Ukraine: Queens, Krasnodar, Caracas, Bandar Lampung, Gujranwala, and Dnipro.",0
"Exactly 1 of the following cities are in Russia and exactly 2 are in Germany: Pietermaritzburg, Khabarovsk Vtoroy, Huaihua, Antalya, Hannover, and Sao Paulo.",0
"Exactly 2 of the following cities are in Iran and exactly 1 are in Malaysia: Kuala Lumpur, Sanming, Chongqing, Nanchang, Paranaque City, and Tehran.",0
"Exactly 1 of the following cities are in Malaysia and exactly 3 are in China: Santiago de Cuba, Belo Horizonte, Ganzhou, Ipoh, Shijiazhuang, and Shantou.",1
"Exactly 2 of the following cities are in Canada and exactly 1 are in Zimbabwe: Meizhou, Harare, Quebec, Tlalpan, Koeln, and Florianopolis.",0
"Exactly 1 of the following cities are in Poland and exactly 2 are in the Democratic Republic of the Congo: Shangrao, Meizhou, Kinshasa, Krakow, Pune, and Benxi.",0
"Exactly 1 of the following cities are in Morocco and exactly 2 are in China: Zhangzhou, Basrah, Ilorin, Agadir, Yangquan, and Buraydah.",1
"Exactly 1 of the following cities are in Norway and exactly 2 are in Russia: Yaroslavl, Jinan, Voronezh, Abuja, Latakia, and Oslo.",1
"Exactly 3 of the following cities are in Indonesia and exactly 1 are in Thailand: Banjarmasin, Kemerovo, Tirunelveli, Tangerang, Bangkok, and Surakarta.",1
"Exactly 2 of the following cities are in the Philippines and exactly 1 are in Yemen: Paranaque City, Rizhao, Hegang, Saratov, Guigang, and Taiz.",0
"Exactly 1 of the following cities are in China and exactly 1 are in Honduras: Irkutsk, Caloocan City, Guayaquil, Jakarta, Yangquan, and San Pedro Sula.",1
"Exactly 2 of the following cities are in Afghanistan and exactly 1 are in India: Hiroshima, Peshawar, Navi Mumbai, Mazar-e Sharif, Ganzhou, and Suwon.",0
"Exactly 2 of the following cities are in China and exactly 1 are in Mozambique: Dongying, Nampula, Baise, Bucheon-si, Mbuji-Mayi, and Ibadan.",1
"Exactly 1 of the following cities are in India and exactly 1 are in Pakistan: Bhubaneswar, Cape Town, Shymkent, Ulan Bator, Zagreb, and Faisalabad.",1
"Exactly 3 of the following cities are in China and exactly 1 are in Syria: Aleppo, Omsk, Krasnodar, Nanchang, New Kingston, and Hanoi.",0
"Exactly 2 of the following cities are in China and exactly 1 are in India: Kumamoto, Sao Bernardo do Campo, Huangshi, Maracay, Shaoxing, and Warangal.",1
"Exactly 1 of the following cities are in Indonesia and exactly 2 are in the Philippines: Oyo, Hannover, General Santos, Makati City, Bucharest, and South Tangerang.",1
"Exactly 1 of the following cities are in China and exactly 3 are in Syria: Zaporizhzhya, Shivaji Nagar, Ar Raqqah, Quezon City, Hengyang, and Cuiaba.",0
"Exactly 2 of the following cities are in China and exactly 1 are in Japan: Wanxian, Phnom Penh, Sendai, Ningbo, Kallakurichi, and Bangkok.",1
"Exactly 2 of the following cities are in Germany and exactly 1 are in Sudan: General Santos, Macapa, Nyala, Budapest, Grosszschocher, and Jingmen.",0
"Exactly 1 of the following cities are in Finland and exactly 3 are in China: Kampala, Shanghai, Wanzhou, Hamadan, Helsinki, and Yangjiang.",1
"Exactly 1 of the following cities are in South Africa and exactly 4 are in China: Baoji, Huaihua, Makassar, Wenzhou, Johannesburg, and Xuchang.",1
"Exactly 3 of the following cities are in Saudi Arabia and exactly 1 are in China: Xianyang, Najran, Dammam, Vadodara, Kigali, and Longyan.",0
"Exactly 2 of the following cities are in China and exactly 1 are in Turkey: Ibague, Ciudad Guayana, Rostov-na-Donu, Longyan, Zhoushan, and Uskudar.",1
"Exactly 1 of the following cities are in Indonesia and exactly 2 are in Russia: Saratov, Batam, Zahedan, Beijing, Karol Bagh, and Rostov-na-Donu.",1
"Exactly 2 of the following cities are in Burkina Faso and exactly 1 are in Nigeria: Changshu, Niamey, Puente Alto, Homs, Maiduguri, and Bobo-Dioulasso.",0
"Exactly 2 of the following cities are in India and exactly 1 are in Mexico: Xingtai, Leon de los Aldama, Maiduguri, Jabalpur, Conakry, and Meerut.",1
"Exactly 2 of the following cities are in India and exactly 1 are in Japan: Hamamatsu, Bhayandar, Irbid, Gaziantep, Ryazan', and Indore.",1
"Exactly 1 of the following cities are in Togo and exactly 2 are in China: Xiangtan, Qionghai, Torreon, Jabalpur, Mississauga, and Lome.",1
"Exactly 3 of the following cities are in Burkina Faso and exactly 1 are in Indonesia: Kirkuk, Izmir, Cankaya, Pontianak, Ouagadougou, and Voronezh.",0
"Exactly 1 of the following cities are in the United Arab Emirates and exactly 2 are in China: Caracas, Lanzhou, Abu Dhabi, Mosul, Pimpri, and Kahriz.",0
"Exactly 5 of the following cities are in South Korea and exactly 1 are in Mexico: Ciudad Nezahualcoyotl, Weifang, Jiangyin, Ansan-si, Okayama, and Mbuji-Mayi.",0
"Exactly 1 of the following cities are in the United States and exactly 2 are in China: Milwaukee, Florianopolis, Zhoushan, Varanasi, Mississauga, and Xianning.",1
"Exactly 3 of the following cities are in Bangladesh and exactly 1 are in the Philippines: Huainan, Asuncion, Khulna, Bucaramanga, Shenzhen, and Taguig.",0
"Exactly 2 of the following cities are in Zambia and exactly 1 are in India: Quezon City, Luohe, Ahvaz, Amritsar, Lusaka, and Shangqiu.",0
"Exactly 1 of the following cities are in Uzbekistan and exactly 3 are in Japan: Naucalpan de Juarez, Bayannur, Namangan, Vilnius, Anqing, and Fukuoka.",0
"Exactly 3 of the following cities are in China and exactly 1 are in India: Muzaffarabad, Oslo, Bikaner, Belo Horizonte, Zaria, and Rizhao.",0
"Exactly 1 of the following cities are in India and exactly 4 are in Kenya: Xiamen, Bikaner, Madinat an Nasr, Nairobi, Samarkand, and Karbala.",0
"Exactly 1 of the following cities are in Benin and exactly 1 are in Venezuela: Cotonou, Hebi, Ciudad Guayana, Jiaxing, Port Harcourt, and Kaduna.",1
"Exactly 1 of the following cities are in China and exactly 2 are in Turkey: Asansol, Acapulco de Juarez, Zhengzhou, Serang, Cheonan, and Konya.",0
"Exactly 1 of the following cities are in China and exactly 3 are in Russia: Zarqa, Pimpri, Kandahar, Lanzhou, Rostov-na-Donu, and Jaboatao dos Guararapes.",0
"Exactly 1 of the following cities are in Pakistan and exactly 1 are in Russia: Dandong, Warangal, Paranaque City, Langfang, Multan, and Omsk.",1
"Exactly 2 of the following cities are in Russia and exactly 2 are in India: Kharkiv, Harare, Saratov, Kemerovo, Pune, and Siliguri.",1
"Exactly 2 of the following cities are in Indonesia and exactly 1 are in the Philippines: Oyo, Hannover, General Santos, Makati City, Bucharest, and South Tangerang.",0
"Exactly 2 of the following cities are in Kazakhstan and exactly 2 are in India: Linfen, Zhoushan, Shymkent, Kawaguchi, Port Said, and Puducherry.",0
"Exactly 1 of the following cities are in Yemen and exactly 3 are in China: Makati City, Taiz, Shantou, Quzhou, Benoni, and Suqian.",1
"Exactly 1 of the following cities are in Indonesia and exactly 1 are in China: Batam, Feira de Santana, Pretoria, Anqing, Sanya, and Juiz de Fora.",0
"Exactly 1 of the following cities are in Russia and exactly 1 are in China: Weifang, Krakow, Chenzhou, Daejeon, Tyumen, and Stockholm.",0
"Exactly 1 of the following cities are in Kazakhstan and exactly 2 are in the Philippines: Mississauga, Jakarta, Mukalla, Aligarh, Quezon City, and Shymkent.",0
"Exactly 2 of the following cities are in Russia and exactly 1 are in Malawi: Shuangyashan, Weihai, Thane, Lilongwe, Lodz, and Ulyanovsk.",0
"Exactly 2 of the following cities are in China and exactly 1 are in Hungary: Changchun, Samarinda, Jalandhar, Budapest, Orumiyeh, and Yangon.",0
"Exactly 3 of the following cities are in China and exactly 1 are in Nigeria: Bengbu, Benin City, Liaocheng, Kuantan, Jiujiang, and Asmara.",1
"Exactly 2 of the following cities are in Brazil and exactly 1 are in China: Campos dos Goytacazes, Shangqiu, Lyon, Ryazan', Ibadan, and Quito.",0
"Exactly 1 of the following cities are in Iraq and exactly 3 are in Brazil: Sao Paulo, Nay Pyi Taw, Munich, Sulaymaniyah, Kayseri, and Nairobi.",0
"Exactly 1 of the following cities are in Iran and exactly 2 are in Russia: Krasnoyarsk, Kryvyy Rih, Perm, Abobo, Kermanshah, and Himeji.",1
"Exactly 1 of the following cities are in Japan and exactly 1 are in Zimbabwe: Harare, Zibo, Sendai, Malacca, Zhengzhou, and Solapur.",1
"Exactly 1 of the following cities are in Indonesia and exactly 2 are in China: Batam, Feira de Santana, Pretoria, Anqing, Sanya, and Juiz de Fora.",1
"Exactly 1 of the following cities are in Japan and exactly 2 are in Ethiopia: Korla, Addis Ababa, Hiroshima, General Santos, Yerevan, and Yangon.",0
"Exactly 1 of the following cities are in Japan and exactly 3 are in China: Huaihua, Shangqiu, Asuncion, Jiangyin, Nizhniy Novgorod, and Niigata.",1
"Exactly 1 of the following cities are in China and exactly 2 are in Turkey: Bahcelievler, Bokaro, Konya, Varanasi, Liaocheng, and Jiaozhou.",0
"Exactly 3 of the following cities are in China and exactly 1 are in Japan: Kayseri, Hachioji, Anshan, Kaifeng, Ziyang, and Kallakurichi.",1
"Exactly 1 of the following cities are in Malaysia and exactly 2 are in Turkey: Klang, Port Harcourt, Suwon, Kahriz, Erzurum, and Abu Ghurayb.",0
"Exactly 3 of the following cities are in India and exactly 1 are in Brazil: Erzurum, Kolhapur, Macapa, Jilin, Ansan-si, and Dhanbad.",0
"Exactly 2 of the following cities are in China and exactly 1 are in Kenya: Cochin, Xinyang, Mombasa, Laiwu, Bokaro, and Novokuznetsk.",1
"Exactly 2 of the following cities are in Côte d'Ivoire and exactly 1 are in Brazil: Porto Alegre, Kampala, Bhayandar, Jaboatao dos Guararapes, The Bronx, and Bouake.",0
"Exactly 1 of the following cities are in Vietnam and exactly 2 are in the Philippines: General Santos, Lubumbashi, Kumamoto, Incheon, Mukalla, and Haiphong.",0
"Exactly 3 of the following cities are in China and exactly 1 are in the Philippines: Karaj, Jabalpur, Huangshi, Cebu City, Jamshedpur, and Sanaa.",0
"Exactly 1 of the following cities are in Iran and exactly 2 are in India: Siliguri, Suez, Qiqihar, Kalyan, Marseille, and Zahedan.",1
"Exactly 1 of the following cities are in the United States and exactly 2 are in Saudi Arabia: The Bronx, Lome, Ta'if, Qom, Shangrao, and Bangkok.",0
"Exactly 1 of the following cities are in Mauritania and exactly 2 are in Mexico: Adana, Xiaogan, Reynosa, Nouakchott, Bareilly, and Riga.",0
"Exactly 1 of the following cities are in Mexico and exactly 3 are in China: Dubai, Tlaquepaque, Lilongwe, Vijayawada, Tianjin, and Orenburg.",0
"Exactly 1 of the following cities are in the Dominican Republic and exactly 2 are in China: Jiamusi, Krasnoyarsk, Maceio, Ahmedabad, Yaroslavl, and Santo Domingo Este.",0
"Exactly 3 of the following cities are in France and exactly 1 are in India: Pikine, Cape Town, Cochin, Daegu, Lyon, and Weihai.",0
"Exactly 1 of the following cities are in China and exactly 1 are in Algeria: Qiqihar, Changwon, Algiers, Guntur, Can Tho, and Ma'anshan.",0
"Exactly 2 of the following cities are in China and exactly 1 are in Brazil: Guarulhos, New South Memphis, Ilorin, Guntur, Wanning, and Changchun.",1
"Exactly 1 of the following cities are in South Africa and exactly 3 are in China: Kakamega, Johannesburg, Meizhou, Dalian, Nanchong, and Sokoto.",1
"Exactly 1 of the following cities are in Gabon and exactly 2 are in Pakistan: Solapur, Dandong, Zibo, Libreville, Fes, and Faisalabad.",0
"Exactly 3 of the following cities are in China and exactly 1 are in India: Ranchi, Luzhou, Reynosa, Zigong, Ma'anshan, and Dakar.",1
"Exactly 2 of the following cities are in China and exactly 1 are in India: Uskudar, Ryazan', Khabarovsk Vtoroy, Anshan, Cochin, and Sanmenxia.",1
"Exactly 2 of the following cities are in China and exactly 2 are in Nigeria: Wuzhou, Kaduna, Ilorin, Bamako, Porto Velho, and Handan.",1
"Exactly 2 of the following cities are in Benin and exactly 1 are in Japan: Baoji, Kyoto, Samarinda, Mudanjiang, Helsinki, and Cotonou.",0
"Exactly 1 of the following cities are in Turkey and exactly 4 are in China: Hamadan, Nanchang, Zhenjiang, Pingdingshan, Gaziantep, and Tabriz.",0
"Exactly 2 of the following cities are in Bangladesh and exactly 1 are in Bulgaria: Comilla, Mandalay, Taguig, Hanzhong, Oklahoma City, and Sofia.",0
"Exactly 1 of the following cities are in Honduras and exactly 3 are in China: Chaozhou, Kawaguchi, San Pedro Sula, Qinhuangdao, Quetta, and Urumqi.",1
"Exactly 1 of the following cities are in Argentina and exactly 3 are in China: Guankou, San Miguel de Tucuman, Tomsk, Wanzhou, Cape Town, and Xiangtan.",1
"Exactly 3 of the following cities are in China and exactly 1 are in Germany: Tiruchirappalli, Abu Dhabi, Hezhou, Xuanzhou, Munich, and Luzhou.",1
"Exactly 2 of the following cities are in Japan and exactly 1 are in Indonesia: Chuzhou, Copenhagen, Bhayandar, Kobe, South Tangerang, and Makhachkala.",0
"Exactly 1 of the following cities are in Iran and exactly 1 are in China: Pasig City, Hezhou, Benxi, Harare, Pingdingshan, and Kermanshah.",0
"Exactly 3 of the following cities are in Germany and exactly 1 are in India: Xuchang, Malang, Huangshi, Coimbatore, Duesseldorf, and Bandar Lampung.",0
"Exactly 1 of the following cities are in Mexico and exactly 2 are in Russia: Bhilai, Bayannur, Milwaukee, Rostov-na-Donu, Ciudad Nezahualcoyotl, and Guatemala City.",0
"Exactly 1 of the following cities are in Turkey and exactly 3 are in India: Sanmenxia, Naberezhnyye Chelny, Jaipur, Konya, Ajmer, and Dehra Dun.",1
"Exactly 1 of the following cities are in Vietnam and exactly 3 are in China: Haiphong, Qingdao, Balikpapan, Tangshan, Zhabei, and Surat.",1
"Exactly 1 of the following cities are in Morocco and exactly 1 are in China: Guigang, Petaling Jaya, Algiers, Ankara, Suwon, and Meknes.",1
"Exactly 1 of the following cities are in Gabon and exactly 2 are in China: Al Basrah al Qadimah, Algiers, Laiwu, Hefei, Bloemfontein, and Libreville.",1
"Exactly 2 of the following cities are in China and exactly 2 are in Morocco: Chuzhou, Beirut, Tonghua, Rohini, Agadir, and Meknes.",1
"Exactly 3 of the following cities are in Pakistan and exactly 1 are in China: Anshun, Matola, Ciudad Guayana, Kotli, Panshan, and Koeln.",0
"Exactly 3 of the following cities are in China and exactly 1 are in Pakistan: Lahore, Tonghua, Baoji, Huzhou, Santo Domingo Oeste, and Krasnodar.",1
"Exactly 2 of the following cities are in India and exactly 1 are in Pakistan: Kolhapur, Bujumbura, Kalyan, Busan, Kunming, and Battagram.",1
"Exactly 1 of the following cities are in Burundi and exactly 3 are in South Korea: Kumasi, Goyang-si, Bujumbura, Warangal, Davao, and Diyarbakir.",0
"Exactly 3 of the following cities are in China and exactly 1 are in Egypt: Ajmer, Al Mahallah al Kubra, Quzhou, Jingmen, Huizhou, and Eskisehir.",1
"Exactly 1 of the following cities are in Japan and exactly 2 are in China: Kobe, Kampung Baru Subang, Macapa, Nanchang, Dehra Dun, and Zhangjiagang.",1
"Exactly 2 of the following cities are in China and exactly 1 are in Iran: Nanjing, Kermanshah, Karol Bagh, Vladivostok, Weifang, and Seattle.",1
"Exactly 2 of the following cities are in China and exactly 1 are in Russia: Yerevan, Khabarovsk, Changchun, Shymkent, Jilin, and Davao.",1
"Exactly 1 of the following cities are in Mexico and exactly 2 are in Malaysia: Klang, Leon de los Aldama, Longyan, Bagcilar, Johor Bahru, and Adana.",1
"Exactly 1 of the following cities are in Colombia and exactly 2 are in India: New York City, Bucaramanga, Gwalior, Visakhapatnam, Fort Worth, and Copenhagen.",1
"Exactly 2 of the following cities are in Indonesia and exactly 1 are in Russia: Vladivostok, Solapur, Semarang, Arequipa, Santo Domingo Este, and Pekanbaru.",1
"Exactly 1 of the following cities are in China and exactly 2 are in Nigeria: Shenyang, Changwon, Guangzhou, Saratov, Xiaogan, and Kaduna.",0
"Exactly 2 of the following cities are in China and exactly 2 are in Nigeria: Qujing, Kakamega, Sokoto, Xianning, Ebute Ikorodu, and Kimhae.",1
"Exactly 2 of the following cities are in Brazil and exactly 1 are in Jordan: Linyi, Quetta, Ribeirao Preto, Amman, Islamabad, and Sao Paulo.",1
"Exactly 3 of the following cities are in Indonesia and exactly 1 are in China: Zaozhuang, Port Harcourt, Makassar, Antwerpen, Islamabad, and Pingdingshan.",0
"Exactly 2 of the following cities are in China and exactly 2 are in Brazil: Torreon, Khulna, Yunfu, Aparecida de Goiania, Hangzhou, and Campos dos Goytacazes.",1
"Exactly 3 of the following cities are in China and exactly 1 are in Indonesia: Xuanzhou, Anqing, Suez, Serang, Khabarovsk Vtoroy, and Bijie.",1
"Exactly 1 of the following cities are in Syria and exactly 2 are in Nigeria: Aleppo, Uberlandia, Sokoto, Matsuyama, Binzhou, and Niamey.",0
"Exactly 1 of the following cities are in Germany and exactly 2 are in China: Navi Mumbai, Asansol, Shenyang, Zhuzhou, Wenzhou, and Frankfurt am Main.",0
"Exactly 2 of the following cities are in Germany and exactly 2 are in Ukraine: Dortmund, Yichang, Orumiyeh, Lviv, Ribeirao Preto, and Penza.",0
"Exactly 1 of the following cities are in India and exactly 3 are in China: Reynosa, Theni, Pikine, Mudanjiang, Sanming, and Shangqiu.",1
"Exactly 3 of the following cities are in Algeria and exactly 1 are in Russia: Tucson, Karol Bagh, Boumerdes, Heze, Tabriz, and Ulyanovsk.",0
"Exactly 2 of the following cities are in China and exactly 1 are in Nigeria: Warri, Algiers, Port Said, Cangzhou, Nasiriyah, and Yingkou.",1
"Exactly 2 of the following cities are in China and exactly 1 are in Turkey: Meizhou, Kakamega, Lanzhou, Santa Maria Chimalhuacan, Malatya, and Lipetsk.",1
"Exactly 3 of the following cities are in China and exactly 1 are in Peru: Coimbatore, Weihai, Meizhou, Denpasar, Callao, and Hegang.",1
"Exactly 1 of the following cities are in Iran and exactly 4 are in Kenya: Mombasa, Erode, Zahedan, Kirkuk, Nagpur, and Antwerpen.",0
"Exactly 3 of the following cities are in China and exactly 1 are in Croatia: Zagreb, Rui'an, Matola, Pikine, Shenzhen, and Xuzhou.",1
"Exactly 3 of the following cities are in Cambodia and exactly 1 are in Japan: Santo Domingo Este, Krakow, Faisalabad, Zhangjiakou, Saitama, and Phnom Penh.",0
"Exactly 1 of the following cities are in Pakistan and exactly 2 are in Iran: Quetta, Dombivli, Porto Velho, Orumiyeh, Port Harcourt, and Kalininskiy.",0
"Exactly 2 of the following cities are in Japan and exactly 1 are in Bangladesh: Madinat an Nasr, Niamey, Hachioji, Rajshahi, Saitama, and Kuantan.",1
"Exactly 2 of the following cities are in China and exactly 1 are in South Africa: Cucuta, Harbin, Nairobi, Korla, Soweto, and Denpasar.",1
"Exactly 1 of the following cities are in Côte d'Ivoire and exactly 2 are in Brazil: Porto Alegre, Kampala, Bhayandar, Jaboatao dos Guararapes, The Bronx, and Bouake.",1
"Exactly 1 of the following cities are in India and exactly 3 are in China: Harbin, Zhabei, Barranquilla, Meerut, Huangshi, and Sao Paulo.",1
"Exactly 1 of the following cities are in Mexico and exactly 4 are in China: Weifang, Bhiwandi, Nanchong, Shangyu, Sanmenxia, and Acapulco de Juarez.",1
"Exactly 2 of the following cities are in Germany and exactly 1 are in Honduras: Dortmund, Zhabei, Kunming, Tegucigalpa, Kathmandu, and Naucalpan de Juarez.",0
"Exactly 1 of the following cities are in Turkey and exactly 3 are in China: Hamadan, Nanchang, Zhenjiang, Pingdingshan, Gaziantep, and Tabriz.",1
"Exactly 2 of the following cities are in Colombia and exactly 1 are in China: Rangpur, Cucuta, Ibague, Vadodara, Chengdu, and Kotli.",1
"Exactly 1 of the following cities are in Iraq and exactly 2 are in Jamaica: Chizhou, Zhaotong, Erbil, New Kingston, Porto Alegre, and Semarang.",0
"Exactly 1 of the following cities are in Paraguay and exactly 3 are in Russia: E'zhou, Penza, Asuncion, Dar es Salaam, Bloemfontein, and Meerut.",0
"Exactly 1 of the following cities are in South Africa and exactly 1 are in Poland: Thiruvananthapuram, Subang Jaya, Lodz, Pietermaritzburg, Sanaa, and Zaozhuang.",1
"Exactly 2 of the following cities are in China and exactly 1 are in the Philippines: Laibin, Kahriz, N'Djamena, Thiruvananthapuram, Cebu City, and Matola.",0
"Exactly 1 of the following cities are in Japan and exactly 3 are in China: Kobe, Lu'an, Kuantan, Linfen, Zhabei, and Asuncion.",1
"Exactly 1 of the following cities are in China and exactly 2 are in India: Harbin, Varanasi, Hannover, Jiaxing, Quetta, and Jambi City.",0
"Exactly 2 of the following cities are in Russia and exactly 1 are in Brazil: Ufa, Santiago de los Caballeros, Mumbai, Uberlandia, Makhachkala, and Rizhao.",1
"Exactly 1 of the following cities are in Nepal and exactly 3 are in Egypt: Kathmandu, Asyut, Denpasar, Hanoi, Erbil, and San Luis Potosi.",0
"Exactly 1 of the following cities are in Turkey and exactly 2 are in China: Namangan, Ma'anshan, Liupanshui, Izmir, Nay Pyi Taw, and Pune.",1
"Exactly 3 of the following cities are in South Korea and exactly 1 are in China: Kampung Baru Subang, Jaboatao, Cheonan, Al Mahallah al Kubra, Ordos, and Al Mawsil al Jadidah.",0
"Exactly 1 of the following cities are in Iraq and exactly 3 are in India: Barquisimeto, Abu Ghurayb, Istanbul, Quezon City, Ahmedabad, and Quetta.",0
"Exactly 1 of the following cities are in Zimbabwe and exactly 2 are in South Korea: Bhayandar, Zhangzhou, Ghaziabad, Harare, Ciudad Nezahualcoyotl, and Suwon.",0
"Exactly 2 of the following cities are in China and exactly 1 are in Nigeria: Bouake, Abeokuta, Xuchang, Nuernberg, Siping, and Algiers.",1
"Exactly 1 of the following cities are in Côte d'Ivoire and exactly 1 are in Japan: Guangzhou, Abidjan, Kobe, Quebec, Rio de Janeiro, and Torreon.",1
"Exactly 2 of the following cities are in Brazil and exactly 2 are in Germany: Duque de Caxias, Munich, Madinat an Nasr, Meizhou, Ciudad Juarez, and Bilimora.",0
"Exactly 3 of the following cities are in China and exactly 1 are in Germany: Ranchi, Rostov-na-Donu, Shenyang, Multan, Munich, and Yichang.",0
"Exactly 1 of the following cities are in Sweden and exactly 2 are in South Africa: Klang, Cebu City, Stockholm, Ya'an, Santiago de Queretaro, and Soweto.",0
"Exactly 2 of the following cities are in Iraq and exactly 1 are in Venezuela: Shantou, Baghdad, Madinat an Nasr, Tiruppur, Ciudad Guayana, and Ya'an.",0
"Exactly 1 of the following cities are in Germany and exactly 2 are in China: Dubai, Weifang, Jamshedpur, Hezhou, Casablanca, and Duesseldorf.",1
"Exactly 2 of the following cities are in Indonesia and exactly 1 are in Iran: Isfahan, Bangkok, Bhiwandi, Hegang, Batam, and Wanzhou.",0
"Exactly 1 of the following cities are in the Philippines and exactly 1 are in Malaysia: Jalandhar, Meizhou, Hebi, Siping, Malacca, and Cebu City.",1
"Exactly 1 of the following cities are in Malaysia and exactly 2 are in Iraq: Malacca, Xuchang, Jiamusi, Izhevsk, Recife, and Erbil.",0
"Exactly 1 of the following cities are in Mexico and exactly 3 are in China: Kalyan, Denpasar, Pingdingshan, Tlalpan, Seongnam-si, and Hiroshima.",0
"Exactly 4 of the following cities are in Kazakhstan and exactly 1 are in Côte d'Ivoire: Kozhikode, Bouake, Shymkent, Yingkou, Yaroslavl, and Ahvaz.",0
"Exactly 2 of the following cities are in China and exactly 1 are in Japan: Kobe, Ha'il, Tianjin, Recife, Dandong, and New Kingston.",1
"Exactly 3 of the following cities are in China and exactly 1 are in Russia: Shangqiu, Turin, Stockholm, Tolyatti, Wenzhou, and Qingdao.",1
"Exactly 2 of the following cities are in Turkey and exactly 1 are in Mexico: Ganzhou, Kota Bharu, Adana, Orumiyeh, Iztapalapa, and Malang.",0
"Exactly 2 of the following cities are in China and exactly 1 are in Saudi Arabia: Guigang, Buraydah, Fukuoka, Kotli, Jiaozhou, and Bujumbura.",1
"Exactly 2 of the following cities are in Indonesia and exactly 1 are in Germany: Hannover, Brasilia, Surakarta, Adana, Ansan-si, and Seattle.",0
"Exactly 1 of the following cities are in Japan and exactly 2 are in China: Santa Maria Chimalhuacan, Neijiang, Kobe, Korla, Chattogram, and Yerevan.",1
"Exactly 2 of the following cities are in Iraq and exactly 1 are in Côte d'Ivoire: Minsk, Chuzhou, Mosul, Bouake, Vladivostok, and Tangerang.",0
"Exactly 1 of the following cities are in Vietnam and exactly 1 are in Tajikistan: Dar es Salaam, Karbala, Thuan An, Surakarta, Soweto, and Dushanbe.",1
"Exactly 1 of the following cities are in China and exactly 3 are in India: Coimbatore, Nyala, Ludhiana, Cotonou, Yunfu, and Jabalpur.",1
"Exactly 3 of the following cities are in Russia and exactly 1 are in China: Yekaterinburg, Chennai, Baghdad, Madurai, Xuchang, and Guayaquil.",0
"Exactly 1 of the following cities are in China and exactly 2 are in Brazil: Mississauga, Kagoshima, Wanzhou, Sao Jose dos Campos, Meerut, and Suqian.",0
"Exactly 1 of the following cities are in Colombia and exactly 2 are in North Korea: Pyongyang, South Tangerang, Barranquilla, Frankfurt am Main, Bobo-Dioulasso, and Kahriz.",0
"Exactly 1 of the following cities are in India and exactly 1 are in Japan: Hamamatsu, Bhayandar, Irbid, Gaziantep, Ryazan', and Indore.",0
"Exactly 4 of the following cities are in China and exactly 1 are in South Africa: Anshan, Peshawar, Pietermaritzburg, Giza, Pekanbaru, and Puducherry.",0
"Exactly 3 of the following cities are in China and exactly 1 are in Venezuela: Prayagraj, Yangjiang, Barquisimeto, Shangluo, Harbin, and New South Memphis.",1
"Exactly 2 of the following cities are in China and exactly 1 are in Turkey: Puente Alto, Vijayawada, Detroit, Chenzhou, Diyarbakir, and Karaj.",0
"Exactly 2 of the following cities are in China and exactly 1 are in Russia: Benin City, Najafgarh, Johannesburg, Perm, Guankou, and Changde.",1
"Exactly 1 of the following cities are in Jordan and exactly 2 are in India: Qionghai, Navi Mumbai, Varanasi, Irbid, Santa Maria Chimalhuacan, and Peshawar.",1
"Exactly 1 of the following cities are in Pakistan and exactly 4 are in China: Shangqiu, Weinan, Xiaogan, Dandong, Kirkuk, and Rahim Yar Khan.",1
"Exactly 2 of the following cities are in Iraq and exactly 1 are in South Korea: Shangrao, Sanming, Abu Ghurayb, Kanpur, Seoul, and Shangyu.",0
"Exactly 2 of the following cities are in the United States and exactly 1 are in India: Izmir, Bhiwandi, Kahriz, Anshun, Milwaukee, and Tanggu.",0
"Exactly 4 of the following cities are in Kenya and exactly 1 are in Indonesia: Santiago de los Caballeros, Cimahi, Malacca, Homs, Wanzhou, and Kakamega.",0
"Exactly 2 of the following cities are in India and exactly 1 are in Russia: Kanayannur, Gwalior, Tianshui, Matola, Khabarovsk, and Chongqing.",1
"Exactly 1 of the following cities are in Nigeria and exactly 1 are in China: Zaria, Zhangjiagang, Odesa, Incheon, Shenyang, and Minsk.",0
"Exactly 1 of the following cities are in Indonesia and exactly 2 are in Algeria: Lianyungang, Banjarmasin, Peshawar, Chiclayo, Liupanshui, and Tebessa.",0
"Exactly 1 of the following cities are in Iraq and exactly 3 are in China: Linfen, Wroclaw, Kirkuk, Xuzhou, Izmir, and Cangzhou.",1
"Exactly 3 of the following cities are in India and exactly 1 are in Russia: Deyang, Narela, Ahmedabad, Krasnoyarsk, Pune, and Ningbo.",1
"Exactly 4 of the following cities are in Germany and exactly 1 are in China: Jiaozuo, Foshan, Ganzhou, Sanmenxia, Munich, and Grosszschocher.",0
"Exactly 1 of the following cities are in Morocco and exactly 1 are in Paraguay: Meknes, Antananarivo, Asuncion, Shangqiu, Wanzhou, and Laiwu.",1
"Exactly 2 of the following cities are in Russia and exactly 2 are in Mexico: Muscat, Ciudad Nezahualcoyotl, Makassar, Campos dos Goytacazes, Suwon, and Krasnodar.",0
"Exactly 2 of the following cities are in Uzbekistan and exactly 1 are in Japan: Namangan, Hiroshima, Heze, Seongnam-si, Rostov-na-Donu, and Thane.",0
"Exactly 1 of the following cities are in Mozambique and exactly 2 are in South Africa: Nampula, Bokaro, Hebi, Nanded, Benoni, and Cape Town.",1
"Exactly 2 of the following cities are in China and exactly 1 are in Pakistan: Orenburg, Zhaoqing, Changwon, Islamabad, Bengaluru, and Yunfu.",1
"Exactly 2 of the following cities are in China and exactly 1 are in Poland: Lodz, Qom, Cankaya, Abidjan, Duque de Caxias, and Shangluo.",0
"Exactly 2 of the following cities are in China and exactly 1 are in Syria: Aleppo, Tanggu, Klang, Baku, Anshun, and Faridabad.",1
"Exactly 2 of the following cities are in Turkey and exactly 1 are in Pakistan: Istanbul, Barquisimeto, Faisalabad, Shizuoka, Taicang, and Bahcelievler.",1
"Exactly 1 of the following cities are in India and exactly 3 are in Brazil: Fortaleza, San Pedro Sula, Joao Pessoa, Contagem, Seongnam-si, and Ludhiana.",1
"Exactly 3 of the following cities are in Russia and exactly 1 are in Nigeria: Oyo, Uberlandia, Chelyabinsk, Kunming, Durban, and Pekanbaru.",0
"Exactly 1 of the following cities are in Nigeria and exactly 2 are in China: Zaria, Zhangjiagang, Odesa, Incheon, Shenyang, and Minsk.",1
"Exactly 1 of the following cities are in the Democratic Republic of the Congo and exactly 2 are in China: Huizhou, Kinshasa, Deyang, Faridabad, Sofia, and Ilorin.",1
"Exactly 3 of the following cities are in China and exactly 1 are in Iran: Beijing, Guigang, Aden, Arak, Helsinki, and Zhaoqing.",1
"Exactly 1 of the following cities are in Burkina Faso and exactly 3 are in China: Bobo-Dioulasso, Istanbul, Siping, Maoming, Shangluo, and Isfahan.",1
"Exactly 2 of the following cities are in China and exactly 1 are in India: Karaj, Daqing, Warangal, Al Ain City, Zhoushan, and Krakow.",1
"Exactly 2 of the following cities are in China and exactly 1 are in Germany: Hezhou, Seattle, Xuchang, Asmara, Aracaju, and Munich.",1
"Exactly 2 of the following cities are in Russia and exactly 1 are in Cambodia: Bhavnagar, Tyumen, Goeteborg, Phnom Penh, Herat, and Suez.",0
"Exactly 1 of the following cities are in Indonesia and exactly 2 are in China: Zaozhuang, Port Harcourt, Makassar, Antwerpen, Islamabad, and Pingdingshan.",1
"Exactly 2 of the following cities are in Mexico and exactly 1 are in the Philippines: Addis Ababa, Cebu City, Ciudad Juarez, Pingdingshan, N'Djamena, and Shah Alam.",0
"Exactly 1 of the following cities are in China and exactly 2 are in Ghana: Shiraz, Accra, Sao Bernardo do Campo, Frankfurt am Main, Shangrao, and Sorocaba.",0
"Exactly 2 of the following cities are in China and exactly 1 are in the Philippines: Paranaque City, Maputo, Antalya, Duesseldorf, Kunming, and Solapur.",0
"Exactly 3 of the following cities are in Saudi Arabia and exactly 1 are in Malawi: Jeddah, Santiago de Cuba, Lilongwe, Buraydah, Shangyu, and Mianzhu, Deyang, Sichuan.",0
"Exactly 2 of the following cities are in Nigeria and exactly 1 are in the Philippines: Jaipur, Jiujiang, Namangan, Jos, Caloocan City, and Hannover.",0
"Exactly 3 of the following cities are in Brazil and exactly 1 are in Uganda: Maturin, Curitiba, Sapporo, Rohini, Islamabad, and Kampala.",0
"Exactly 1 of the following cities are in Syria and exactly 3 are in China: Johor Bahru, Bengbu, Balikpapan, Beijing, Zaozhuang, and Aleppo.",1
"Exactly 1 of the following cities are in South Korea and exactly 3 are in China: Suizhou, Jiaozuo, Suwon, Malacca, Adana, and Xining.",1
"Exactly 2 of the following cities are in Brazil and exactly 1 are in China: Aracaju, Taicang, Tehran, Thuan An, Mexicali, and Suez.",0
"Exactly 3 of the following cities are in China and exactly 1 are in Morocco: Pingliang, Meknes, Yunfu, Bahcelievler, Fuxin, and Ulsan.",1
"Exactly 3 of the following cities are in South Africa and exactly 1 are in Kazakhstan: Solapur, Istanbul, Johannesburg, Aktobe, Shizuoka, and Zapopan.",0
"Exactly 1 of the following cities are in Norway and exactly 3 are in India: Ecatepec de Morelos, Meerut, Oslo, Marseille, Pune, and Najafgarh.",1
"Exactly 1 of the following cities are in the Dominican Republic and exactly 2 are in China: Huangshi, Santo Domingo Este, Albuquerque, Aligarh, Kayseri, and Jambi City.",0
"Exactly 1 of the following cities are in Venezuela and exactly 4 are in China: Ciudad Guayana, Handan, Huainan, Sanya, Eskisehir, and Nanchang.",1
"Exactly 1 of the following cities are in Turkey and exactly 3 are in China: Sarajevo, Pune, Huzhou, Astrakhan, Antalya, and Erzurum.",0
"Exactly 3 of the following cities are in China and exactly 1 are in Egypt: Pingliang, Amman, Shubra al Khaymah, Maturin, Qionghai, and Xianyang.",1
"Exactly 2 of the following cities are in India and exactly 1 are in Vietnam: Rio de Janeiro, Thuan An, Meizhou, Pune, Brazzaville, and Cuttack.",1
"Exactly 1 of the following cities are in China and exactly 2 are in Burundi: Hegang, Aparecida de Goiania, Hanoi, Weinan, Bujumbura, and Xingtai.",0
"Exactly 1 of the following cities are in Pakistan and exactly 3 are in India: Liaocheng, Muzaffarabad, Lipetsk, Indore, Maoming, and Kayseri.",0
"Exactly 1 of the following cities are in the United States and exactly 2 are in India: Shihezi, Guangzhou, Sangli, Herat, Jiaxing, and New York City.",0
"Exactly 1 of the following cities are in India and exactly 3 are in China: Thiruvananthapuram, Yangquan, N'Djamena, Hohhot, Cangzhou, and Lome.",1
"Exactly 2 of the following cities are in China and exactly 1 are in Russia: Kobe, Benin City, Astrakhan, Chengdu, Changde, and Malacca.",1
"Exactly 2 of the following cities are in India and exactly 1 are in Bangladesh: Ulhasnagar, Linyi, Islamabad, Rajshahi, Borivli, and Nanjing.",1
"Exactly 1 of the following cities are in Pakistan and exactly 3 are in China: Kotli, Santo Domingo Oeste, Guntur, Handan, Yingkou, and Sanming.",1
"Exactly 1 of the following cities are in India and exactly 2 are in China: Conakry, Guang'an, Baghdad, Nouakchott, Nanded, and Shihezi.",1
"Exactly 1 of the following cities are in Saudi Arabia and exactly 3 are in the United States: Ha'il, Manaus, Ningbo, Pune, New York City, and Nagpur.",0
"Exactly 1 of the following cities are in China and exactly 2 are in Germany: Hezhou, Hiroshima, Bogor, Frankfurt am Main, Caracas, and Tokyo.",0
"Exactly 1 of the following cities are in Indonesia and exactly 3 are in China: Shihezi, Makassar, Longyan, Quebec, Mosul, and Reynosa.",0
"Exactly 1 of the following cities are in Pakistan and exactly 2 are in India: Ajmer, Teresina, Puducherry, Huaibei, Karachi, and Guangyuan.",1
"Exactly 1 of the following cities are in Morocco and exactly 2 are in China: Novosibirsk, Zhaotong, Ningbo, Rangpur, Tangier, and Amman.",1
"Exactly 2 of the following cities are in China and exactly 2 are in India: Ghaziabad, Cixi, Cape Town, Qinzhou, Tegucigalpa, and Johor Bahru.",0
"Exactly 2 of the following cities are in Mexico and exactly 1 are in Vietnam: Shuangyashan, Coyoacan, Da Nang, Kharkiv, Lome, and Herat.",0
"Exactly 1 of the following cities are in Indonesia and exactly 1 are in China: Surakarta, Yangquan, Kitakyushu, Astrakhan, Zibo, and Khartoum.",0
"Exactly 3 of the following cities are in Russia and exactly 1 are in the Democratic Republic of the Congo: Kathmandu, Thiruvananthapuram, Khabarovsk Vtoroy, Kisangani, Baise, and Caracas.",0
"Exactly 1 of the following cities are in Myanmar and exactly 2 are in India: Luzhou, Borivli, Ningbo, Qujing, Chaozhou, and Yangon.",0
"Exactly 1 of the following cities are in Uzbekistan and exactly 2 are in Iraq: Samarkand, Basrah, Al Mahallah al Kubra, Meknes, Xuzhou, and Mosul.",1
"Exactly 3 of the following cities are in Russia and exactly 2 are in China: Leon de los Aldama, Novosibirsk, Anshan, Munich, Barranquilla, and Huaibei.",0
"Exactly 2 of the following cities are in China and exactly 1 are in Turkmenistan: Warri, Huizhou, Florianopolis, Astrakhan, Ningbo, and Ashgabat.",1
"Exactly 1 of the following cities are in Morocco and exactly 3 are in Vietnam: Adana, Ma'anshan, Meknes, Hanoi, Jabalpur, and Jieyang.",0
"Exactly 1 of the following cities are in India and exactly 2 are in China: Asansol, Orumiyeh, Changchun, Hiroshima, Odesa, and Ganzhou.",1
"Exactly 1 of the following cities are in South Korea and exactly 2 are in Nigeria: Namangan, Lianyungang, Ansan-si, Abeokuta, Shaoguan, and Quito.",0
"Exactly 3 of the following cities are in Argentina and exactly 1 are in China: Ansan-si, Aleppo, Anshan, Leon de los Aldama, Jambi City, and Mar del Plata.",0
"Exactly 1 of the following cities are in Burkina Faso and exactly 2 are in China: Ouagadougou, Sulaymaniyah, Bogor, Ganzhou, Al Hudaydah, and Fukuoka.",0
"Exactly 3 of the following cities are in Thailand and exactly 1 are in France: Lyon, Shah Alam, Ziyang, Bangkok, Beirut, and Kuantan.",0
"Exactly 2 of the following cities are in Iraq and exactly 1 are in the Philippines: Kyiv, Al Basrah al Qadimah, Quezon City, Pekanbaru, Al Mawsil al Jadidah, and Porto Alegre.",1
"Exactly 1 of the following cities are in Cambodia and exactly 3 are in China: Xining, Fes, Hamamatsu, Phnom Penh, Zhoushan, and Xiamen.",1
"Exactly 1 of the following cities are in Iran and exactly 3 are in China: Pingliang, Batam, Las Pinas, Jalandhar, Shiraz, and Guayaquil.",0
"Exactly 1 of the following cities are in Ukraine and exactly 2 are in Bangladesh: Zaporizhzhya, Navi Mumbai, Shanghai, Comilla, Victoria de Durango, and Caloocan City.",0
"Exactly 2 of the following cities are in China and exactly 1 are in Malawi: Hamhung, Shangluo, Abobo, Weifang, Maiduguri, and Lilongwe.",1
"Exactly 1 of the following cities are in China and exactly 2 are in India: Changde, Jalandhar, Bien Hoa, Samarinda, Huaibei, and Peshawar.",0
"Exactly 2 of the following cities are in Brazil and exactly 1 are in China: Casablanca, Dhanbad, Ribeirao Preto, Macapa, Mar del Plata, and Xinyang.",1
"Exactly 1 of the following cities are in South Korea and exactly 1 are in China: Suez, Onitsha, Hwaseong-si, Zhanjiang, Xining, and Baotou.",0
"Exactly 1 of the following cities are in China and exactly 2 are in Japan: Ranchi, Wanzhou, Bouake, Osaka, Curitiba, and Wanxian.",0
"Exactly 1 of the following cities are in Vietnam and exactly 4 are in Côte d'Ivoire: Al Ain City, Chelyabinsk, Abobo, Harbin, Wanzhou, and Ho Chi Minh City.",0
"Exactly 1 of the following cities are in Pakistan and exactly 2 are in Venezuela: Islamabad, Kakamega, Riga, Suwon, Caracas, and Sendai.",0
"Exactly 3 of the following cities are in China and exactly 1 are in Brazil: Laiwu, Xinyang, Shangyu, Jabalpur, Duque de Caxias, and Leon de los Aldama.",1
"Exactly 2 of the following cities are in Turkey and exactly 2 are in Brazil: Sao Jose dos Campos, Xining, Al Ahmadi, Zhabei, Ankara, and Shivaji Nagar.",0
"Exactly 2 of the following cities are in China and exactly 1 are in India: Seattle, Weinan, Bogor, Sofia, Shihezi, and Aligarh.",1
"Exactly 2 of the following cities are in India and exactly 1 are in Saudi Arabia: Teresina, Dakar, Narela, Vijayawada, Bandar Lampung, and Ta'if.",1
"Exactly 1 of the following cities are in Brazil and exactly 4 are in China: Chenzhou, Weinan, Muzaffarabad, Xining, Contagem, and Shenzhen.",1
"Exactly 3 of the following cities are in the United Arab Emirates and exactly 1 are in Turkey: Naucalpan de Juarez, Aligarh, Suqian, Antalya, Islamabad, and Dubai.",0
"Exactly 1 of the following cities are in Sweden and exactly 1 are in Pakistan: Karachi, Ipoh, Bahawalpur, Xining, Zibo, and Goeteborg.",0
"Exactly 1 of the following cities are in India and exactly 2 are in Egypt: Shanghai, Rangpur, Fushun, Kumamoto, Shubra al Khaymah, and Varanasi.",0
"Exactly 1 of the following cities are in Japan and exactly 3 are in China: Tanggu, Hegang, Saitama, Meknes, Zapopan, and Urumqi.",1
"Exactly 3 of the following cities are in China and exactly 1 are in Mozambique: Kashgar, Zhenjiang, Al Basrah al Qadimah, Neijiang, Taiz, and Nampula.",1
"Exactly 1 of the following cities are in Russia and exactly 2 are in Nigeria: Duque de Caxias, Saratov, Batam, Pimpri, Sokoto, and Busan.",0
"Exactly 2 of the following cities are in India and exactly 1 are in the United Arab Emirates: Gwalior, Taguig, Shizuoka, Ansan-si, Abu Dhabi, and Rourkela.",1
"Exactly 2 of the following cities are in Brazil and exactly 1 are in Indonesia: Kirkuk, Malang, Taguig, Teresina, Khulna, and Homyel'.",0
"Exactly 3 of the following cities are in China and exactly 1 are in Yemen: Poznan, Aden, Shijiazhuang, Weifang, Bengbu, and Bobo-Dioulasso.",1
"Exactly 1 of the following cities are in China and exactly 3 are in Vietnam: Duque de Caxias, Thuan An, Ecatepec de Morelos, Libreville, Tomsk, and Fushun.",0
"Exactly 1 of the following cities are in Mexico and exactly 2 are in China: Tegucigalpa, Prayagraj, Guangyuan, Shymkent, Changshu, and San Luis Potosi.",1
"Exactly 2 of the following cities are in Ghana and exactly 1 are in India: Jabalpur, Abu Ghurayb, Kumasi, Taicang, Zhoushan, and Ulsan.",0
"Exactly 2 of the following cities are in Morocco and exactly 1 are in Peru: Baghdad, Ziyang, Casablanca, Tangshan, Callao, and Marseille.",0
"Exactly 1 of the following cities are in the Democratic Republic of the Congo and exactly 2 are in South Korea: Jeonju, Ansan-si, Pekanbaru, Kisangani, Surakarta, and Goiania.",1
"Exactly 2 of the following cities are in China and exactly 2 are in India: Linyi, Baise, Jalandhar, Faridabad, Benoni, and Callao.",1
"Exactly 1 of the following cities are in India and exactly 3 are in China: Libreville, Tonghua, Liupanshui, Bien Hoa, Narela, and Wenzhou.",1
"Exactly 1 of the following cities are in the Philippines and exactly 2 are in China: Samarinda, Deyang, Paranaque City, Krasnoyarsk, Bouake, and Harbin.",1
"Exactly 2 of the following cities are in Burundi and exactly 1 are in Moldova: Lusaka, Samarinda, Bujumbura, Chisinau, Nuernberg, and Wanxian.",0
"Exactly 1 of the following cities are in China and exactly 1 are in Iraq: Asuncion, Basrah, Shijiazhuang, Cebu City, Eskisehir, and Changshu.",0
"Exactly 2 of the following cities are in India and exactly 1 are in Syria: Hamhung, Ludhiana, San Miguel de Tucuman, Kathmandu, Ar Raqqah, and Najafgarh.",1
"Exactly 1 of the following cities are in China and exactly 1 are in the Philippines: Mazar-e Sharif, Erbil, Makati City, Naucalpan de Juarez, Brasilia, and Puning.",1
"Exactly 2 of the following cities are in Brazil and exactly 1 are in Venezuela: Maceio, Ciudad Guayana, Dandong, Xining, Konya, and Hangzhou.",0
"Exactly 2 of the following cities are in Mexico and exactly 1 are in the United States: Yunfu, Sendai, Rourkela, Deyang, Aguascalientes, and Indianapolis.",0
"Exactly 1 of the following cities are in Uganda and exactly 2 are in Japan: Bursa, Hamamatsu, Meknes, Zhangye, Kolkata, and Kampala.",0
"Exactly 2 of the following cities are in China and exactly 1 are in Germany: Maturin, Lilongwe, Qinhuangdao, Frankfurt am Main, Rahim Yar Khan, and Guangzhou.",1
"Exactly 1 of the following cities are in Russia and exactly 3 are in North Korea: Suqian, Hamhung, Binzhou, Anshun, Ufa, and Thuan An.",0
"Exactly 1 of the following cities are in Canada and exactly 2 are in Brazil: Aparecida de Goiania, Astrakhan, Abu Dhabi, Himeji, Cebu City, and Mississauga.",0
"Exactly 2 of the following cities are in Japan and exactly 2 are in China: Deyang, Nagoya, Cochin, Nanjing, Fukuoka, and Yaroslavl.",1
"Exactly 3 of the following cities are in China and exactly 1 are in India: Bayannur, Cixi, Irbid, Guarulhos, Zhoushan, and Narela.",1
"Exactly 1 of the following cities are in India and exactly 3 are in Nepal: Kathmandu, Sao Paulo, Huzhou, Nowrangapur, Huaihua, and Santo Domingo Este.",0
"Exactly 2 of the following cities are in Vietnam and exactly 1 are in Mexico: Uberlandia, Can Tho, Zaozhuang, Coyoacan, Ajmer, and Wuhan.",0
"Exactly 1 of the following cities are in Bangladesh and exactly 3 are in China: Okayama, Tijuana, Xianyang, Rangpur, Zigong, and Zunyi.",1
"Exactly 1 of the following cities are in France and exactly 3 are in China: Ziyang, Amravati, Zhoushan, Marseille, Chongqing, and Pekanbaru.",1
"Exactly 1 of the following cities are in Malaysia and exactly 1 are in Brazil: Shah Alam, Quito, Quzhou, Dehra Dun, Nanjing, and Guarulhos.",1
"Exactly 1 of the following cities are in Vietnam and exactly 2 are in India: Kanayannur, Dhanbad, Jiangyin, Thuan An, Semarang, and Kunming.",1
"Exactly 2 of the following cities are in Gabon and exactly 1 are in the United Arab Emirates: Santa Maria Chimalhuacan, Huaihua, Yunfu, Bokaro, Libreville, and Al Ain City.",0
"Exactly 3 of the following cities are in South Korea and exactly 1 are in Malaysia: Ulsan, Seattle, Beijing, Kampung Baru Subang, Kandahar, and Puning.",0
"Exactly 4 of the following cities are in Uganda and exactly 1 are in South Korea: Seongnam-si, Chennai, Bulawayo, Kampala, New Kingston, and Jambi City.",0
"Exactly 2 of the following cities are in Colombia and exactly 2 are in Iran: San Luis Potosi, Izmir, Santo Domingo Oeste, Cucuta, Matsuyama, and Zahedan.",0
"Exactly 1 of the following cities are in North Korea and exactly 3 are in Japan: Las Pinas, Linfen, Guigang, Hamamatsu, Pyongyang, and Krasnoyarsk.",0
"Exactly 2 of the following cities are in Pakistan and exactly 4 are in Brazil: Izmir, Rahim Yar Khan, Al Mahallah al Kubra, Jaboatao dos Guararapes, Port Said, and Suining.",0
"Exactly 1 of the following cities are in Nigeria and exactly 3 are in China: Kano, Asuncion, Shantou, Luohe, Salta, and Shihezi.",1
"Exactly 1 of the following cities are in Turkey and exactly 4 are in China: Kayseri, Qingdao, Nanchang, Warangal, Handan, and Taicang.",1
"Exactly 2 of the following cities are in Russia and exactly 1 are in Indonesia: Siping, Santiago de los Caballeros, Tangerang, Novokuznetsk, Mersin, and Krasnodar.",1
"Exactly 1 of the following cities are in Russia and exactly 1 are in Argentina: Gwalior, San Miguel de Tucuman, Izhevsk, Bhilai, Latakia, and Ahmedabad.",1
"Exactly 1 of the following cities are in China and exactly 2 are in India: Zapopan, Pikine, Sangli, Mosul, Ziyang, and Feira de Santana.",0
"Exactly 1 of the following cities are in India and exactly 2 are in China: Amravati, Yangjiang, Santiago de los Caballeros, Hegang, Bishkek, and Tebessa.",1
"Exactly 1 of the following cities are in China and exactly 2 are in the Republic of the Congo: Ciudad Guayana, Homyel', Grosszschocher, Yangjiang, Brazzaville, and Petaling Jaya.",0
"Exactly 1 of the following cities are in Germany and exactly 2 are in Bangladesh: Izmir, Khulna, Lubumbashi, Macapa, Munich, and Dar es Salaam.",0
"Exactly 1 of the following cities are in Poland and exactly 1 are in Japan: Poznan, Kitakyushu, Ashgabat, Semarang, Vilnius, and Zhumadian.",1
"Exactly 2 of the following cities are in China and exactly 1 are in Ukraine: Ciudad Guayana, Liuzhou, Volgograd, Zhumadian, Brazzaville, and Kryvyy Rih.",1
"Exactly 3 of the following cities are in China and exactly 1 are in the Dominican Republic: Qionghai, Faridabad, Yiwu, Sambhaji Nagar, Santo Domingo Este, and Yangjiang.",1
"Exactly 1 of the following cities are in Mexico and exactly 3 are in India: Cancun, Sokoto, Maputo, Thiruvananthapuram, Amravati, and Cuttack.",1
"Exactly 1 of the following cities are in the United Arab Emirates and exactly 3 are in South Africa: Durban, Izmir, Phnom Penh, Dubai, Istanbul, and Tokyo.",0
"Exactly 1 of the following cities are in Burkina Faso and exactly 3 are in India: Thiruvananthapuram, Mumbai, Yekaterinburg, Luzhou, Bobo-Dioulasso, and Ajmer.",1
"Exactly 1 of the following cities are in India and exactly 3 are in China: Helsinki, Hangzhou, Zibo, Abidjan, Bilimora, and Zhengzhou.",1
"Exactly 3 of the following cities are in China and exactly 1 are in the Dominican Republic: Santo Domingo Oeste, Kimhae, Suez, Samarkand, Nanchong, and Santo Domingo Este.",0
"Exactly 1 of the following cities are in Russia and exactly 3 are in the United States: Xuanzhou, Pietermaritzburg, Queens, Ilorin, Chicago, and Izhevsk.",0
"Exactly 1 of the following cities are in the United States and exactly 2 are in Algeria: Algiers, New York City, Contagem, Adana, Warri, and Hohhot.",0
"Exactly 1 of the following cities are in Bangladesh and exactly 2 are in Hungary: Comilla, Budapest, Yaroslavl, Grosszschocher, Karbala, and Kolhapur.",0
"Exactly 1 of the following cities are in India and exactly 1 are in Egypt: Osaka, Asyut, Kallakurichi, Bhopal, Fuxin, and Anshan.",0
"Exactly 2 of the following cities are in South Korea and exactly 1 are in China: Xingtai, Puente Alto, Xuanzhou, Ulsan, Beira, and Mersin.",0
"Exactly 1 of the following cities are in Germany and exactly 1 are in Kenya: Kakamega, Enugu, Jambi City, Kleinzschocher, Qiqihar, and Abu Dhabi.",1
"Exactly 1 of the following cities are in India and exactly 2 are in Nigeria: Ebute Ikorodu, Onitsha, Shangluo, Santiago de los Caballeros, Varanasi, and Luohe.",1
"Exactly 1 of the following cities are in China and exactly 1 are in South Korea: Can Tho, Libreville, Seoul, Fuxin, Zhaoqing, and Ecatepec de Morelos.",0
"Exactly 2 of the following cities are in China and exactly 2 are in India: Bulawayo, Borivli, Benoni, Cangzhou, Bayannur, and Chandigarh.",1
"Exactly 2 of the following cities are in Russia and exactly 1 are in Egypt: Zhenjiang, Kinshasa, Kathmandu, Chelyabinsk, Novosibirsk, and Giza.",1
"Exactly 3 of the following cities are in Vietnam and exactly 1 are in the United Arab Emirates: Bamako, Al Ain City, Bouake, Ashgabat, Hanoi, and Asuncion.",0
"Exactly 1 of the following cities are in India and exactly 2 are in Venezuela: Cimahi, Amritsar, Maturin, Goeteborg, Kumasi, and Feira de Santana.",0
"Exactly 1 of the following cities are in Brazil and exactly 2 are in Russia: Jabalpur, Kano, Ribeirao Preto, Munich, Qiqihar, and Tomsk.",0
"Exactly 1 of the following cities are in the United States and exactly 2 are in Mexico: Korla, Naucalpan de Juarez, Ya'an, Queens, Surat, and Reynosa.",1
"Exactly 1 of the following cities are in India and exactly 2 are in Zambia: Yongzhou, Irkutsk, Ajmer, Herat, Pimpri, and Lusaka.",0
"Exactly 2 of the following cities are in Russia and exactly 1 are in Venezuela: Ryazan', Acapulco de Juarez, Foshan, Makhachkala, Caracas, and Zhengzhou.",1
"Exactly 1 of the following cities are in Egypt and exactly 4 are in China: Panzhihua, E'zhou, Al Mahallah al Kubra, Pingliang, Qingdao, and Namangan.",1
"Exactly 2 of the following cities are in India and exactly 1 are in the United States: Oklahoma City, Fuxin, Ha'il, Hubli, Oslo, and Linyi.",0
"Exactly 2 of the following cities are in Egypt and exactly 1 are in Pakistan: Rajshahi, Thiruvananthapuram, Boumerdes, Izmir, Kotli, and Suez.",0
"Exactly 2 of the following cities are in China and exactly 2 are in India: Panzhihua, Liuzhou, Bhiwandi, Kolkata, Bishkek, and Makhachkala.",1
"Exactly 1 of the following cities are in Japan and exactly 3 are in China: Osaka, Weihai, Conakry, Chizhou, Hezhou, and Kuala Lumpur.",1
"Exactly 1 of the following cities are in the United States and exactly 2 are in China: Mianzhu, Deyang, Sichuan, New York City, Malang, Tijuana, Samarinda, and Nanchong.",1
"Exactly 2 of the following cities are in China and exactly 1 are in the United States: Kashgar, Yerevan, Tucson, Bhubaneswar, Zaria, and Shijiazhuang.",1
"Exactly 2 of the following cities are in South Africa and exactly 1 are in China: Kakamega, Johannesburg, Meizhou, Dalian, Nanchong, and Sokoto.",0
"Exactly 3 of the following cities are in Germany and exactly 1 are in Turkey: Zunyi, Esenler, Lilongwe, Campos dos Goytacazes, Bengaluru, and Duesseldorf.",0
"Exactly 1 of the following cities are in India and exactly 1 are in China: Pune, Kinshasa, Linfen, Ludhiana, Harare, and Paranaque City.",0
"Exactly 1 of the following cities are in Syria and exactly 2 are in Malaysia: Warangal, Varanasi, Guilin, Homs, Nanchang, and Malacca.",0
"Exactly 3 of the following cities are in China and exactly 1 are in Tajikistan: Tianshui, Zibo, Dushanbe, Jiangyin, Seongnam-si, and Ahvaz.",1
"Exactly 1 of the following cities are in South Korea and exactly 3 are in China: Kawaguchi, Hachioji, Shenyang, Xuanzhou, Tianshui, and Incheon.",1
"Exactly 2 of the following cities are in India and exactly 1 are in Turkmenistan: Ashgabat, Subang Jaya, Kandahar, Florianopolis, Soweto, and Ranchi.",0
"Exactly 3 of the following cities are in China and exactly 1 are in the United States: Xiangtan, Sao Bernardo do Campo, The Bronx, Weinan, Hegang, and Pekanbaru.",1
"Exactly 1 of the following cities are in China and exactly 2 are in South Korea: Balikpapan, Malacca, Longyan, Ningbo, Leipzig, and Changwon.",0
"Exactly 3 of the following cities are in China and exactly 1 are in Turkey: Zhangzhou, Izmir, Mbuji-Mayi, Luzhou, Nagoya, and Ordos.",1
"Exactly 1 of the following cities are in Sweden and exactly 2 are in Pakistan: Karachi, Ipoh, Bahawalpur, Xining, Zibo, and Goeteborg.",1
"Exactly 1 of the following cities are in China and exactly 3 are in Nigeria: Warri, Algiers, Port Said, Cangzhou, Nasiriyah, and Yingkou.",0
"Exactly 1 of the following cities are in China and exactly 2 are in Bulgaria: Dakar, Sofia, Saratov, Bishkek, Chongqing, and Johannesburg.",0
"Exactly 3 of the following cities are in Mexico and exactly 1 are in North Korea: Klang, Hamhung, Tokyo, Al Ain City, Ciudad Nezahualcoyotl, and Quetta.",0
"Exactly 1 of the following cities are in the Philippines and exactly 2 are in China: Lviv, Kampung Baru Subang, Maceio, Dnipro, Chenzhou, and Cebu City.",0
"Exactly 1 of the following cities are in Yemen and exactly 2 are in China: Shangyu, Gujranwala, Tucson, Mbuji-Mayi, Mukalla, and Laibin.",1
"Exactly 1 of the following cities are in China and exactly 1 are in Turkey: New South Memphis, Bengbu, Huangshi, Quito, Ya'an, and Bursa.",0
"Exactly 2 of the following cities are in India and exactly 1 are in Iran: Thane, Visakhapatnam, Zhangjiakou, Deyang, Haiphong, and Orumiyeh.",1
"Exactly 1 of the following cities are in Zimbabwe and exactly 1 are in China: Incheon, Sanaa, Bien Hoa, Hohhot, Bulawayo, and Giza.",1
"Exactly 2 of the following cities are in China and exactly 1 are in Nigeria: Soweto, Duque de Caxias, Abeokuta, Kobe, Chenzhou, and Xining.",1
"Exactly 1 of the following cities are in Afghanistan and exactly 3 are in China: Indore, Zhangjiagang, Subang Jaya, Herat, Zhaotong, and Xianning.",1
"Exactly 1 of the following cities are in Venezuela and exactly 3 are in China: Tangshan, Caracas, Changshu, Johannesburg, Nairobi, and Yangjiang.",1
"Exactly 1 of the following cities are in South Korea and exactly 3 are in the Republic of the Congo: Ipoh, Cheongju-si, Brazzaville, Weifang, Xiangtan, and Panzhihua.",0
"Exactly 1 of the following cities are in Pakistan and exactly 2 are in Russia: Omsk, Nanchang, Can Tho, Karachi, Adana, and Aracaju.",0
"Exactly 2 of the following cities are in Pakistan and exactly 2 are in Syria: Nashik, Jilin, Davao, Kobe, Homs, and Battagram.",0
"Exactly 1 of the following cities are in China and exactly 1 are in Somalia: Jos, Islamabad, Jieyang, Mogadishu, Muzaffarabad, and Ha'il.",1
"Exactly 2 of the following cities are in South Africa and exactly 1 are in Russia: Multan, Aligarh, Johannesburg, Bayannur, Ryazan', and Hengyang.",0
"Exactly 1 of the following cities are in Turkey and exactly 2 are in India: Eskisehir, Prayagraj, Guwahati, Ipoh, Foshan, and Kakamega.",1
"Exactly 2 of the following cities are in India and exactly 1 are in Thailand: Bangkok, Nagpur, Hangzhou, Cuttack, Anshun, and Quzhou.",1
"Exactly 1 of the following cities are in South Korea and exactly 2 are in Côte d'Ivoire: Kawaguchi, Changwon, Guangyuan, Abidjan, Abobo, and Bien Hoa.",1
"Exactly 2 of the following cities are in Senegal and exactly 1 are in China: Mississauga, Krasnodar, Wuhan, Maracay, Dakar, and Mexicali.",0
"Exactly 2 of the following cities are in the United States and exactly 1 are in Russia: Fuxin, Vladivostok, Beira, Tashkent, Milwaukee, and Changshu.",0
"Exactly 2 of the following cities are in Indonesia and exactly 2 are in Russia: Surakarta, Harare, Astrakhan, Sanya, Jabalpur, and Ma'anshan.",0
"Exactly 2 of the following cities are in China and exactly 1 are in North Korea: Chongqing, Shihezi, Ta'if, Pyongyang, Ahmedabad, and Karaj.",1
"Exactly 2 of the following cities are in Germany and exactly 1 are in South Korea: Omdurman, Busan, Jieyang, Pietermaritzburg, Munich, and Zhangjiagang.",0
"Exactly 1 of the following cities are in Mexico and exactly 3 are in the United States: Milwaukee, Yinchuan, San Miguel de Tucuman, Gold Coast, Langfang, and Acapulco de Juarez.",0
"Exactly 4 of the following cities are in Benin and exactly 1 are in Venezuela: Cotonou, Hebi, Ciudad Guayana, Jiaxing, Port Harcourt, and Kaduna.",0
"Exactly 1 of the following cities are in Brazil and exactly 3 are in Vietnam: Ulhasnagar, Bloemfontein, Nova Iguacu, Serang, Hanoi, and Kota Bharu.",0
"Exactly 2 of the following cities are in Pakistan and exactly 1 are in Iraq: Jeddah, Kunming, Karachi, Kotli, Herat, and Basrah.",1
"Exactly 2 of the following cities are in China and exactly 1 are in Brazil: Handan, Sao Paulo, Hwaseong-si, Kampung Baru Subang, Jiaxing, and Lome.",1
"Exactly 2 of the following cities are in Brazil and exactly 1 are in India: Jaboatao, Changshu, Nashik, Albuquerque, Nova Iguacu, and Konya.",1
"Exactly 1 of the following cities are in Malaysia and exactly 4 are in China: Chizhou, Klang, Xuanzhou, Huzhou, Zaozhuang, and Mersin.",1
"Exactly 2 of the following cities are in Denmark and exactly 1 are in Indonesia: Copenhagen, Luzhou, Fes, Novosibirsk, Sanya, and Balikpapan.",0
"Exactly 3 of the following cities are in China and exactly 1 are in Haiti: Prayagraj, Port-au-Prince, Jiangyin, Coimbatore, Chengdu, and Shenyang.",1
"Exactly 1 of the following cities are in Romania and exactly 2 are in China: Changchun, Xuanzhou, The Bronx, Kano, Bucharest, and Nagoya.",1
"Exactly 2 of the following cities are in India and exactly 1 are in Brazil: Helsinki, Najafgarh, Kahriz, Mumbai, Bucaramanga, and Duque de Caxias.",1
"Exactly 1 of the following cities are in Brazil and exactly 2 are in China: Kalyan, Wroclaw, Chaozhou, Jaboatao, Zaozhuang, and Cochin.",1
"Exactly 1 of the following cities are in Saudi Arabia and exactly 3 are in China: Weinan, Brasilia, Shenzhen, Buraydah, Puning, and Ulsan.",1
"Exactly 2 of the following cities are in Peru and exactly 2 are in Myanmar: Yangon, N'Djamena, Kaifeng, Tabriz, Chiclayo, and Brazzaville.",0
"Exactly 1 of the following cities are in the Philippines and exactly 2 are in Russia: Taguig, Quzhou, Johor Bahru, Jabalpur, Tolyatti, and Tyumen.",1
"Exactly 3 of the following cities are in China and exactly 1 are in Mexico: Incheon, Yongzhou, Nuernberg, Ouagadougou, Mexicali, and Ibadan.",0
"Exactly 1 of the following cities are in Jordan and exactly 3 are in China: Luancheng, Bagcilar, Nanchang, Amman, Oklahoma City, and Jilin.",1
"Exactly 1 of the following cities are in Russia and exactly 1 are in Jordan: Abidjan, Abeokuta, Saratov, Da Nang, Amman, and Yekaterinburg.",0
"Exactly 1 of the following cities are in Morocco and exactly 3 are in Mozambique: Bauchi, Beira, Neijiang, Marrakesh, Shivaji Nagar, and Giza.",0
"Exactly 1 of the following cities are in China and exactly 2 are in Turkey: Pekanbaru, Luohe, Adana, Santo Domingo Oeste, Huaibei, and Rajkot.",0
"Exactly 2 of the following cities are in Russia and exactly 1 are in China: Bhayandar, Kanpur, Zibo, Ulyanovsk, Detroit, and Buraydah.",0
"Exactly 3 of the following cities are in Russia and exactly 1 are in Iran: Orenburg, Campos dos Goytacazes, Shiraz, Nasiriyah, Conakry, and Xuchang.",0
"Exactly 1 of the following cities are in Rwanda and exactly 3 are in China: Kuantan, Malang, Kigali, Bayannur, Pingliang, and Puning.",1
"Exactly 2 of the following cities are in India and exactly 2 are in Russia: Kano, Ryazan', Tolyatti, Prayagraj, Oyo, and Kanpur.",1
"Exactly 1 of the following cities are in Paraguay and exactly 2 are in China: Anshan, Asuncion, Yangjiang, Nairobi, Namangan, and Copenhagen.",1
"Exactly 4 of the following cities are in China and exactly 1 are in Tajikistan: Bahawalpur, Kakamega, Culiacan, Kolkata, Dushanbe, and Shantou.",0
"Exactly 1 of the following cities are in Ukraine and exactly 3 are in the Democratic Republic of the Congo: Kinshasa, Anqing, Minsk, Da Nang, Kryvyy Rih, and Kayseri.",0
"Exactly 1 of the following cities are in China and exactly 1 are in India: Serang, Mosul, Baoji, Jaipur, Brazzaville, and Vadodara.",0
"Exactly 4 of the following cities are in China and exactly 1 are in Russia: Xining, Taicang, Perm, Laibin, Jinan, and Sambhaji Nagar.",1
"Exactly 1 of the following cities are in Afghanistan and exactly 4 are in Japan: Wanning, Thuan An, Kumamoto, Kaduna, Teresina, and Herat.",0
"Exactly 1 of the following cities are in Japan and exactly 2 are in China: Busan, Albuquerque, Yunfu, Koeln, Ningbo, and Kitakyushu.",1
"Exactly 1 of the following cities are in the Philippines and exactly 3 are in China: Pingliang, Ulsan, Yangquan, Orumiyeh, Chuzhou, and Las Pinas.",1
"Exactly 1 of the following cities are in Moldova and exactly 2 are in China: Kaduna, Chisinau, Mazar-e Sharif, Xuzhou, Battagram, and Deyang.",1
"Exactly 2 of the following cities are in Turkey and exactly 1 are in China: Deyang, Belo Horizonte, Liaocheng, Esenler, Shenyang, and Kuantan.",0
"Exactly 2 of the following cities are in China and exactly 2 are in Iraq: Basrah, Kaifeng, Nairobi, Uberlandia, Guankou, and Baghdad.",1
"Exactly 1 of the following cities are in the Democratic Republic of the Congo and exactly 3 are in China: Guiyang, Cangzhou, Duesseldorf, Guankou, Aleppo, and Mbuji-Mayi.",1
"Exactly 2 of the following cities are in the United States and exactly 1 are in China: Albuquerque, Arak, Anyang, Kozhikode, Krasnodar, and Omsk.",0
"Exactly 1 of the following cities are in Indonesia and exactly 3 are in Russia: South Tangerang, Volgograd, Huizhou, Nuernberg, Dushanbe, and Brasilia.",0
"Exactly 2 of the following cities are in China and exactly 1 are in Turkey: Eskisehir, Sevastopol, Jiangyin, Khartoum, Makati City, and Zhoushan.",1
"Exactly 2 of the following cities are in Vietnam and exactly 2 are in China: Addis Ababa, Vladivostok, Xianyang, Callao, Perm, and Can Tho.",0
"Exactly 2 of the following cities are in China and exactly 1 are in Senegal: Wroclaw, Nyala, Bayannur, Pikine, Maracay, and Comilla.",0
"Exactly 3 of the following cities are in China and exactly 1 are in the Democratic Republic of the Congo: Deyang, Pasig City, Kinshasa, Binzhou, Teresina, and Shangrao.",1
"Exactly 1 of the following cities are in the United Arab Emirates and exactly 3 are in China: Ma'anshan, Al Ain City, Wanzhou, Dandong, Guarulhos, and Nuernberg.",1
"Exactly 2 of the following cities are in Germany and exactly 3 are in Yemen: Agadir, Tlaquepaque, Jabalpur, Leipzig, Maputo, and Sanaa.",0
"Exactly 1 of the following cities are in Mexico and exactly 2 are in Germany: Jaipur, Tijuana, Liaocheng, Dortmund, Sao Paulo, and Serang.",0
"Exactly 1 of the following cities are in Morocco and exactly 3 are in India: Kalyan, Gwalior, Indore, Tangier, Almaty, and Minsk.",1
"Exactly 1 of the following cities are in Germany and exactly 3 are in India: Chattogram, Hannover, Shivaji Nagar, Bengaluru, Cuttack, and Krasnoyarsk.",1
"Exactly 2 of the following cities are in Iran and exactly 1 are in Uganda: Zhumadian, Kampala, Nanjing, Xining, Changshu, and Tabriz.",0
"Exactly 2 of the following cities are in India and exactly 1 are in China: Kanayannur, Santo Domingo Oeste, Lubumbashi, Malacca, Erode, and Jinan.",1
"Exactly 1 of the following cities are in Malaysia and exactly 2 are in China: Hohhot, Hangzhou, Klang, Teresina, Sao Jose dos Campos, and Rio de Janeiro.",1
"Exactly 1 of the following cities are in Mongolia and exactly 3 are in China: Changwon, Jiaxing, Zhabei, Ziyang, Mexico City, and Ulan Bator.",1
"Exactly 1 of the following cities are in Indonesia and exactly 2 are in Kazakhstan: Vijayawada, Aktobe, Seongnam-si, Tyumen, Banjarmasin, and Najran.",0
"Exactly 1 of the following cities are in South Korea and exactly 2 are in China: Xingtai, Puente Alto, Xuanzhou, Ulsan, Beira, and Mersin.",1
"Exactly 3 of the following cities are in China and exactly 1 are in India: Mar del Plata, Dombivli, Benxi, Dalian, The Bronx, and Huizhou.",1
"Exactly 1 of the following cities are in Nigeria and exactly 2 are in Turkey: Faridabad, Benin City, Aden, Harbin, Kayseri, and Wroclaw.",0
"Exactly 3 of the following cities are in China and exactly 1 are in Ecuador: Wanzhou, Jinan, Guayaquil, Nanning, Pietermaritzburg, and Erzurum.",1
"Exactly 1 of the following cities are in India and exactly 3 are in South Korea: Kahriz, Bucaramanga, Bucheon-si, Vadodara, Kaduna, and Surakarta.",0
"Exactly 2 of the following cities are in Haiti and exactly 1 are in China: Fortaleza, Niamey, Zhumadian, Warri, Port-au-Prince, and Kahriz.",0
"Exactly 1 of the following cities are in Yemen and exactly 4 are in China: Xuchang, Guilin, Vadodara, Mukalla, Wuhan, and Wuzhou.",1
"Exactly 1 of the following cities are in Lebanon and exactly 2 are in India: Kalyan, Voronezh, Dakar, Beirut, Hiroshima, and Accra.",0
"Exactly 1 of the following cities are in the United States and exactly 2 are in Chad: Tucson, Panzhihua, Stockholm, Nowrangapur, N'Djamena, and Aktobe.",0
"Exactly 1 of the following cities are in Russia and exactly 2 are in China: Makhachkala, Niamey, Rourkela, Ibadan, Ankara, and Xiaogan.",0
"Exactly 1 of the following cities are in India and exactly 2 are in Mexico: Kallakurichi, Abeokuta, Zhabei, Sao Bernardo do Campo, Acapulco de Juarez, and San Pedro Sula.",0
"Exactly 1 of the following cities are in Jordan and exactly 2 are in China: Hannover, Huaibei, Bhiwandi, Amman, Casablanca, and Qom.",0
"Exactly 2 of the following cities are in Ecuador and exactly 2 are in Mexico: Lviv, Kinshasa, Quito, Santiago de Queretaro, Changshu, and Guankou.",0
"Exactly 2 of the following cities are in Bangladesh and exactly 1 are in Thailand: Goiania, Comilla, Xinyang, Algiers, Maracaibo, and Bangkok.",0
"Exactly 1 of the following cities are in Peru and exactly 2 are in China: Dombivli, Ryazan', Meizhou, Kinshasa, Arequipa, and Kayseri.",0
"Exactly 1 of the following cities are in Brazil and exactly 1 are in India: Varanasi, Ludhiana, Qom, Goiania, Abeokuta, and Bangkok.",0
"Exactly 2 of the following cities are in Malaysia and exactly 1 are in India: Rawalpindi, Surat, Wanzhou, Kota Kinabalu, Al Fayyum, and Ciudad Juarez.",0
"Exactly 1 of the following cities are in China and exactly 2 are in South Korea: Xuanzhou, Cheongju-si, Bauchi, Multan, Daejeon, and Karol Bagh.",1
"Exactly 1 of the following cities are in India and exactly 1 are in Moldova: Casablanca, Kuantan, Laibin, Qom, Dombivli, and Chisinau.",1
"Exactly 3 of the following cities are in India and exactly 1 are in China: Qinhuangdao, Karaj, Faisalabad, Tanggu, Longyan, and Theni.",0
"Exactly 1 of the following cities are in the United Arab Emirates and exactly 2 are in China: Yangquan, Xianning, Hwaseong-si, Abu Dhabi, Cheongju-si, and Beira.",1
"Exactly 2 of the following cities are in China and exactly 1 are in Russia: Binzhou, Tlalpan, Nashik, Zhumadian, Belo Horizonte, and Tyumen.",1
"Exactly 2 of the following cities are in the United States and exactly 1 are in Kenya: Detroit, Gaziantep, Onitsha, Bahcelievler, Bhiwandi, and Nairobi.",0
"Exactly 3 of the following cities are in India and exactly 1 are in Japan: Coimbatore, Jabalpur, Gold Coast, Kyoto, Subang Jaya, and Nagpur.",1
"Exactly 1 of the following cities are in China and exactly 2 are in Japan: Kobe, Ha'il, Tianjin, Recife, Dandong, and New Kingston.",0
"Exactly 1 of the following cities are in Zimbabwe and exactly 2 are in China: Shymkent, Nanning, Harare, Baise, Shubra al Khaymah, and Varanasi.",1
"Exactly 1 of the following cities are in Mexico and exactly 4 are in China: Zhabei, Gwalior, Jiangyin, Jiamusi, Iztapalapa, and Luohe.",1
"Exactly 1 of the following cities are in the Dominican Republic and exactly 3 are in China: Qingdao, Bhiwandi, Santiago de los Caballeros, Zibo, Pikine, and Pingdingshan.",1
"Exactly 3 of the following cities are in China and exactly 1 are in Russia: Isfahan, Kandahar, Guigang, Tangshan, Wenzhou, and Tomsk.",1
"Exactly 2 of the following cities are in Iran and exactly 1 are in China: Yongzhou, Erzurum, Mississauga, Tabriz, Pyongyang, and Erode.",0
"Exactly 1 of the following cities are in Russia and exactly 3 are in China: Longyan, Kandahar, Rizhao, Omsk, Hiroshima, and Huainan.",1
"Exactly 2 of the following cities are in India and exactly 1 are in Turkmenistan: Ashgabat, Sulaymaniyah, Warangal, Nashik, Abuja, and Luohe.",1
"Exactly 2 of the following cities are in Kenya and exactly 1 are in Belgium: Ganzhou, Mombasa, Bayannur, Jaboatao dos Guararapes, Thane, and Antwerpen.",0
"Exactly 1 of the following cities are in Malaysia and exactly 1 are in China: Kigali, Nanning, Odesa, Kuantan, Hegang, and Penza.",0
"Exactly 2 of the following cities are in India and exactly 2 are in Iran: Faridabad, Zaozhuang, Puducherry, Arak, Seoul, and Tonghua.",0
"Exactly 2 of the following cities are in Burkina Faso and exactly 1 are in Russia: Bobo-Dioulasso, Daegu, Nizhniy Novgorod, Ziyang, Shah Alam, and Klang.",0
"Exactly 1 of the following cities are in Russia and exactly 2 are in China: Ciudad Guayana, Tyumen, Benin City, N'Djamena, Anshan, and Zigong.",1
"Exactly 1 of the following cities are in China and exactly 2 are in India: Bhopal, Shah Alam, Faridabad, Dushanbe, Nanchong, and Buraydah.",1
"Exactly 2 of the following cities are in Madagascar and exactly 1 are in Yemen: Xingtai, Antananarivo, Bhubaneswar, Sanaa, Kaifeng, and Munich.",0
"Exactly 1 of the following cities are in Kuwait and exactly 3 are in China: Kolkata, Al Ahmadi, Meizhou, Qujing, Guang'an, and Arak.",1
"Exactly 2 of the following cities are in China and exactly 1 are in Ukraine: Zhenjiang, Xiaogan, Ghaziabad, Zaporizhzhya, Kimhae, and Sorocaba.",1
"Exactly 2 of the following cities are in China and exactly 1 are in India: Bayannur, Cixi, Irbid, Guarulhos, Zhoushan, and Narela.",0
"Exactly 1 of the following cities are in Iran and exactly 2 are in Mexico: Hamadan, Leon de los Aldama, Visakhapatnam, Nairobi, Binzhou, and Ciudad Nezahualcoyotl.",1
"Exactly 3 of the following cities are in India and exactly 1 are in Pakistan: Huainan, Shubra al Khaymah, Islamabad, Jamshedpur, Solapur, and Tirunelveli.",1
"Exactly 2 of the following cities are in Pakistan and exactly 1 are in Japan: Palembang, Nasiriyah, Zhengzhou, Mudanjiang, Osaka, and Rawalpindi.",0
"Exactly 2 of the following cities are in China and exactly 1 are in Venezuela: Prayagraj, Yangjiang, Barquisimeto, Shangluo, Harbin, and New South Memphis.",0
"Exactly 2 of the following cities are in Brazil and exactly 1 are in Japan: Porto Alegre, Fushun, Fukuoka, Nowrangapur, Bujumbura, and Ribeirao Preto.",1
"Exactly 1 of the following cities are in Yemen and exactly 2 are in China: Al Hudaydah, Bujumbura, Poznan, Jilin, Bhavnagar, and Eskisehir.",0
"Exactly 1 of the following cities are in Iran and exactly 2 are in China: Zigong, Bokaro, Minsk, Shantou, Qom, and Baghdad.",1
"Exactly 1 of the following cities are in Cambodia and exactly 2 are in Hungary: Phnom Penh, Fushun, Anyang-si, Budapest, Kharkiv, and Nasiriyah.",0
"Exactly 1 of the following cities are in China and exactly 3 are in Iraq: Maracay, Pasig City, Sofia, Theni, Mosul, and Ordos.",0
"Exactly 1 of the following cities are in Iran and exactly 2 are in China: Cuttack, Kahriz, Wuwei, Ghaziabad, Diyarbakir, and Benxi.",1
"Exactly 1 of the following cities are in Hungary and exactly 2 are in India: Ghaziabad, Sulaymaniyah, Budapest, Tegucigalpa, Nagoya, and Rajkot.",1
"Exactly 1 of the following cities are in China and exactly 3 are in Iran: Taiz, Abeokuta, Orumiyeh, Urumqi, Shihezi, and Ipoh.",0
"Exactly 1 of the following cities are in India and exactly 3 are in China: Guilin, Port Said, Uskudar, Cixi, Yongzhou, and Bilimora.",1
"Exactly 3 of the following cities are in Zimbabwe and exactly 1 are in Malaysia: Johor Bahru, Harare, Shantou, Meerut, Amman, and Nashik.",0
"Exactly 2 of the following cities are in Belgium and exactly 1 are in Russia: Nanjing, Antwerpen, Saint Petersburg, Al Mawsil al Jadidah, Samarinda, and Ansan-si.",0
"Exactly 1 of the following cities are in Japan and exactly 1 are in Iraq: Antwerpen, Kawaguchi, Taguig, Qinzhou, Karbala, and Abu Ghurayb.",0
"Exactly 2 of the following cities are in Turkey and exactly 1 are in Brazil: Wroclaw, Feira de Santana, Dakar, Gaziantep, Mersin, and Jeonju.",1
"Exactly 1 of the following cities are in Denmark and exactly 3 are in China: Weinan, Xuanzhou, Copenhagen, Ulan Bator, Sanmenxia, and Kuantan.",1
"Exactly 2 of the following cities are in China and exactly 1 are in Afghanistan: Ryazan', Chenzhou, Port Harcourt, Chisinau, Mazar-e Sharif, and Lu'an.",1
"Exactly 2 of the following cities are in China and exactly 3 are in India: Mumbai, Bareilly, Kota Bharu, Guangyuan, Zhabei, and Visakhapatnam.",1
"Exactly 1 of the following cities are in Madagascar and exactly 1 are in Russia: Torreon, Belo Horizonte, San Luis Potosi, Antananarivo, Khabarovsk, and Ansan-si.",1
"Exactly 2 of the following cities are in Kenya and exactly 2 are in Mexico: Shenyang, Erbil, Kakamega, Coyoacan, Kumasi, and Xingtai.",0
"Exactly 3 of the following cities are in India and exactly 1 are in Mexico: Chenzhou, Shizuoka, Coyoacan, Bien Hoa, Bokaro, and Duque de Caxias.",0
"Exactly 1 of the following cities are in Algeria and exactly 1 are in Brazil: General Santos, Sao Bernardo do Campo, Algiers, Goiania, Adana, and Johannesburg.",0
"Exactly 1 of the following cities are in India and exactly 3 are in China: Amravati, Yangjiang, Santiago de los Caballeros, Hegang, Bishkek, and Tebessa.",0
"Exactly 1 of the following cities are in Zambia and exactly 2 are in China: Bengaluru, Ar Raqqah, Lusaka, Korla, Dehra Dun, and Huainan.",1
"Exactly 2 of the following cities are in Cameroon and exactly 1 are in Pakistan: Joao Pessoa, Bucharest, Kitakyushu, Muzaffarabad, Douala, and Mudanjiang.",0
"Exactly 2 of the following cities are in India and exactly 2 are in China: Shantou, Nashik, Lahore, Hamamatsu, Sanmenxia, and Sambhaji Nagar.",1
"Exactly 1 of the following cities are in Japan and exactly 3 are in India: Putian, Kozhikode, Hachioji, Jabalpur, Bhiwandi, and Istanbul.",1
"Exactly 1 of the following cities are in India and exactly 3 are in Côte d'Ivoire: Nasiriyah, Omdurman, Port-au-Prince, Abidjan, Thiruvananthapuram, and Beira.",0
"Exactly 2 of the following cities are in Brazil and exactly 1 are in Poland: Porto Alegre, Osaka, Tangerang, Zhabei, Wroclaw, and Jaboatao dos Guararapes.",1
"Exactly 1 of the following cities are in India and exactly 2 are in China: Nanchong, Algiers, Sao Jose dos Campos, Cucuta, Xining, and Bhopal.",1
"Exactly 1 of the following cities are in Myanmar and exactly 2 are in China: Liaocheng, Yangon, Kitakyushu, Coimbatore, Pasig City, and San Pedro Sula.",0
"Exactly 2 of the following cities are in China and exactly 1 are in Kenya: Ma'anshan, Lyon, Sokoto, Nairobi, Yiwu, and Ebute Ikorodu.",1
"Exactly 1 of the following cities are in Germany and exactly 3 are in China: Ibague, Nairobi, South Tangerang, Zaozhuang, Tiruchirappalli, and Grosszschocher.",0
"Exactly 2 of the following cities are in Nigeria and exactly 1 are in China: Saratov, Puente Alto, Weinan, Abeokuta, Novokuznetsk, and Harare.",0
"Exactly 1 of the following cities are in India and exactly 1 are in Indonesia: Bilimora, Gaziantep, Surat, Tangerang, Anshan, and Xuchang.",0
"Exactly 2 of the following cities are in China and exactly 1 are in Canada: Binzhou, E'zhou, Benoni, Joao Pessoa, Winnipeg, and Wroclaw.",1
"Exactly 3 of the following cities are in China and exactly 1 are in South Korea: Zibo, Bursa, Zhaoqing, Busan, Lianyungang, and Zapopan.",1
"Exactly 1 of the following cities are in Côte d'Ivoire and exactly 1 are in Indonesia: Vijayawada, Jakarta, Bouake, Madinat an Nasr, Kayseri, and Ouagadougou.",1
"Exactly 2 of the following cities are in Turkey and exactly 1 are in China: Sarajevo, Pune, Huzhou, Astrakhan, Antalya, and Erzurum.",1
"Exactly 1 of the following cities are in Jordan and exactly 2 are in China: Zhangjiagang, Zarqa, Chongqing, Bilimora, Ahmedabad, and Petaling Jaya.",1
"Exactly 1 of the following cities are in Turkey and exactly 2 are in the Philippines: Yekaterinburg, Kayseri, Zagreb, General Santos, Macapa, and Tolyatti.",0
"Exactly 2 of the following cities are in China and exactly 1 are in Germany: Benin City, Faisalabad, Ahvaz, Shanghai, Hegang, and Munich.",1
"Exactly 1 of the following cities are in Nigeria and exactly 3 are in India: Callao, Himeji, Amritsar, Porto Velho, Jeddah, and Abeokuta.",0
"Exactly 2 of the following cities are in the United States and exactly 3 are in China: New York City, Guntur, Hengyang, Bengbu, Luancheng, and The Bronx.",1
"Exactly 1 of the following cities are in India and exactly 2 are in Brazil: Ahmedabad, Sao Jose dos Campos, Bayannur, Buraydah, Niamey, and Shantou.",0
"Exactly 1 of the following cities are in the Philippines and exactly 3 are in the United States: Macapa, Karol Bagh, Laiwu, Maoming, General Santos, and New York City.",0
"Exactly 2 of the following cities are in Indonesia and exactly 1 are in China: Salta, Shangrao, Pingdingshan, Busan, Batam, and Mumbai.",0
"Exactly 1 of the following cities are in South Africa and exactly 2 are in Pakistan: Ho Chi Minh City, Dakar, Jieyang, Peshawar, Benoni, and Bahawalpur.",1
"Exactly 1 of the following cities are in Mexico and exactly 4 are in Uzbekistan: San Luis Potosi, Kumasi, Dar es Salaam, Minsk, Campos dos Goytacazes, and Samarkand.",0
"Exactly 4 of the following cities are in China and exactly 1 are in India: Shantou, Shijiazhuang, Kermanshah, Longyan, Meerut, and Nanchang.",1
"Exactly 3 of the following cities are in South Korea and exactly 1 are in the Philippines: Seoul, Kandahar, Weihai, Jalandhar, Putian, and Pasig City.",0
"Exactly 2 of the following cities are in India and exactly 1 are in Guinea: Thane, Madurai, Soweto, Conakry, Hwaseong-si, and Victoria de Durango.",1
"Exactly 1 of the following cities are in Poland and exactly 4 are in Brazil: Beirut, Khulna, Duque de Caxias, Cangzhou, Krakow, and Milwaukee.",0
"Exactly 1 of the following cities are in Bulgaria and exactly 3 are in India: Sofia, Dhanbad, Amritsar, Jabalpur, Putian, and Shah Alam.",1
"Exactly 2 of the following cities are in India and exactly 1 are in China: Coyoacan, Vadodara, Tirunelveli, Zahedan, Qingdao, and Naberezhnyye Chelny.",1
"Exactly 1 of the following cities are in Kyrgyzstan and exactly 2 are in China: Amritsar, Yerevan, Shangqiu, Bishkek, Qinzhou, and Prayagraj.",1
"Exactly 1 of the following cities are in Germany and exactly 2 are in Belarus: Ipoh, Feira de Santana, Kuantan, Koeln, Homyel', and Porto Alegre.",0
"Exactly 1 of the following cities are in Poland and exactly 3 are in Russia: Bhilai, Perm, Enugu, Wroclaw, Petaling Jaya, and Daqing.",0
"Exactly 3 of the following cities are in Brazil and exactly 1 are in the United States: Tucson, Jaboatao, Sao Bernardo do Campo, Anyang, Curitiba, and Kinshasa.",1
"Exactly 1 of the following cities are in South Korea and exactly 2 are in Uzbekistan: Kano, Samarkand, Goyang-si, Thiruvananthapuram, Jiaozuo, and Hebi.",0
"Exactly 1 of the following cities are in China and exactly 1 are in Mexico: Reynosa, Yiwu, Benxi, Homs, Brazzaville, and Turin.",0
"Exactly 2 of the following cities are in Brazil and exactly 1 are in Nigeria: Bouake, Onitsha, Benxi, Manaus, Kermanshah, and Jingmen.",0
"Exactly 2 of the following cities are in China and exactly 1 are in Japan: Puducherry, Contagem, Hiroshima, San Miguel de Tucuman, Anshan, and Shuangyashan.",1
"Exactly 2 of the following cities are in Indonesia and exactly 1 are in Morocco: Samarinda, Agadir, Minsk, Yiwu, Caracas, and Cimahi.",1
"Exactly 1 of the following cities are in Brazil and exactly 2 are in China: Jaboatao, Asansol, Bhubaneswar, Wuhan, Yangjiang, and Kozhikode.",1
"Exactly 1 of the following cities are in Malaysia and exactly 1 are in Bosnia and Herzegovina: Sarajevo, Mexicali, Kayseri, Mosul, Qiqihar, and Kuala Lumpur.",1
"Exactly 2 of the following cities are in Kazakhstan and exactly 1 are in South Korea: Kimhae, Aktobe, Suwon, Neijiang, Cankaya, and Lusaka.",0
"Exactly 1 of the following cities are in China and exactly 3 are in India: Aligarh, Kemerovo, Hanzhong, Haiphong, Navi Mumbai, and Sokoto.",0
"Exactly 2 of the following cities are in China and exactly 2 are in India: Ahmedabad, Bayannur, Hamhung, Weifang, Konya, and Nashik.",1
"Exactly 1 of the following cities are in India and exactly 2 are in Romania: Bucharest, Denpasar, Kozhikode, Chaozhou, Nanchong, and Siping.",0
"Exactly 2 of the following cities are in China and exactly 1 are in Iran: Rio de Janeiro, Wanning, Samarkand, Tegucigalpa, Tehran, and Jieyang.",1
"Exactly 3 of the following cities are in Brazil and exactly 1 are in China: Abu Ghurayb, Guatemala City, Heze, Maceio, Kyiv, and Rawalpindi.",0
"Exactly 3 of the following cities are in Turkey and exactly 1 are in Nigeria: Bauchi, Hamhung, Mysore, Bursa, Nizhniy Novgorod, and Mianzhu, Deyang, Sichuan.",0
"Exactly 1 of the following cities are in Morocco and exactly 3 are in China: Nay Pyi Taw, Huzhou, Warangal, Pingdingshan, Yinchuan, and Tangier.",1
"Exactly 3 of the following cities are in China and exactly 1 are in Nigeria: Shenyang, Changwon, Guangzhou, Saratov, Xiaogan, and Kaduna.",1
"Exactly 2 of the following cities are in India and exactly 1 are in Benin: Rajkot, Quezon City, Abu Dhabi, Urumqi, Tirunelveli, and Cotonou.",1
"Exactly 1 of the following cities are in Mexico and exactly 2 are in China: Zhangye, Bogor, Acapulco de Juarez, Zahedan, Bijie, and Beira.",1
"Exactly 1 of the following cities are in China and exactly 2 are in Russia: Wuwei, Vadodara, Tyumen, Voronezh, Prayagraj, and Kharkiv.",1
"Exactly 3 of the following cities are in Iraq and exactly 2 are in India: New York City, Bengaluru, Lipetsk, Maoming, Basrah, and Okayama.",0
"Exactly 1 of the following cities are in Turkey and exactly 2 are in South Korea: Suwon, Al Mahallah al Kubra, Zaozhuang, Seoul, Bahcelievler, and Yichang.",1
"Exactly 1 of the following cities are in Niger and exactly 3 are in China: Linfen, Novokuznetsk, Wuwei, Niamey, Yongzhou, and Kryvyy Rih.",1
"Exactly 1 of the following cities are in China and exactly 3 are in Mexico: Mexico City, San Luis Potosi, Peshawar, Visakhapatnam, Santa Maria Chimalhuacan, and Zhangye.",1
"Exactly 1 of the following cities are in South Korea and exactly 2 are in Russia: Busan, Orenburg, Cape Town, Maracaibo, Kashgar, and Nanded.",0
"Exactly 1 of the following cities are in India and exactly 2 are in China: Kampala, Teresina, Kunming, Panzhihua, Lyon, and Bilimora.",1
"Exactly 3 of the following cities are in China and exactly 1 are in Syria: Guankou, Xuchang, Cheonan, Homs, Jieyang, and Omsk.",1
"Exactly 1 of the following cities are in China and exactly 3 are in Tajikistan: Hegang, Dushanbe, Al Mahallah al Kubra, Herat, Sanming, and Shymkent.",0
"Exactly 1 of the following cities are in Russia and exactly 2 are in India: Kumamoto, Dakar, Irkutsk, Xiamen, Sambhaji Nagar, and Muzaffarabad.",0
"Exactly 1 of the following cities are in Rwanda and exactly 5 are in China: Kuantan, Malang, Kigali, Bayannur, Pingliang, and Puning.",0
"Exactly 1 of the following cities are in Saudi Arabia and exactly 3 are in Indonesia: Zigong, Yunfu, Orumiyeh, Ha'il, Malang, and Lipetsk.",0
"Exactly 1 of the following cities are in China and exactly 4 are in Honduras: Boumerdes, Bucharest, Kobe, Linyi, Tegucigalpa, and Homs.",0
"Exactly 1 of the following cities are in Iraq and exactly 2 are in China: Cape Town, Teresina, Sao Paulo, Fushun, Meizhou, and Nasiriyah.",1
"Exactly 2 of the following cities are in China and exactly 1 are in India: Mumbai, Bareilly, Kota Bharu, Guangyuan, Zhabei, and Visakhapatnam.",0
"Exactly 1 of the following cities are in the Philippines and exactly 2 are in Nigeria: Tanggu, Bijie, General Santos, Kano, Ulsan, and Bayannur.",0
"Exactly 1 of the following cities are in China and exactly 2 are in Russia: Qinzhou, Port Said, Orenburg, Ahvaz, Novokuznetsk, and Rawalpindi.",1
"Exactly 3 of the following cities are in Mexico and exactly 1 are in Uzbekistan: Bhopal, Bengaluru, Mumbai, Arak, Leon de los Aldama, and Samarkand.",0
"Exactly 4 of the following cities are in China and exactly 1 are in Germany: Gwalior, Hannover, Zhumadian, Linyi, Jiangyin, and Zigong.",1
"Exactly 1 of the following cities are in Malaysia and exactly 4 are in China: Malacca, Shijiazhuang, Hubli, Heze, Cixi, and Nanchong.",1
"Exactly 2 of the following cities are in Brazil and exactly 1 are in South Korea: Chizhou, Jeddah, Santo Domingo Oeste, Zhangzhou, Juiz de Fora, and Changwon.",0
"Exactly 1 of the following cities are in Ukraine and exactly 2 are in China: Novosibirsk, Kyiv, Najafgarh, Mexicali, Xiaogan, and Cangzhou.",1
"Exactly 2 of the following cities are in Niger and exactly 1 are in Colombia: Ibague, Hangzhou, Surakarta, Quito, Niamey, and Zhenjiang.",0
"Exactly 3 of the following cities are in Syria and exactly 1 are in Iraq: Kirkuk, Zigong, Pontianak, Laiwu, Albuquerque, and Ar Raqqah.",0
"Exactly 1 of the following cities are in Haiti and exactly 2 are in China: Malang, Queens, Jiamusi, Arak, Port-au-Prince, and Tianjin.",1
"Exactly 1 of the following cities are in Egypt and exactly 2 are in Nigeria: Zaria, Benin City, Suez, Baghdad, Ipoh, and Bucheon-si.",1
"Exactly 2 of the following cities are in Myanmar and exactly 1 are in India: Zhangjiakou, Karol Bagh, Kitakyushu, Suining, Port-au-Prince, and Yangon.",0
"Exactly 1 of the following cities are in Germany and exactly 2 are in Burkina Faso: Ouagadougou, Kashgar, Kigali, Huaihua, Luancheng, and Duesseldorf.",0
"Exactly 3 of the following cities are in Russia and exactly 1 are in China: Dongying, Naberezhnyye Chelny, Mississauga, Novosibirsk, Rajshahi, and Huainan.",0
"Exactly 1 of the following cities are in Indonesia and exactly 2 are in Japan: Matsuyama, Bogor, Hangzhou, Shanghai, Wuwei, and Ryazan'.",0
"Exactly 1 of the following cities are in China and exactly 2 are in Brazil: Serang, Linyi, Sanming, Boumerdes, Frankfurt am Main, and Recife.",0
"Exactly 3 of the following cities are in China and exactly 1 are in Nigeria: Istanbul, Zaria, Handan, Shangrao, Accra, and Bengbu.",1
"Exactly 2 of the following cities are in Japan and exactly 1 are in Indonesia: Pyongyang, Fukuoka, Puente Alto, Callao, Nagpur, and Banjarmasin.",0
"Exactly 2 of the following cities are in Egypt and exactly 1 are in India: Baotou, Porto Velho, Suez, Naberezhnyye Chelny, Aligarh, and Zaporizhzhya.",0
"Exactly 3 of the following cities are in India and exactly 1 are in Mozambique: Meerut, Tiruppur, Gwalior, Beira, Manaus, and Kashgar.",1
"Exactly 1 of the following cities are in Japan and exactly 3 are in Brazil: Fukuoka, Joao Pessoa, Kolhapur, Bhayandar, Shenzhen, and Aden.",0
"Exactly 1 of the following cities are in Turkey and exactly 2 are in China: Gujranwala, Port-au-Prince, Luancheng, Jeonju, Tangshan, and Adana.",1
"Exactly 1 of the following cities are in India and exactly 2 are in Mexico: Shuangyashan, Cheonan, Karol Bagh, Nasiriyah, Bangkok, and Aguascalientes.",0
"Exactly 1 of the following cities are in Turkey and exactly 2 are in China: Denpasar, Dar es Salaam, Huangshi, Baku, Bursa, and Taicang.",1
"Exactly 3 of the following cities are in China and exactly 1 are in Nigeria: Maiduguri, Suizhou, Bahcelievler, Sanaa, Navi Mumbai, and Wuhan.",0
"Exactly 2 of the following cities are in India and exactly 1 are in China: Warangal, San Luis Potosi, Guangzhou, Mysore, Nyala, and Palembang.",1
"Exactly 3 of the following cities are in China and exactly 1 are in Brazil: Yibin, Duque de Caxias, Kota Bharu, Yinchuan, Can Tho, and Jieyang.",1
"Exactly 1 of the following cities are in the United States and exactly 3 are in Benin: Cotonou, Samarkand, Iztapalapa, Huaihua, Kampung Baru Subang, and New South Memphis.",0
"Exactly 1 of the following cities are in France and exactly 3 are in India: Karol Bagh, Kano, Lyon, Xiaogan, Qom, and Ahvaz.",0
"Exactly 3 of the following cities are in China and exactly 1 are in the United States: Yichang, Kaifeng, Seattle, Zibo, Aktobe, and Benoni.",1
"Exactly 2 of the following cities are in China and exactly 1 are in Indonesia: Lilongwe, Hanzhong, Erzurum, Tangerang, Kryvyy Rih, and Changde.",1
"Exactly 1 of the following cities are in Nigeria and exactly 3 are in Indonesia: Maputo, Kaduna, Bogor, Madinat an Nasr, Kano, and Queens.",0
"Exactly 1 of the following cities are in Japan and exactly 2 are in Nigeria: Jos, Sendai, Nasiriyah, Fuxin, Zahedan, and Zhangye.",0
"Exactly 1 of the following cities are in Nigeria and exactly 1 are in India: Ilorin, Bareilly, Hebi, Borivli, Fuxin, and Longyan.",0
"Exactly 2 of the following cities are in China and exactly 1 are in Russia: Omsk, Bhopal, Indore, Zhenjiang, Bagcilar, and Tianshui.",1
"Exactly 2 of the following cities are in China and exactly 1 are in Pakistan: Lahore, Tonghua, Baoji, Huzhou, Santo Domingo Oeste, and Krasnodar.",0
"Exactly 2 of the following cities are in China and exactly 1 are in Yemen: Kahriz, Meizhou, Kyoto, Ningbo, Bloemfontein, and Al Hudaydah.",1
"Exactly 3 of the following cities are in Indonesia and exactly 1 are in Canada: Changwon, Navi Mumbai, Mudanjiang, Xiamen, Tangerang, and Calgary.",0
"Exactly 2 of the following cities are in France and exactly 2 are in Burundi: Bujumbura, Cimahi, Hamadan, Mukalla, Lyon, and Dhanbad.",0
"Exactly 1 of the following cities are in Russia and exactly 3 are in Chile: Bokaro, Korla, Pyongyang, Puente Alto, Kobe, and Kemerovo.",0
"Exactly 3 of the following cities are in China and exactly 1 are in India: Nouakchott, Thiruvananthapuram, Langfang, Mudanjiang, Pingdingshan, and Odesa.",1
"Exactly 1 of the following cities are in South Korea and exactly 2 are in Russia: Tomsk, Rohini, Dammam, Leon de los Aldama, Porto Velho, and Incheon.",0
"Exactly 1 of the following cities are in Zimbabwe and exactly 2 are in China: Harare, Guangyuan, Kandahar, Comilla, Brazzaville, and Foshan.",1
"Exactly 2 of the following cities are in Ecuador and exactly 1 are in Saudi Arabia: Amman, Ta'if, Quito, Uskudar, Poznan, and Zhangjiakou.",0
"Exactly 1 of the following cities are in Bangladesh and exactly 2 are in South Africa: Tangerang, Rajshahi, Feira de Santana, Benoni, Kalyan, and Matsuyama.",0
"Exactly 1 of the following cities are in South Korea and exactly 2 are in China: Kharkiv, Liuzhou, Narela, Hwaseong-si, Yangjiang, and Kaduna.",1
"Exactly 1 of the following cities are in Vietnam and exactly 2 are in China: Al Mawsil al Jadidah, Ho Chi Minh City, Batam, Panzhihua, Pyongyang, and Lianyungang.",1
"Exactly 4 of the following cities are in China and exactly 1 are in the United States: Huzhou, Duque de Caxias, Albuquerque, Ziyang, Foshan, and Tanggu.",1
"Exactly 1 of the following cities are in Burkina Faso and exactly 2 are in China: Detroit, Ouagadougou, Okayama, Changde, Ebute Ikorodu, and Multan.",0
"Exactly 1 of the following cities are in Algeria and exactly 1 are in Japan: Algiers, Kumamoto, Cuttack, Mosul, Tolyatti, and Rohini.",1
"Exactly 1 of the following cities are in Russia and exactly 2 are in China: Hegang, Baise, Salta, Dakar, Juiz de Fora, and Omsk.",1
"Exactly 2 of the following cities are in China and exactly 1 are in Russia: Xuanzhou, Navi Mumbai, Karbala, Liaocheng, Amravati, and Yaroslavl.",1
"Exactly 3 of the following cities are in China and exactly 1 are in India: Binzhou, Puducherry, Cheonan, Sanming, Huainan, and Mosul.",1
"Exactly 2 of the following cities are in China and exactly 1 are in India: Luohe, Aracaju, Beijing, Kampung Baru Subang, Tiruppur, and Peshawar.",1
"Exactly 3 of the following cities are in China and exactly 1 are in Pakistan: Khabarovsk Vtoroy, The Bronx, Kallakurichi, Battagram, Liaocheng, and Leipzig.",0
"Exactly 2 of the following cities are in China and exactly 1 are in India: Kashgar, Krasnodar, Jieyang, Thane, Yaounde, and Zagreb.",1
"Exactly 1 of the following cities are in Armenia and exactly 4 are in China: Jiangyin, Warangal, Xuzhou, Hengyang, Handan, and Yerevan.",1
"Exactly 1 of the following cities are in South Africa and exactly 2 are in China: Indianapolis, Kano, Changshu, Shanghai, Tembisa, and Nuernberg.",1
"Exactly 3 of the following cities are in India and exactly 1 are in China: Battagram, Chelyabinsk, Dongying, Pune, Ulhasnagar, and Chandigarh.",1
"Exactly 3 of the following cities are in Nigeria and exactly 1 are in Iran: Sokoto, Lianyungang, Orumiyeh, Cochin, Tembisa, and Kinshasa.",0
"Exactly 1 of the following cities are in Russia and exactly 2 are in Turkey: Yekaterinburg, Benoni, Suez, Ankara, Ordos, and Dombivli.",0
"Exactly 1 of the following cities are in Senegal and exactly 3 are in China: Luzhou, Winnipeg, Zhoushan, Wuzhou, Dakar, and Beira.",1
"Exactly 1 of the following cities are in Russia and exactly 3 are in China: Okayama, Hezhou, Sapporo, Jiaxing, Zhangzhou, and Irkutsk.",1
"Exactly 2 of the following cities are in Vietnam and exactly 3 are in the Republic of the Congo: Amritsar, Brasilia, Mbuji-Mayi, Bandar Lampung, Da Nang, and Brazzaville.",0
"Exactly 1 of the following cities are in South Korea and exactly 3 are in Russia: Mudanjiang, Orenburg, Seongnam-si, Zaozhuang, Chelyabinsk, and Ulyanovsk.",1
"Exactly 1 of the following cities are in Afghanistan and exactly 2 are in India: Vijayawada, Herat, Bursa, Puducherry, Aleppo, and Esenler.",1
"Exactly 3 of the following cities are in China and exactly 2 are in India: Zhenjiang, Tyumen, Ranchi, Shihezi, Indore, and Hanzhong.",1
"Exactly 3 of the following cities are in Saudi Arabia and exactly 1 are in Mali: Rajkot, Ha'il, Bamako, Dnipro, Cucuta, and Albuquerque.",0
"Exactly 2 of the following cities are in the Philippines and exactly 2 are in Nigeria: Zarqa, Goeteborg, Abuja, Guangzhou, Bucharest, and Pasig City.",0
"Exactly 2 of the following cities are in Turkey and exactly 2 are in Nepal: Malatya, Bahawalpur, Guiyang, Sao Jose dos Campos, Kathmandu, and Khulna.",0
"Exactly 4 of the following cities are in the Philippines and exactly 1 are in China: Taguig, Maracay, Pune, Ulhasnagar, Cankaya, and Guangzhou.",0
"Exactly 3 of the following cities are in China and exactly 1 are in India: Zibo, Nashik, Niamey, Tegucigalpa, Yichang, and Tianshui.",1
"Exactly 2 of the following cities are in India and exactly 1 are in China: Ganzhou, Mukalla, Perm, Kolhapur, Hwaseong-si, and Almaty.",0
"Exactly 2 of the following cities are in Kenya and exactly 1 are in Vietnam: Omdurman, Saratov, Ebute Ikorodu, Ho Chi Minh City, Mombasa, and Cuttack.",0
"Exactly 2 of the following cities are in China and exactly 2 are in India: Prayagraj, Bhiwandi, Al Ahmadi, Laiwu, Zhuzhou, and Izmir.",1
"Exactly 2 of the following cities are in China and exactly 1 are in Mexico: Asansol, Abuja, Zahedan, Yingkou, Shanghai, and Leon de los Aldama.",1
"Exactly 2 of the following cities are in the United Arab Emirates and exactly 1 are in Mexico: Yichang, Quito, Dubai, Victoria de Durango, Dar es Salaam, and Himeji.",0
"Exactly 1 of the following cities are in Mexico and exactly 1 are in China: Riga, Mexico City, Kyiv, Lianyungang, Xianyang, and Comilla.",0
"Exactly 1 of the following cities are in China and exactly 1 are in Belarus: Minsk, Yunfu, Nasiriyah, Bahcelievler, Weinan, and Naberezhnyye Chelny.",0
"Exactly 2 of the following cities are in China and exactly 1 are in Yemen: Yerevan, Aden, Copenhagen, Dalian, Neijiang, and Can Tho.",1
"Exactly 3 of the following cities are in Iraq and exactly 1 are in Malaysia: Basrah, Amman, Karaj, Himeji, Bhavnagar, and Klang.",0
"Exactly 2 of the following cities are in India and exactly 2 are in the Philippines: Dhanbad, Asyut, Hubli, Pasig City, Paranaque City, and Subang Jaya.",1
"Exactly 1 of the following cities are in India and exactly 3 are in China: Pontianak, Suining, Cucuta, Asansol, Laibin, and Daqing.",1
"Exactly 2 of the following cities are in Algeria and exactly 1 are in India: Beirut, Hamadan, Jambi City, Algiers, Lilongwe, and Jalandhar.",0
"Exactly 1 of the following cities are in Canada and exactly 1 are in China: Winnipeg, Nagoya, Bangkok, Fuxin, Huaihua, and Bokaro.",0
"Exactly 2 of the following cities are in China and exactly 1 are in Nigeria: Ilorin, Mudanjiang, Indore, Ta'if, Kawaguchi, and Laiwu.",1
"Exactly 3 of the following cities are in China and exactly 1 are in Malaysia: Xiaogan, Jiaozhou, Subang Jaya, Guang'an, Nagoya, and Shymkent.",1
"Exactly 1 of the following cities are in the United States and exactly 4 are in Turkey: Sofia, Albuquerque, Bhavnagar, Istanbul, Konya, and Tebessa.",0
"Exactly 3 of the following cities are in Japan and exactly 1 are in India: Fukuoka, Thane, Kirkuk, Zhenjiang, Guwahati, and Onitsha.",0
"Exactly 1 of the following cities are in Iran and exactly 3 are in India: Kolhapur, Bareilly, Hamadan, Ulhasnagar, Sapporo, and Kota Kinabalu.",1
"Exactly 1 of the following cities are in China and exactly 1 are in Russia: Hanoi, Cebu City, Xining, Saratov, Bikaner, and Voronezh.",0
"Exactly 1 of the following cities are in Turkey and exactly 3 are in China: Deyang, Belo Horizonte, Liaocheng, Esenler, Shenyang, and Kuantan.",1
"Exactly 2 of the following cities are in China and exactly 1 are in Mauritania: Fuxin, Bengbu, Jaboatao dos Guararapes, Nouakchott, Mombasa, and Samarkand.",1
"Exactly 2 of the following cities are in China and exactly 1 are in Yemen: Pingliang, Al Hudaydah, Homs, Ho Chi Minh City, Theni, and Bijie.",1
"Exactly 1 of the following cities are in Russia and exactly 2 are in Pakistan: Palembang, Ufa, Lahore, Bahawalpur, Ludhiana, and Solapur.",1
"Exactly 1 of the following cities are in the Philippines and exactly 2 are in Brazil: Binzhou, Duque de Caxias, Varanasi, Las Pinas, Puente Alto, and Vilnius.",0
"Exactly 2 of the following cities are in China and exactly 1 are in Yemen: Aden, Mianzhu, Deyang, Sichuan, Dammam, Shenyang, Ajmer, and Bucaramanga.",1
"Exactly 3 of the following cities are in India and exactly 1 are in China: Bhopal, Taiz, Kanayannur, Nanchang, Ebute Ikorodu, and Ahmedabad.",1
"Exactly 1 of the following cities are in Mexico and exactly 3 are in Colombia: Samarkand, Barranquilla, Qionghai, Victoria de Durango, Hwaseong-si, and Jilin.",0
"Exactly 1 of the following cities are in India and exactly 2 are in Lithuania: Vilnius, Bhubaneswar, Asansol, Tashkent, Oslo, and Dandong.",0
"Exactly 2 of the following cities are in Vietnam and exactly 1 are in China: Siping, Bien Hoa, Namangan, Ho Chi Minh City, Bhavnagar, and Pietermaritzburg.",1
"Exactly 1 of the following cities are in Nigeria and exactly 3 are in South Africa: Harbin, Jeddah, Sorocaba, Cape Town, Sevastopol, and Bauchi.",0
"Exactly 1 of the following cities are in Bangladesh and exactly 1 are in Nigeria: Calgary, Prayagraj, Rajshahi, Can Tho, Weifang, and Sokoto.",1
"Exactly 1 of the following cities are in the Democratic Republic of the Congo and exactly 2 are in China: Jaboatao dos Guararapes, Hanzhong, Abobo, Luohe, Mbuji-Mayi, and Vadodara.",1
"Exactly 1 of the following cities are in Kazakhstan and exactly 3 are in Japan: Changshu, Bien Hoa, Irkutsk, Dombivli, Shymkent, and Tokyo.",0
"Exactly 2 of the following cities are in Russia and exactly 1 are in Morocco: Kayseri, Casablanca, Izhevsk, Novosibirsk, Ibague, and Banjarmasin.",1
"Exactly 2 of the following cities are in Germany and exactly 1 are in Azerbaijan: Ribeirao Preto, Munich, Kandahar, Yingkou, Reynosa, and Baku.",0
"Exactly 4 of the following cities are in China and exactly 1 are in Iraq: Sanming, Lanzhou, Nasiriyah, Nanchang, Irbid, and Rui'an.",1
"Exactly 2 of the following cities are in Germany and exactly 2 are in China: Chandigarh, Tonghua, Casablanca, Koeln, Enugu, and Panshan.",0
"Exactly 2 of the following cities are in China and exactly 1 are in Denmark: Oklahoma City, Copenhagen, Urumqi, Laibin, Nampula, and Tlalpan.",1
"Exactly 2 of the following cities are in China and exactly 1 are in Russia: New York City, Xuzhou, Kalininskiy, Bhavnagar, Xuanzhou, and Cochin.",1
"Exactly 2 of the following cities are in China and exactly 1 are in Uzbekistan: Rui'an, Tashkent, Maoming, Hiroshima, Vilnius, and Cuiaba.",1
"Exactly 1 of the following cities are in Ukraine and exactly 2 are in Nigeria: Panzhihua, Amman, Maracay, Kharkiv, Cape Town, and Abuja.",0
"Exactly 2 of the following cities are in Russia and exactly 1 are in China: Krakow, Changshu, Khabarovsk Vtoroy, Makhachkala, Agadir, and Mosul.",1
"Exactly 3 of the following cities are in China and exactly 1 are in Mexico: Torreon, Zagreb, Nanchong, Yangquan, Qujing, and Tyumen.",1
"Exactly 1 of the following cities are in the Democratic Republic of the Congo and exactly 4 are in Japan: Basrah, Laibin, Stockholm, Kobe, Mbuji-Mayi, and Najafgarh.",0
"Exactly 2 of the following cities are in India and exactly 1 are in Indonesia: Pimpri, Nasiriyah, Denpasar, Belo Horizonte, Oslo, and Guiyang.",0
"Exactly 2 of the following cities are in China and exactly 1 are in Brazil: E'zhou, Bishkek, Kumasi, Goiania, Shubra al Khaymah, and Shenzhen.",1
"Exactly 1 of the following cities are in India and exactly 3 are in China: Wanxian, Wuzhou, Ebute Ikorodu, Coimbatore, Benin City, and Jingmen.",1
"Exactly 1 of the following cities are in Uzbekistan and exactly 1 are in Indonesia: Haiphong, South Tangerang, Bahawalpur, Tashkent, Urumqi, and Al Ain City.",1
"Exactly 1 of the following cities are in Mexico and exactly 2 are in Iran: Kisangani, Karaj, Mandalay, Santiago de Queretaro, Tyumen, and Shymkent.",0
"Exactly 1 of the following cities are in India and exactly 4 are in China: Xuzhou, Yiwu, Guangzhou, Linfen, Porto Alegre, and Erode.",1
"Exactly 2 of the following cities are in Indonesia and exactly 1 are in Russia: Calgary, Xuchang, Ufa, Subang Jaya, Tangerang, and Sofia.",0
"Exactly 1 of the following cities are in Poland and exactly 3 are in China: Wroclaw, Xuzhou, Matsuyama, Mianzhu, Deyang, Sichuan, Sanmenxia, and Zahedan.",1
"Exactly 2 of the following cities are in Russia and exactly 1 are in Venezuela: Saint Petersburg, Maracaibo, Zhangzhou, Liupanshui, Weinan, and Changshu.",0
"Exactly 1 of the following cities are in China and exactly 4 are in Chad: Zhangjiagang, Herat, Baghdad, Langfang, Mar del Plata, and N'Djamena.",0
"Exactly 2 of the following cities are in Honduras and exactly 1 are in Ecuador: Baotou, Kallakurichi, Quito, Nova Iguacu, San Pedro Sula, and Zhangjiagang.",0
"Exactly 3 of the following cities are in China and exactly 1 are in Algeria: Shijiazhuang, Chengdu, Las Pinas, Bucaramanga, Tebessa, and Langfang.",1
"Exactly 2 of the following cities are in China and exactly 2 are in India: Jiangyin, Kigali, Changshu, Ranchi, Jaipur, and Maceio.",1
"Exactly 3 of the following cities are in India and exactly 1 are in Mauritania: Sapporo, Nouakchott, Binzhou, Shiraz, Zhanjiang, and Ahmedabad.",0
"Exactly 2 of the following cities are in India and exactly 1 are in Mozambique: Cuiaba, Nampula, Bobo-Dioulasso, Xianyang, Nanded, and Theni.",1
"Exactly 1 of the following cities are in South Africa and exactly 1 are in Nigeria: Onitsha, Albuquerque, Ilorin, Pretoria, Porto Alegre, and Pikine.",0
"Exactly 1 of the following cities are in Indonesia and exactly 3 are in China: Maturin, Dar es Salaam, Jiamusi, Changde, Shangrao, and Jakarta.",1
"Exactly 1 of the following cities are in the United States and exactly 2 are in Egypt: Giza, Kumamoto, Rizhao, Tolyatti, Milwaukee, and Siliguri.",0
"Exactly 1 of the following cities are in Japan and exactly 2 are in Turkey: Petaling Jaya, Baoji, Kagoshima, Odesa, Uskudar, and Omsk.",0
"Exactly 1 of the following cities are in Mali and exactly 3 are in China: Mississauga, Quzhou, Zhabei, Bareilly, Bamako, and Asuncion.",0
"Exactly 2 of the following cities are in Iran and exactly 1 are in Morocco: Kermanshah, Al Basrah al Qadimah, Agadir, Hubli, Zahedan, and Sanming.",1
"Exactly 1 of the following cities are in Nigeria and exactly 3 are in China: Queens, Kayseri, Xiaogan, Warri, Kashgar, and Pingliang.",1
"Exactly 1 of the following cities are in Malaysia and exactly 3 are in China: Baoji, General Santos, Klang, Guangyuan, Contagem, and Liupanshui.",1
"Exactly 2 of the following cities are in China and exactly 1 are in Turkey: Qingdao, Meerut, Daqing, Antalya, Asuncion, and Faridabad.",1
"Exactly 2 of the following cities are in India and exactly 1 are in China: Tomsk, Baku, Victoria de Durango, Ningbo, Amravati, and Daejeon.",0
"Exactly 1 of the following cities are in India and exactly 3 are in China: Qujing, Harare, Huangshi, Faisalabad, Erode, and Yangquan.",1
"Exactly 1 of the following cities are in India and exactly 2 are in China: Antalya, Guigang, Huaibei, Santa Maria Chimalhuacan, Bokaro, and Ho Chi Minh City.",1
"Exactly 1 of the following cities are in Mozambique and exactly 5 are in Nigeria: Benoni, Nay Pyi Taw, Puning, Kano, Abuja, and Matola.",0
"Exactly 2 of the following cities are in China and exactly 1 are in Pakistan: Dnipro, Huangshi, Xuchang, Palembang, Sargodha, and Arequipa.",1
"Exactly 1 of the following cities are in Turkey and exactly 1 are in Argentina: Turin, Salta, Kharkiv, Guwahati, Gaziantep, and Tianshui.",1
"Exactly 3 of the following cities are in China and exactly 1 are in the United Arab Emirates: Ebute Ikorodu, Qom, Rui'an, Zigong, Dubai, and Weihai.",1
"Exactly 3 of the following cities are in India and exactly 1 are in South Korea: Zhenjiang, Busan, Bhilai, Wuhan, Zhaoqing, and Bangkok.",0
"Exactly 3 of the following cities are in China and exactly 1 are in Rwanda: Nanning, Kashgar, Kigali, Santiago de Cuba, Lodz, and Jiaozhou.",1
"Exactly 1 of the following cities are in China and exactly 1 are in Ukraine: Khartoum, Zaporizhzhya, Qionghai, Qingdao, Khulna, and Aparecida de Goiania.",0
"Exactly 1 of the following cities are in Vietnam and exactly 2 are in Japan: Kobe, Thuan An, Antwerpen, Shizuoka, Vilnius, and Fortaleza.",1
"Exactly 1 of the following cities are in Ukraine and exactly 2 are in China: Bayannur, Santiago de los Caballeros, Bucaramanga, Huaibei, Namangan, and Kharkiv.",1
"Exactly 1 of the following cities are in India and exactly 2 are in Turkey: Ludhiana, Bursa, Teresina, Quito, Giza, and Jaboatao.",0
"Exactly 3 of the following cities are in Brazil and exactly 1 are in Russia: Sao Jose dos Campos, Paranaque City, Ulsan, Omsk, Bursa, and Xiaogan.",0
"Exactly 2 of the following cities are in China and exactly 1 are in Morocco: Fes, Sendai, Bucaramanga, Puducherry, Tangshan, and Qionghai.",1
"Exactly 3 of the following cities are in Iran and exactly 1 are in China: Comilla, Accra, Chennai, Jiaozuo, Xuanzhou, and Isfahan.",0
"Exactly 1 of the following cities are in Kuwait and exactly 2 are in China: Al Ahmadi, Yiwu, Al Fayyum, Voronezh, Yichang, and Yekaterinburg.",1
"Exactly 1 of the following cities are in Iraq and exactly 2 are in Nigeria: Quebec, Yiwu, Leipzig, Jaboatao dos Guararapes, Sulaymaniyah, and Maiduguri.",0
"Exactly 3 of the following cities are in Sudan and exactly 1 are in Burundi: Benxi, Omdurman, Bauchi, Tangier, San Miguel de Tucuman, and Bujumbura.",0
"Exactly 1 of the following cities are in India and exactly 1 are in Morocco: Weinan, Ziyang, Meknes, Madurai, Kozhikode, and Ghaziabad.",0
"Exactly 1 of the following cities are in Russia and exactly 2 are in India: Krasnodar, Huzhou, Daejeon, Bhopal, Bhubaneswar, and Harare.",1
"Exactly 3 of the following cities are in China and exactly 1 are in Vietnam: Can Tho, Al Fayyum, Cixi, Zagreb, Ordos, and Zaozhuang.",1
"Exactly 1 of the following cities are in Ukraine and exactly 1 are in China: Changshu, Izhevsk, Maiduguri, Zaozhuang, Wuwei, and Kryvyy Rih.",0
"Exactly 2 of the following cities are in Russia and exactly 1 are in Canada: Cape Town, Liuzhou, Marrakesh, Mississauga, Vladivostok, and Comilla.",0
"Exactly 1 of the following cities are in India and exactly 1 are in Vietnam: Rio de Janeiro, Thuan An, Meizhou, Pune, Brazzaville, and Cuttack.",0
"Exactly 2 of the following cities are in Mexico and exactly 2 are in India: Cancun, Indore, Kanayannur, Iztapalapa, Mianzhu, Deyang, Sichuan, and Poznan.",1
"Exactly 1 of the following cities are in Mexico and exactly 2 are in Japan: Okayama, Caloocan City, Shizuoka, Jinan, Torreon, and Weinan.",1
"Exactly 1 of the following cities are in Russia and exactly 2 are in China: Gold Coast, Urumqi, Xuchang, Londrina, Izhevsk, and Daegu.",1
"Exactly 2 of the following cities are in Indonesia and exactly 2 are in China: Batam, Bandar Lampung, Mazar-e Sharif, Maturin, Taicang, and Ordos.",1
"Exactly 1 of the following cities are in Pakistan and exactly 3 are in China: Hanzhong, Gujranwala, Zhanjiang, Chiclayo, Indore, and Kashgar.",1
"Exactly 2 of the following cities are in Guatemala and exactly 1 are in the United States: Foshan, Guatemala City, Suwon, Mosul, New York City, and Fuxin.",0
"Exactly 1 of the following cities are in Japan and exactly 1 are in India: Makati City, Rahim Yar Khan, Antananarivo, Ludhiana, Campos dos Goytacazes, and Saitama.",1
"Exactly 1 of the following cities are in Malaysia and exactly 2 are in Indonesia: South Tangerang, Klang, Hezhou, Changchun, Shymkent, and Yangjiang.",0
"Exactly 2 of the following cities are in Russia and exactly 1 are in Nigeria: Rajshahi, Joao Pessoa, Meerut, Rostov-na-Donu, Paranaque City, and Kano.",0
"Exactly 3 of the following cities are in Kuwait and exactly 1 are in China: Kolkata, Al Ahmadi, Meizhou, Qujing, Guang'an, and Arak.",0
"Exactly 2 of the following cities are in Indonesia and exactly 2 are in China: Ordos, Jambi City, Kalininskiy, Rangpur, Jamshedpur, and Mar del Plata.",0
"Exactly 1 of the following cities are in Morocco and exactly 4 are in China: Al Basrah al Qadimah, Zunyi, Suining, Meknes, Qinhuangdao, and Shanghai.",1
"Exactly 2 of the following cities are in India and exactly 1 are in Germany: Daejeon, Visakhapatnam, Nampula, Amritsar, Pingdingshan, and Munich.",1
"Exactly 2 of the following cities are in India and exactly 2 are in Canada: Latakia, Thane, Conakry, Calgary, New South Memphis, and Sapporo.",0
"Exactly 3 of the following cities are in Indonesia and exactly 1 are in the United States: South Tangerang, Fort Worth, Maoming, Victoria de Durango, Giza, and Changshu.",0
"Exactly 1 of the following cities are in Mozambique and exactly 3 are in the Philippines: General Santos, Maputo, Nashik, Semarang, Marrakesh, and Munich.",0
"Exactly 2 of the following cities are in Nigeria and exactly 2 are in Brazil: Abeokuta, Balikpapan, Zhangjiagang, Suizhou, Shizuoka, and Sorocaba.",0
"Exactly 1 of the following cities are in Pakistan and exactly 2 are in China: Tangshan, Banjarmasin, Brasilia, Kotli, Fushun, and Bhavnagar.",1
"Exactly 1 of the following cities are in India and exactly 3 are in Pakistan: Huainan, Shubra al Khaymah, Islamabad, Jamshedpur, Solapur, and Tirunelveli.",0
"Exactly 2 of the following cities are in Ukraine and exactly 1 are in China: Minsk, Cape Town, Yunfu, Bogor, Tyumen, and Zaporizhzhya.",0
"Exactly 1 of the following cities are in Morocco and exactly 2 are in Brazil: Londrina, Dombivli, Ebute Ikorodu, Casablanca, Shenzhen, and Ibadan.",0
"Exactly 1 of the following cities are in India and exactly 2 are in China: Neijiang, Poznan, Lipetsk, Kunming, Novosibirsk, and Pune.",1
"Exactly 1 of the following cities are in Mexico and exactly 2 are in India: Tebessa, Coyoacan, Coimbatore, Malang, Aligarh, and Barnaul.",1
"Exactly 1 of the following cities are in China and exactly 3 are in India: Barnaul, Jamshedpur, Campos dos Goytacazes, Guankou, Vijayawada, and Rohini.",1
"Exactly 1 of the following cities are in China and exactly 3 are in Guinea: Beira, Conakry, Xining, Abeokuta, Maturin, and Ho Chi Minh City.",0
"Exactly 3 of the following cities are in Uzbekistan and exactly 3 are in Russia: Chelyabinsk, Khabarovsk Vtoroy, Ibadan, Ordos, Namangan, and Porto Velho.",0
"Exactly 3 of the following cities are in the United States and exactly 1 are in Indonesia: Bandar Lampung, Panzhihua, Hanoi, Beira, Sevastopol, and New York City.",0
"Exactly 1 of the following cities are in Kyrgyzstan and exactly 4 are in Mexico: Bishkek, Hohhot, Sendai, Al Mahallah al Kubra, Coyoacan, and Zaporizhzhya.",0
"Exactly 1 of the following cities are in Iran and exactly 2 are in China: Managua, Zhangjiagang, New Kingston, Coyoacan, Kahriz, and Pretoria.",0
"Exactly 1 of the following cities are in Turkey and exactly 3 are in China: Seoul, Huaihua, Bahcelievler, Anshan, Bengbu, and Ulyanovsk.",1
"Exactly 3 of the following cities are in China and exactly 1 are in Cameroon: Cixi, Jiangmen, Naberezhnyye Chelny, Qinzhou, Yaounde, and Duesseldorf.",1
"Exactly 2 of the following cities are in China and exactly 1 are in Argentina: Seongnam-si, Tembisa, Suez, Shangyu, Guang'an, and San Miguel de Tucuman.",1
"Exactly 4 of the following cities are in China and exactly 1 are in Sudan: Khartoum, Quebec, Longyan, Wuhan, Kunming, and Qujing.",1
"Exactly 1 of the following cities are in Benin and exactly 3 are in China: Lianyungang, Gujranwala, Al Ahmadi, Cotonou, Pyongyang, and Huaibei.",0
"Exactly 1 of the following cities are in Peru and exactly 2 are in the United States: Latakia, Wanning, Faridabad, Callao, Kirkuk, and Oklahoma City.",0
"Exactly 1 of the following cities are in China and exactly 3 are in Brazil: Pontianak, Chisinau, Cixi, Porto Alegre, Nyala, and Duque de Caxias.",0
"Exactly 1 of the following cities are in Egypt and exactly 4 are in China: Ma'anshan, Madinat an Nasr, Shangqiu, Yingkou, Changchun, and Eskisehir.",1
"Exactly 2 of the following cities are in China and exactly 1 are in India: Jabalpur, Khabarovsk, Ipoh, Koeln, Kaifeng, and Rawalpindi.",0
"Exactly 3 of the following cities are in Iran and exactly 1 are in Brazil: Yaounde, Fortaleza, Nagpur, Ranchi, Arak, and Kallakurichi.",0
"Exactly 2 of the following cities are in China and exactly 1 are in Iran: Tyumen, Bokaro, Shanghai, Anshun, Tabriz, and Kolkata.",1
"Exactly 4 of the following cities are in China and exactly 1 are in Iraq: Erbil, Zibo, Shangyu, Changde, Kalininskiy, and Yongzhou.",1
"Exactly 3 of the following cities are in China and exactly 1 are in Indonesia: Tangerang, Zaozhuang, Weihai, Qom, Wanxian, and Cancun.",1
"Exactly 2 of the following cities are in China and exactly 1 are in India: Bijie, Grosszschocher, Bursa, Madurai, Ribeirao Preto, and Matola.",0
"Exactly 1 of the following cities are in Brazil and exactly 3 are in China: Winnipeg, Maceio, Batam, Ordos, Hubli, and Penza.",0
"Exactly 1 of the following cities are in Ecuador and exactly 1 are in Russia: Kalininskiy, Fukuoka, Panzhihua, Thiruvananthapuram, Grosszschocher, and Quito.",1
"Exactly 1 of the following cities are in Morocco and exactly 2 are in India: Incheon, Tangier, Gwalior, Barranquilla, Suqian, and Siliguri.",1
"Exactly 2 of the following cities are in Mexico and exactly 1 are in China: Volgograd, Narela, Bujumbura, Iztapalapa, Zapopan, and Linyi.",1
"Exactly 2 of the following cities are in India and exactly 1 are in Argentina: Amritsar, Zhuzhou, Ribeirao Preto, Abobo, Teresina, and San Miguel de Tucuman.",0
"Exactly 3 of the following cities are in China and exactly 1 are in Hungary: Budapest, Ulan Bator, Huaihua, Ashgabat, Guangyuan, and Zhaoqing.",1
"Exactly 1 of the following cities are in the Philippines and exactly 4 are in Argentina: Changshu, General Santos, Oyo, San Miguel de Tucuman, Mosul, and Sambhaji Nagar.",0
"Exactly 1 of the following cities are in Nigeria and exactly 1 are in China: Koeln, Zaria, Antalya, Xuzhou, Nouakchott, and Kumasi.",1
"Exactly 1 of the following cities are in Nigeria and exactly 3 are in Brazil: Nouakchott, Zaria, Feira de Santana, Zibo, Cebu City, and Jiujiang.",0
"Exactly 2 of the following cities are in China and exactly 1 are in Uganda: Kampala, Ma'anshan, Sarajevo, Saint Petersburg, Rio de Janeiro, and Taicang.",1
"Exactly 2 of the following cities are in China and exactly 1 are in Turkey: Panshan, Istanbul, Jeddah, Banjarmasin, Bishkek, and Changshu.",1
"Exactly 1 of the following cities are in Mexico and exactly 3 are in China: Jakarta, Suizhou, Ordos, Santa Maria Chimalhuacan, Almaty, and Shanghai.",1
"Exactly 2 of the following cities are in China and exactly 1 are in Turkey: Lu'an, Brasilia, Daejeon, Quzhou, Esenler, and Nasiriyah.",1
"Exactly 1 of the following cities are in China and exactly 2 are in Russia: New York City, Xuzhou, Kalininskiy, Bhavnagar, Xuanzhou, and Cochin.",0
"Exactly 2 of the following cities are in Egypt and exactly 1 are in Ukraine: Madinat an Nasr, Al Fayyum, Kryvyy Rih, Bijie, Kitakyushu, and Cebu City.",1
"Exactly 2 of the following cities are in China and exactly 1 are in Gabon: Tehran, Hanoi, Mosul, Libreville, Soweto, and Chuzhou.",0
"Exactly 1 of the following cities are in Belarus and exactly 2 are in China: Minsk, Malacca, Copenhagen, Sao Bernardo do Campo, Zhuzhou, and Shantou.",1
"Exactly 2 of the following cities are in Mexico and exactly 1 are in China: Ecatepec de Morelos, Kisangani, Malacca, Kyiv, Multan, and Bayannur.",0
"Exactly 2 of the following cities are in Russia and exactly 1 are in Morocco: Nairobi, Khabarovsk Vtoroy, Cape Town, Ufa, Xuanzhou, and Agadir.",1
"Exactly 2 of the following cities are in China and exactly 1 are in the United Arab Emirates: Anyang, Sao Paulo, Arak, Santiago de Cuba, Abu Dhabi, and Ajmer.",0
"Exactly 2 of the following cities are in Russia and exactly 2 are in Pakistan: Rui'an, Chuzhou, Saint Petersburg, Changwon, Kotli, and Lipetsk.",0
"Exactly 1 of the following cities are in Japan and exactly 2 are in Pakistan: Ryazan', Jilin, Baotou, Jeonju, Nagoya, and Faisalabad.",0
"Exactly 2 of the following cities are in Morocco and exactly 2 are in Cambodia: Hebi, Barnaul, Okayama, Bikaner, Casablanca, and Phnom Penh.",0
"Exactly 1 of the following cities are in Uzbekistan and exactly 2 are in China: Rizhao, Mukalla, Rui'an, Daejeon, Namangan, and Douala.",1
"Exactly 1 of the following cities are in Azerbaijan and exactly 4 are in Mexico: Baku, Klang, Nairobi, Kallakurichi, Nay Pyi Taw, and San Luis Potosi.",0
"Exactly 1 of the following cities are in Russia and exactly 1 are in China: Tangshan, Novosibirsk, Gold Coast, Karol Bagh, Huizhou, and Pekanbaru.",0
"Exactly 2 of the following cities are in Japan and exactly 1 are in Brazil: Santiago de Cuba, Konya, Oslo, Brasilia, Jilin, and Himeji.",0
"Exactly 1 of the following cities are in China and exactly 3 are in Nigeria: Al Ain City, Tehran, Minsk, Liupanshui, Kano, and Cancun.",0
"Exactly 2 of the following cities are in China and exactly 2 are in the United Arab Emirates: Huaibei, Al Ain City, Sharjah, Indianapolis, Sanming, and Odesa.",1
"Exactly 2 of the following cities are in China and exactly 1 are in Iran: Warangal, Ansan-si, Mombasa, Foshan, Karbala, and Karaj.",0
"Exactly 1 of the following cities are in Syria and exactly 2 are in China: Kumamoto, Ar Raqqah, Wanning, Santa Maria Chimalhuacan, Hohhot, and Kaduna.",1
"Exactly 2 of the following cities are in India and exactly 1 are in Turkey: Sokoto, Kolkata, Eskisehir, Krasnodar, Accra, and Rui'an.",0
"Exactly 1 of the following cities are in Kenya and exactly 2 are in Russia: Londrina, Belo Horizonte, Dombivli, Nairobi, Novosibirsk, and Tyumen.",1
"Exactly 1 of the following cities are in Brazil and exactly 3 are in China: Suining, Lanzhou, Feira de Santana, Nanning, Abu Ghurayb, and Meknes.",1
"Exactly 1 of the following cities are in Japan and exactly 3 are in India: Laibin, Warangal, Boumerdes, Kitakyushu, Mumbai, and Vijayawada.",1
"Exactly 1 of the following cities are in South Africa and exactly 3 are in China: Shah Alam, Tokyo, Chizhou, Zhenjiang, Laiwu, and Benoni.",1
"Exactly 3 of the following cities are in India and exactly 1 are in Mexico: Hubli, Ghaziabad, Bhavnagar, Aguascalientes, Nampula, and Taicang.",1
"Exactly 1 of the following cities are in India and exactly 1 are in Iran: Huaibei, Qiqihar, Shivaji Nagar, Orumiyeh, Meerut, and Saitama.",0
"Exactly 1 of the following cities are in China and exactly 2 are in Iraq: Suining, Erbil, Taiz, Khulna, Jos, and Dortmund.",0
"Exactly 1 of the following cities are in Japan and exactly 2 are in India: Kigali, Huainan, Amritsar, Zhumadian, Bhayandar, and Hachioji.",1
"Exactly 4 of the following cities are in Canada and exactly 1 are in Brazil: Santa Maria Chimalhuacan, Fortaleza, Liaocheng, Handan, Maiduguri, and Mississauga.",0
"Exactly 1 of the following cities are in China and exactly 2 are in Brazil: Korla, Neijiang, Beirut, Kakamega, Makhachkala, and Rio de Janeiro.",0
"Exactly 2 of the following cities are in Indonesia and exactly 1 are in Thailand: Naucalpan de Juarez, Bangkok, Surakarta, Jakarta, Chandigarh, and Indianapolis.",1
"Exactly 1 of the following cities are in Honduras and exactly 1 are in Indonesia: Kawaguchi, Nanning, Tegucigalpa, Kashgar, New Kingston, and Serang.",1
"Exactly 1 of the following cities are in Brazil and exactly 3 are in Sudan: Baku, Coyoacan, Krasnodar, Omdurman, Samarinda, and Recife.",0
"Exactly 2 of the following cities are in Indonesia and exactly 1 are in Mexico: Kimhae, Orenburg, Pune, Semarang, Malacca, and Victoria de Durango.",0
"Exactly 1 of the following cities are in China and exactly 3 are in India: Tiruchirappalli, Shijiazhuang, Hachioji, Daegu, Sanya, and Niamey.",0
"Exactly 1 of the following cities are in Mozambique and exactly 2 are in Iran: Kahriz, Isfahan, Nampula, Dnipro, Hannover, and Chizhou.",1
"Exactly 1 of the following cities are in Côte d'Ivoire and exactly 2 are in South Korea: Daejeon, Beira, Guangzhou, Kemerovo, Bursa, and Bouake.",0
"Exactly 3 of the following cities are in China and exactly 1 are in Iran: Lubumbashi, Kawaguchi, Bayannur, Kahriz, Huaibei, and Chuzhou.",1
"Exactly 1 of the following cities are in Turkey and exactly 2 are in India: Narela, Sanmenxia, Xining, Izmir, Guigang, and Petaling Jaya.",0
"Exactly 3 of the following cities are in India and exactly 1 are in China: Antalya, Guigang, Huaibei, Santa Maria Chimalhuacan, Bokaro, and Ho Chi Minh City.",0
"Exactly 2 of the following cities are in India and exactly 2 are in Japan: Giza, Matsuyama, Kalyan, Kawaguchi, Saint Petersburg, and Mumbai.",1
"Exactly 2 of the following cities are in Sudan and exactly 1 are in Japan: Matsuyama, Omdurman, Ansan-si, Najran, Gaziantep, and Irbid.",0
"Exactly 1 of the following cities are in China and exactly 2 are in India: Kotli, Comilla, Qionghai, Cuttack, Santo Domingo Oeste, and Gwalior.",1
"Exactly 1 of the following cities are in Pakistan and exactly 1 are in South Africa: Coyoacan, Faisalabad, Juiz de Fora, Pasig City, Milwaukee, and Cape Town.",1
"Exactly 2 of the following cities are in Brazil and exactly 1 are in Germany: Manaus, Bahawalpur, Omsk, Qom, Jaboatao dos Guararapes, and Nuernberg.",1
"Exactly 1 of the following cities are in Saudi Arabia and exactly 1 are in China: Himeji, Tucson, Najran, Xiangtan, Irbid, and Iztapalapa.",1
"Exactly 2 of the following cities are in Germany and exactly 1 are in Ukraine: Nanning, Denpasar, Munich, Yaounde, Kharkiv, and Las Pinas.",0
"Exactly 5 of the following cities are in China and exactly 1 are in Ukraine: Zaporizhzhya, Shihezi, Guang'an, Daqing, Maoming, and Handan.",1
"Exactly 1 of the following cities are in Russia and exactly 1 are in China: Naberezhnyye Chelny, Narela, Tangier, Uskudar, Dakar, and Zhenjiang.",1
"Exactly 1 of the following cities are in Brazil and exactly 2 are in Mozambique: Multan, Amritsar, Curitiba, Hamamatsu, Nampula, and Asyut.",0
"Exactly 2 of the following cities are in Russia and exactly 1 are in India: Amravati, Kalininskiy, Osaka, Saint Petersburg, Ningbo, and Ciudad Guayana.",1
"Exactly 2 of the following cities are in India and exactly 1 are in Ukraine: Faridabad, Shizuoka, Sevastopol, Vadodara, Puning, and Riga.",1
"Exactly 1 of the following cities are in India and exactly 2 are in Japan: Bhubaneswar, Kisangani, Chongqing, Casablanca, Kyoto, and Cangzhou.",0
"Exactly 2 of the following cities are in China and exactly 1 are in South Korea: Chuzhou, Kallakurichi, Grosszschocher, Kandahar, Busan, and Omdurman.",0
"Exactly 2 of the following cities are in India and exactly 3 are in China: Bhubaneswar, Kashgar, San Pedro Sula, Jiaozhou, Tonghua, and Shivaji Nagar.",1
"Exactly 2 of the following cities are in South Africa and exactly 1 are in Iran: Karachi, Yaounde, Kinshasa, Kermanshah, Tembisa, and Pasig City.",0
"Exactly 1 of the following cities are in Ukraine and exactly 2 are in the United States: Sevastopol, Cotonou, Zhumadian, Chennai, Milwaukee, and Tonghua.",0
"Exactly 2 of the following cities are in Côte d'Ivoire and exactly 2 are in Sweden: Goeteborg, Macapa, Abobo, Dubai, Zhenjiang, and Sanming.",0
"Exactly 3 of the following cities are in China and exactly 1 are in Burkina Faso: Bijie, Zahedan, Bobo-Dioulasso, Xianning, Lu'an, and Abu Dhabi.",1
"Exactly 1 of the following cities are in Brazil and exactly 2 are in Somalia: Mogadishu, Poznan, Porto Velho, Mersin, Jamshedpur, and Taguig.",0
"Exactly 2 of the following cities are in China and exactly 1 are in the Philippines: Tolyatti, Victoria de Durango, Yichang, Caloocan City, Nairobi, and Zhangye.",1
"Exactly 3 of the following cities are in Mozambique and exactly 1 are in Croatia: Maputo, Zagreb, Chengdu, Ya'an, Muscat, and Kuala Lumpur.",0
"Exactly 1 of the following cities are in Pakistan and exactly 3 are in China: Cixi, Taiz, Changde, Sanmenxia, Santiago de los Caballeros, and Gujranwala.",1
"Exactly 3 of the following cities are in China and exactly 1 are in Malaysia: Shenyang, Korla, Detroit, Hanzhong, Aleppo, and Kampung Baru Subang.",1
"Exactly 1 of the following cities are in Brazil and exactly 2 are in China: Kashgar, Tegucigalpa, Pontianak, Hangzhou, Teresina, and Albuquerque.",1
"Exactly 1 of the following cities are in Pakistan and exactly 2 are in Brazil: Campos dos Goytacazes, Malatya, Zarqa, Budapest, Feira de Santana, and Faisalabad.",1
"Exactly 2 of the following cities are in India and exactly 1 are in Malaysia: Jeonju, Ankara, Amravati, Nuernberg, Boumerdes, and Petaling Jaya.",0
"Exactly 1 of the following cities are in China and exactly 2 are in Poland: New South Memphis, Ansan-si, Yangquan, Santo Domingo Este, Poznan, and Kyiv.",0
"Exactly 2 of the following cities are in China and exactly 3 are in Germany: Shenzhen, Bhavnagar, Okayama, Ajmer, Faridabad, and Leipzig.",0
"Exactly 2 of the following cities are in Iran and exactly 2 are in Brazil: Shangqiu, Sorocaba, Istanbul, Kahriz, Zhengzhou, and Ganzhou.",0
"Exactly 2 of the following cities are in Turkey and exactly 2 are in Haiti: Duesseldorf, Port-au-Prince, Erzurum, Ajmer, Voronezh, and Cancun.",0
"Exactly 2 of the following cities are in China and exactly 1 are in Uzbekistan: Shantou, Benoni, Namangan, Osaka, Xingtai, and Contagem.",1
"Exactly 2 of the following cities are in China and exactly 1 are in Brazil: Jiaozuo, Curitiba, Changchun, Cucuta, Hannover, and Lahore.",1
"Exactly 1 of the following cities are in Uzbekistan and exactly 2 are in Brazil: Goiania, Ankara, Shiraz, Samarkand, Anyang-si, and Porto Velho.",1
"Exactly 2 of the following cities are in Nigeria and exactly 1 are in India: Kalyan, Ibadan, Nowrangapur, Chengdu, Sokoto, and Palembang.",0
"Exactly 2 of the following cities are in China and exactly 1 are in Mexico: Zhumadian, Khabarovsk Vtoroy, Iztapalapa, Kampung Baru Subang, Giza, and Nanjing.",1
"Exactly 1 of the following cities are in Brazil and exactly 2 are in China: Chizhou, Quebec, Nouakchott, Macapa, Guigang, and Indianapolis.",1
"Exactly 2 of the following cities are in Egypt and exactly 2 are in Iran: Fes, Kahriz, Dombivli, Denpasar, Suez, and Bucheon-si.",0
"Exactly 1 of the following cities are in Syria and exactly 3 are in India: Hubli, Zhangye, Madurai, Homs, Yibin, and Shenyang.",0
"Exactly 3 of the following cities are in China and exactly 1 are in Malaysia: Pikine, Jiamusi, Putian, Tiruppur, Malacca, and Huangshi.",1
"Exactly 4 of the following cities are in Bulgaria and exactly 1 are in Kyrgyzstan: Xiaogan, Bishkek, Xuzhou, Sofia, Nairobi, and Ma'anshan.",0
"Exactly 2 of the following cities are in China and exactly 1 are in India: Giza, Jiangyin, Bahcelievler, Solapur, Duque de Caxias, and Taicang.",1
"Exactly 3 of the following cities are in China and exactly 1 are in Russia: Visakhapatnam, Chenzhou, Bouake, Qingdao, Yaroslavl, and Xuzhou.",1
"Exactly 3 of the following cities are in Turkey and exactly 1 are in Peru: Bursa, Minsk, Multan, Tijuana, Callao, and Weihai.",0
"Exactly 1 of the following cities are in Venezuela and exactly 1 are in China: Tangshan, Caracas, Changshu, Johannesburg, Nairobi, and Yangjiang.",0
"Exactly 2 of the following cities are in Indonesia and exactly 1 are in China: Ibague, Navi Mumbai, Hanoi, Surakarta, Ryazan', and Sanmenxia.",0
"Exactly 1 of the following cities are in Germany and exactly 4 are in the Dominican Republic: Karachi, Laibin, Ta'if, Malang, Grosszschocher, and Santo Domingo Oeste.",0
"Exactly 2 of the following cities are in India and exactly 2 are in Iran: Korla, Kermanshah, Surat, Bamako, Bhayandar, and Ahvaz.",1
"Exactly 1 of the following cities are in China and exactly 2 are in Cameroon: Cixi, Jiangmen, Naberezhnyye Chelny, Qinzhou, Yaounde, and Duesseldorf.",0
"Exactly 1 of the following cities are in Ukraine and exactly 3 are in Japan: Yingkou, Kryvyy Rih, Kyiv, Kyoto, Maiduguri, and Shiraz.",0
"Exactly 3 of the following cities are in China and exactly 1 are in Brazil: Maoming, Curitiba, Tokyo, Balikpapan, Hanzhong, and Tangshan.",1
"Exactly 2 of the following cities are in South Africa and exactly 1 are in Argentina: San Miguel de Tucuman, Urumqi, Ahmedabad, Huizhou, Cape Town, and Voronezh.",0
"Exactly 3 of the following cities are in Germany and exactly 1 are in India: Benxi, Warangal, Dortmund, Jambi City, Klang, and Lyon.",0
"Exactly 3 of the following cities are in Côte d'Ivoire and exactly 1 are in Japan: Sapporo, Prayagraj, Ciudad Nezahualcoyotl, Najran, Rostov-na-Donu, and Abobo.",0
"Exactly 1 of the following cities are in Uganda and exactly 3 are in the Philippines: New York City, Qingdao, Ankara, Kampala, Davao, and Mukalla.",0
"Exactly 1 of the following cities are in Kazakhstan and exactly 2 are in China: Zhabei, Almaty, Ningbo, Boumerdes, Bujumbura, and Vijayawada.",1
"Exactly 1 of the following cities are in Russia and exactly 2 are in China: Tangshan, Novosibirsk, Gold Coast, Karol Bagh, Huizhou, and Pekanbaru.",1
"Exactly 1 of the following cities are in Zambia and exactly 2 are in India: Kampala, Baotou, Lusaka, Chennai, Namangan, and Uskudar.",0
"Exactly 1 of the following cities are in China and exactly 3 are in Nigeria: Bouake, Abeokuta, Xuchang, Nuernberg, Siping, and Algiers.",0
"Exactly 3 of the following cities are in Argentina and exactly 1 are in Kazakhstan: Aktobe, Mar del Plata, Tlalpan, Oklahoma City, Anyang-si, and Kalyan.",0
"Exactly 1 of the following cities are in South Korea and exactly 4 are in China: Jiaxing, Sao Bernardo do Campo, Zhaoqing, Weifang, Yibin, and Ulsan.",1
"Exactly 1 of the following cities are in Morocco and exactly 2 are in China: Meknes, Libreville, Shiraz, Maoming, Penza, and Mudanjiang.",1
"Exactly 1 of the following cities are in Mexico and exactly 3 are in China: Yingkou, Jos, Korla, Bengbu, Mazar-e Sharif, and Santiago de Queretaro.",1
"Exactly 1 of the following cities are in South Korea and exactly 3 are in Sudan: Maracaibo, Liuzhou, Omdurman, Madurai, Vijayawada, and Incheon.",0
"Exactly 1 of the following cities are in China and exactly 2 are in India: Coimbatore, Shaoxing, Poznan, Kharkiv, Ibague, and Ha'il.",0
"Exactly 1 of the following cities are in Brazil and exactly 2 are in Nigeria: Odesa, Zunyi, Bauchi, Cuiaba, Jos, and Kirkuk.",1
"Exactly 1 of the following cities are in Iran and exactly 2 are in China: Fuxin, Jinan, Tehran, Ahmedabad, Yangon, and Jeddah.",1
"Exactly 3 of the following cities are in Bangladesh and exactly 1 are in Russia: Shaoxing, Perm, Ho Chi Minh City, Jiaozuo, Rajshahi, and Zhangjiakou.",0
"Exactly 1 of the following cities are in Togo and exactly 2 are in Brazil: Tabriz, Cucuta, Porto Alegre, Caracas, Lome, and Sao Bernardo do Campo.",1
"Exactly 1 of the following cities are in India and exactly 2 are in Brazil: Voronezh, Campos dos Goytacazes, Kharkiv, Kampung Baru Subang, Erode, and Baoji.",0
"Exactly 3 of the following cities are in China and exactly 1 are in Colombia: Weihai, Cucuta, Caracas, Tiruchirappalli, Taicang, and Luzhou.",1
"Exactly 1 of the following cities are in Malaysia and exactly 3 are in India: Rourkela, Tiruchirappalli, Kagoshima, Bengaluru, Kuantan, and Okayama.",1
"Exactly 3 of the following cities are in Turkey and exactly 1 are in the Philippines: Chizhou, Harbin, Antalya, Fukuoka, Cebu City, and Riga.",0
"Exactly 1 of the following cities are in Mexico and exactly 2 are in Venezuela: Ningbo, Sendai, Wuwei, Santiago de Queretaro, Caracas, and Kaifeng.",0
"Exactly 2 of the following cities are in China and exactly 1 are in Côte d'Ivoire: Abobo, Shangrao, Xiaogan, Kota Kinabalu, Vijayawada, and Theni.",1
"Exactly 3 of the following cities are in India and exactly 1 are in Nicaragua: Changshu, Managua, Pimpri, Zhaotong, Pingliang, and Pingdingshan.",0
"Exactly 3 of the following cities are in China and exactly 1 are in Russia: Abeokuta, Lodz, Baise, Borivli, Barnaul, and Semarang.",0
"Exactly 1 of the following cities are in Nigeria and exactly 2 are in Iran: Kermanshah, Malatya, Frankfurt am Main, Port Harcourt, Moradabad, and Liaocheng.",0
"Exactly 1 of the following cities are in Iran and exactly 2 are in Syria: Petaling Jaya, Ahvaz, Cucuta, Aleppo, Mexico City, and Longyan.",0
"Exactly 1 of the following cities are in Zimbabwe and exactly 2 are in China: Zhangye, Thiruvananthapuram, Fushun, Qionghai, Harare, and San Miguel de Tucuman.",0
"Exactly 1 of the following cities are in the United States and exactly 2 are in Brazil: Benin City, Kaduna, Wanning, Detroit, Deyang, and Manaus.",0
"Exactly 1 of the following cities are in Indonesia and exactly 2 are in China: Borivli, Durban, Guangyuan, Konya, Makassar, and Shenzhen.",1
"Exactly 3 of the following cities are in the United States and exactly 1 are in India: Kemerovo, Chicago, Chandigarh, Londrina, Chuzhou, and Fortaleza.",0
"Exactly 1 of the following cities are in Turkey and exactly 1 are in China: Zhanjiang, Chiclayo, Suwon, Bahcelievler, Ganzhou, and Sendai.",0
"Exactly 3 of the following cities are in China and exactly 1 are in Malaysia: Abuja, Qinhuangdao, Qujing, Can Tho, Baise, and Kuala Lumpur.",1
"Exactly 1 of the following cities are in France and exactly 2 are in Mexico: Ahvaz, Johor Bahru, Anyang-si, Ciudad Nezahualcoyotl, Lyon, and Ufa.",0
"Exactly 1 of the following cities are in Brazil and exactly 2 are in Bangladesh: Chattogram, Kano, Kota Bharu, San Luis Potosi, Handan, and Feira de Santana.",0
"Exactly 3 of the following cities are in China and exactly 1 are in Turkey: Guiyang, Baotou, Narela, Bucaramanga, Uskudar, and Wenzhou.",1
"Exactly 1 of the following cities are in the Philippines and exactly 3 are in Malaysia: Longyan, Zhangzhou, Las Pinas, Kota Bharu, Port Harcourt, and Erode.",0
"Exactly 2 of the following cities are in India and exactly 1 are in China: Callao, Jamshedpur, Shangyu, Shangrao, Weihai, and Jiangmen.",0
"Exactly 2 of the following cities are in China and exactly 1 are in the Philippines: Jieyang, Luohe, Ibague, General Santos, Battagram, and Yangjiang.",0
"Exactly 1 of the following cities are in Nigeria and exactly 3 are in Iraq: Abeokuta, Shijiazhuang, Sulaymaniyah, Bogor, Tucson, and Mersin.",0
"Exactly 1 of the following cities are in Turkey and exactly 2 are in China: Sao Bernardo do Campo, Malacca, Bhayandar, Tabriz, Malatya, and Panshan.",0
"Exactly 1 of the following cities are in Egypt and exactly 2 are in China: Caloocan City, Al Mahallah al Kubra, Maracay, Yaroslavl, Pingdingshan, and Changde.",1
"Exactly 1 of the following cities are in Turkey and exactly 3 are in India: Xiangtan, Bengbu, Fushun, Tiruppur, Kayseri, and Port Harcourt.",0
"Exactly 1 of the following cities are in China and exactly 1 are in the Philippines: Kryvyy Rih, Kumamoto, Karbala, Anshan, Teresina, and General Santos.",1
"Exactly 2 of the following cities are in Japan and exactly 1 are in Turkey: Erzurum, Munich, Kitakyushu, Rourkela, Novosibirsk, and Gaziantep.",0
"Exactly 3 of the following cities are in China and exactly 1 are in Canada: Da Nang, Balikpapan, Ribeirao Preto, Vladivostok, Quzhou, and Quebec.",0
"Exactly 1 of the following cities are in Pakistan and exactly 3 are in South Africa: New York City, Cucuta, Cape Town, Kisangani, Lahore, and Nyala.",0
"Exactly 1 of the following cities are in Brazil and exactly 2 are in Moldova: Kyoto, Omsk, Barquisimeto, Benxi, Chisinau, and Fortaleza.",0
"Exactly 1 of the following cities are in Venezuela and exactly 2 are in Guinea: Goyang-si, Maracay, Santiago de Cuba, Kirkuk, Cochin, and Conakry.",0
"Exactly 2 of the following cities are in India and exactly 1 are in Tanzania: Jamshedpur, Porto Alegre, Juiz de Fora, Dar es Salaam, Bareilly, and Bishkek.",1
"Exactly 2 of the following cities are in China and exactly 1 are in India: Baghdad, Jiamusi, Bijie, Pune, Tangier, and Yaroslavl.",1
"Exactly 3 of the following cities are in Pakistan and exactly 1 are in Indonesia: Jieyang, Asansol, Hubli, Shizuoka, Lahore, and Palembang.",0
"Exactly 1 of the following cities are in the United States and exactly 3 are in China: Bogor, Ya'an, Guiyang, Bengbu, Managua, and Milwaukee.",1
"Exactly 2 of the following cities are in India and exactly 1 are in Russia: Jaboatao dos Guararapes, Mukalla, Yangjiang, Himeji, Mysore, and Ufa.",0
"Exactly 2 of the following cities are in India and exactly 1 are in Nigeria: N'Djamena, Beira, Bucaramanga, Dhanbad, Ilorin, and Yaroslavl.",0
"Exactly 2 of the following cities are in Tanzania and exactly 1 are in Japan: Fukuoka, Deyang, Bamako, Matola, Qujing, and Dar es Salaam.",0
"Exactly 3 of the following cities are in Morocco and exactly 1 are in Malaysia: Fes, Pyongyang, Ziyang, Suwon, Durban, and Shah Alam.",0
"Exactly 1 of the following cities are in Brazil and exactly 2 are in China: Bouake, Jiujiang, Sao Jose dos Campos, Callao, Huaibei, and Visakhapatnam.",1
"Exactly 1 of the following cities are in the United Arab Emirates and exactly 3 are in China: Chenzhou, Hachioji, Sharjah, Petaling Jaya, Wanzhou, and Anshan.",1
"Exactly 2 of the following cities are in Indonesia and exactly 1 are in Egypt: Jeonju, Shubra al Khaymah, Bayannur, Palembang, Mar del Plata, and Changchun.",0
"Exactly 1 of the following cities are in Brazil and exactly 2 are in Nigeria: Luancheng, Maceio, Abuja, Lodz, Guatemala City, and Ilorin.",1
"Exactly 2 of the following cities are in Russia and exactly 1 are in China: Nay Pyi Taw, Lipetsk, Detroit, N'Djamena, Ulyanovsk, and Changchun.",1
"Exactly 1 of the following cities are in Rwanda and exactly 2 are in India: Theni, Kigali, Al Ahmadi, Battagram, Dhanbad, and Kota Bharu.",1
"Exactly 1 of the following cities are in Ukraine and exactly 2 are in Mexico: Nanchang, San Luis Potosi, Suez, Homs, Dnipro, and Yongzhou.",0
"Exactly 2 of the following cities are in Nigeria and exactly 1 are in Malawi: Benin City, Lilongwe, Deyang, Tianjin, Brasilia, and Astrakhan.",0
"Exactly 3 of the following cities are in China and exactly 1 are in Ethiopia: Lodz, Bengaluru, Bayannur, Cixi, Addis Ababa, and Zhumadian.",1
"Exactly 1 of the following cities are in China and exactly 2 are in Brazil: Dnipro, Kotli, Goiania, Langfang, Chuzhou, and Adana.",0
"Exactly 1 of the following cities are in the Dominican Republic and exactly 2 are in China: Al Fayyum, Sanya, Da Nang, Santo Domingo Este, Changshu, and Zapopan.",1
"Exactly 2 of the following cities are in Nicaragua and exactly 2 are in Iran: Shymkent, Jalandhar, Shubra al Khaymah, Managua, Arak, and Lu'an.",0
"Exactly 1 of the following cities are in Turkey and exactly 2 are in Pakistan: Amritsar, Shangrao, Izmir, Quetta, Nyala, and Ranchi.",0
"Exactly 1 of the following cities are in Ukraine and exactly 2 are in China: New York City, Qujing, Onitsha, Surat, Yangjiang, and Sevastopol.",1
"Exactly 1 of the following cities are in Somalia and exactly 2 are in Brazil: Maceio, Mogadishu, Quetta, Qinzhou, Jaipur, and Oklahoma City.",0
"Exactly 1 of the following cities are in Egypt and exactly 3 are in China: Cixi, Porto Velho, Mombasa, Al Fayyum, Wuwei, and Xingtai.",1
"Exactly 1 of the following cities are in the Dominican Republic and exactly 3 are in Mexico: Zagreb, Sambhaji Nagar, Santo Domingo Oeste, Yibin, Iztapalapa, and Kunming.",0
"Exactly 1 of the following cities are in Iran and exactly 2 are in Honduras: San Pedro Sula, Meknes, Bamako, Balikpapan, Anyang, and Zahedan.",0
"Exactly 1 of the following cities are in Finland and exactly 1 are in South Korea: Bikaner, Abeokuta, Helsinki, Harbin, Busan, and Chizhou.",1
"Exactly 2 of the following cities are in Indonesia and exactly 1 are in Burkina Faso: Dnipro, Bobo-Dioulasso, Fortaleza, Accra, Almaty, and Jakarta.",0
"Exactly 1 of the following cities are in China and exactly 3 are in Japan: Almaty, Foshan, Malacca, Meerut, Kitakyushu, and Kota Kinabalu.",0
"Exactly 1 of the following cities are in Sudan and exactly 4 are in Peru: Yangon, Dongying, Callao, Dandong, Cuiaba, and Khartoum.",0
"Exactly 3 of the following cities are in China and exactly 1 are in Mexico: Hebi, Yichang, Peshawar, Niamey, Jiaxing, and Acapulco de Juarez.",1
"Exactly 2 of the following cities are in Indonesia and exactly 2 are in Turkey: Aracaju, Uskudar, Kampala, Tangerang, Niigata, and Arequipa.",0
"Exactly 1 of the following cities are in South Korea and exactly 3 are in China: Suwon, Bujumbura, Qinhuangdao, Shaoguan, Sao Bernardo do Campo, and Mianzhu, Deyang, Sichuan.",1
"Exactly 1 of the following cities are in Japan and exactly 2 are in India: Rizhao, Bhiwandi, Sapporo, Kigali, Lome, and Bhayandar.",1
"Exactly 3 of the following cities are in Myanmar and exactly 1 are in China: Solapur, Asmara, Yangon, Surat, Korla, and Ecatepec de Morelos.",0
"Exactly 2 of the following cities are in China and exactly 1 are in Uganda: Tiruppur, Oyo, Madinat an Nasr, Kampala, Mianzhu, Deyang, Sichuan, and Zibo.",1
"Exactly 1 of the following cities are in South Korea and exactly 4 are in Sweden: Stockholm, Maoming, Barnaul, Suwon, Pyongyang, and Hamhung.",0
"Exactly 3 of the following cities are in China and exactly 1 are in Russia: Wanning, Korla, Ghaziabad, Varanasi, Lipetsk, and Zhengzhou.",1
"Exactly 1 of the following cities are in Japan and exactly 1 are in China: Nanchong, Da Nang, Niigata, Almaty, Latakia, and Addis Ababa.",1
"Exactly 1 of the following cities are in India and exactly 2 are in China: Dnipro, Ecatepec de Morelos, Jalandhar, Huaibei, Chenzhou, and Peshawar.",1
"Exactly 1 of the following cities are in Germany and exactly 1 are in South Korea: Shah Alam, Linfen, Saratov, Kleinzschocher, Kimhae, and Guangzhou.",1
"Exactly 3 of the following cities are in the Dominican Republic and exactly 1 are in China: Karol Bagh, Cebu City, Santo Domingo Oeste, Pretoria, Pingliang, and Quito.",0
"Exactly 2 of the following cities are in India and exactly 1 are in Kenya: Kakamega, Nyala, Al Fayyum, Bijie, Vadodara, and Mysore.",1
"Exactly 1 of the following cities are in Pakistan and exactly 2 are in Nigeria: Suining, Mexicali, Multan, Baku, Marseille, and Sokoto.",0
"Exactly 3 of the following cities are in China and exactly 1 are in Mexico: Anyang-si, Shangrao, Leon de los Aldama, Ghaziabad, Dongying, and Xinyang.",1
"Exactly 3 of the following cities are in the United States and exactly 1 are in Colombia: Oklahoma City, Barranquilla, Zhuzhou, Quezon City, Semarang, and Suwon.",0
"Exactly 1 of the following cities are in Mongolia and exactly 2 are in Turkey: Ulan Bator, Himeji, Jeddah, Bagcilar, Adana, and Vilnius.",1
"Exactly 1 of the following cities are in Iran and exactly 1 are in India: Changde, Jos, Dehra Dun, Tehran, Navi Mumbai, and Laiwu.",0
"Exactly 1 of the following cities are in Mozambique and exactly 2 are in Malaysia: Malacca, Suqian, Kuala Lumpur, Douala, Matola, and Wuzhou.",1
"Exactly 1 of the following cities are in China and exactly 3 are in Malaysia: Duesseldorf, Ipoh, Pingdingshan, Bujumbura, Saint Petersburg, and Chattogram.",0
"Exactly 1 of the following cities are in Nepal and exactly 2 are in China: San Pedro Sula, Huaihua, Accra, Yaroslavl, Xinyang, and Kathmandu.",1
"Exactly 2 of the following cities are in China and exactly 1 are in Nigeria: Rajkot, Tonghua, Poznan, Port Harcourt, Soweto, and Fuxin.",1
"Exactly 3 of the following cities are in Iraq and exactly 1 are in Nigeria: Sokoto, Sulaymaniyah, Makhachkala, Guayaquil, Addis Ababa, and Kalininskiy.",0
"Exactly 2 of the following cities are in Brazil and exactly 1 are in Nicaragua: Yaounde, Bamako, Mogadishu, Helsinki, Sao Jose dos Campos, and Managua.",0
"Exactly 1 of the following cities are in Saudi Arabia and exactly 2 are in China: Anshan, Tegucigalpa, Surat, Ha'il, Narela, and Weihai.",1
"Exactly 1 of the following cities are in the Philippines and exactly 2 are in India: Sevastopol, Rohini, Homs, Lahore, Chennai, and Pasig City.",1
"Exactly 1 of the following cities are in China and exactly 2 are in Germany: Jabalpur, San Pedro Sula, Hannover, Saint Petersburg, Sanming, and Tiruchirappalli.",0
"Exactly 1 of the following cities are in Zimbabwe and exactly 1 are in India: Rourkela, Iztapalapa, Jaboatao dos Guararapes, Hegang, Duesseldorf, and Harare.",1
"Exactly 2 of the following cities are in China and exactly 1 are in Iran: Arak, Kallakurichi, Quzhou, Suizhou, Antwerpen, and Shaoxing.",0
"Exactly 2 of the following cities are in India and exactly 1 are in China: Hegang, Weinan, Perm, Okayama, Ahmedabad, and Kota Bharu.",0
"Exactly 1 of the following cities are in Myanmar and exactly 2 are in Russia: Jamshedpur, Rajshahi, Krasnoyarsk, Yingkou, Saratov, and Yangon.",1
"Exactly 2 of the following cities are in India and exactly 1 are in China: Tiruchirappalli, South Tangerang, Erzurum, Hangzhou, Ryazan', and Bareilly.",1
"Exactly 1 of the following cities are in Venezuela and exactly 3 are in India: Kalyan, Kozhikode, Barquisimeto, Anshan, Huaibei, and Hubli.",1
"Exactly 1 of the following cities are in Iran and exactly 1 are in Russia: Krasnoyarsk, Kryvyy Rih, Perm, Abobo, Kermanshah, and Himeji.",0
"Exactly 1 of the following cities are in Iran and exactly 2 are in China: Arak, Indianapolis, Anqing, Xuzhou, Hamhung, and Culiacan.",1
"Exactly 1 of the following cities are in South Africa and exactly 2 are in India: Johannesburg, Bangkok, Kolhapur, Seoul, Najafgarh, and Kinshasa.",1
"Exactly 1 of the following cities are in Russia and exactly 4 are in China: Krasnodar, Daqing, Tianjin, Nanchong, Aguascalientes, and Zhangzhou.",1
"Exactly 1 of the following cities are in India and exactly 1 are in Iran: Kermanshah, South Tangerang, Kobe, Grosszschocher, Dnipro, and Tiruchirappalli.",1
"Exactly 2 of the following cities are in China and exactly 1 are in Kenya: Al Basrah al Qadimah, Orumiyeh, Sangli, Nairobi, Baoji, and Okayama.",0
"Exactly 1 of the following cities are in Pakistan and exactly 2 are in China: Hanoi, Adana, Kawaguchi, Sharjah, Dalian, and Sargodha.",0
"Exactly 1 of the following cities are in Mongolia and exactly 1 are in Egypt: Al Fayyum, Ulan Bator, Hangzhou, Johor Bahru, Himeji, and Thuan An.",1
"Exactly 2 of the following cities are in Brazil and exactly 1 are in China: Shantou, Guangyuan, Belo Horizonte, Bhayandar, Vijayawada, and Khulna.",0
"Exactly 3 of the following cities are in China and exactly 1 are in Iran: Baoji, Quito, Isfahan, Zigong, Ordos, and Kemerovo.",1
"Exactly 2 of the following cities are in China and exactly 1 are in India: Xuzhou, Macapa, Indore, Mianzhu, Deyang, Sichuan, Tegucigalpa, and Shizuoka.",1
"Exactly 1 of the following cities are in Iran and exactly 2 are in China: Sao Jose dos Campos, Karaj, Tangshan, San Miguel de Tucuman, Borivli, and Lu'an.",1
"Exactly 2 of the following cities are in India and exactly 1 are in China: Santo Domingo Este, Tiruchirappalli, Chattogram, Bilimora, Kaifeng, and Chisinau.",1
"Exactly 1 of the following cities are in Afghanistan and exactly 2 are in China: Denpasar, Kermanshah, Zhangjiagang, Xining, Mazar-e Sharif, and Kakamega.",1
"Exactly 2 of the following cities are in Japan and exactly 1 are in China: Benin City, Chenzhou, Cebu City, Hohhot, Sendai, and Hanoi.",0
"Exactly 1 of the following cities are in the Philippines and exactly 2 are in China: Ankara, Zigong, Davao, Sarajevo, Tolyatti, and Kota Bharu.",0
"Exactly 1 of the following cities are in Norway and exactly 2 are in Burkina Faso: Kigali, Sao Jose dos Campos, Anshan, Oslo, Bobo-Dioulasso, and Comilla.",0
"Exactly 1 of the following cities are in India and exactly 1 are in Malaysia: Dehra Dun, Chaozhou, Kota Bharu, Tianshui, Shubra al Khaymah, and Ziyang.",1
"Exactly 1 of the following cities are in Indonesia and exactly 1 are in Nigeria: Pyongyang, Tangerang, Nanjing, Thuan An, Bahawalpur, and Ilorin.",1
"Exactly 2 of the following cities are in China and exactly 1 are in Mozambique: Changshu, Bulawayo, Chaozhou, Kahriz, Maputo, and Khulna.",1
"Exactly 1 of the following cities are in Mexico and exactly 3 are in Morocco: Lviv, Porto Velho, Culiacan, Erbil, Sanaa, and Marrakesh.",0
"Exactly 4 of the following cities are in Bangladesh and exactly 1 are in Brazil: Bhopal, Sorocaba, Panzhihua, Jiamusi, Rangpur, and Daegu.",0
"Exactly 2 of the following cities are in China and exactly 1 are in Malaysia: Yingkou, Klang, Mosul, Rangpur, Maturin, and Rui'an.",1
"Exactly 2 of the following cities are in China and exactly 1 are in Indonesia: Shihezi, Zhaotong, Tangerang, Dombivli, Bishkek, and Thiruvananthapuram.",1
"Exactly 1 of the following cities are in India and exactly 2 are in China: Rizhao, Taiz, Bikaner, Ahmedabad, Yerevan, and Kanayannur.",0
"Exactly 1 of the following cities are in Myanmar and exactly 4 are in Hungary: Bishkek, Budapest, Mandalay, Dakar, Ulyanovsk, and Maoming.",0
"Exactly 1 of the following cities are in Iran and exactly 3 are in China: Guarulhos, Dandong, Kaduna, Zahedan, Urumqi, and Liupanshui.",1
"Exactly 2 of the following cities are in Japan and exactly 1 are in Morocco: Krasnodar, Seongnam-si, Banjarmasin, Hamamatsu, Rui'an, and Meknes.",0
"Exactly 1 of the following cities are in Iran and exactly 2 are in China: Wroclaw, Isfahan, Ziyang, Cankaya, Anqing, and Iztapalapa.",1
"Exactly 2 of the following cities are in India and exactly 1 are in Saudi Arabia: Dammam, Asmara, Theni, Osaka, Sangli, and Benxi.",1
"Exactly 1 of the following cities are in Russia and exactly 2 are in Indonesia: Bogor, Nizhniy Novgorod, Antalya, Qinzhou, Hiroshima, and Shuangyashan.",0
"Exactly 1 of the following cities are in Indonesia and exactly 2 are in the Philippines: Xuzhou, Al Ahmadi, Makassar, Abu Ghurayb, Tebessa, and Taguig.",0
"Exactly 2 of the following cities are in Russia and exactly 2 are in China: Krasnoyarsk, Kalininskiy, Bucharest, Weifang, Jiaozuo, and Mexico City.",1
"Exactly 1 of the following cities are in Zimbabwe and exactly 3 are in Paraguay: Asuncion, Ulan Bator, Bulawayo, Maceio, Rangpur, and Semarang.",0
"Exactly 1 of the following cities are in India and exactly 4 are in Brazil: Karaj, Mumbai, Baoji, Culiacan, Jaboatao, and Dushanbe.",0
"Exactly 1 of the following cities are in Mexico and exactly 2 are in China: Guayaquil, Xining, Gold Coast, Victoria de Durango, Tirunelveli, and Sokoto.",0
"Exactly 1 of the following cities are in China and exactly 3 are in Moldova: Zhenjiang, Kano, Kaduna, Changwon, Irbid, and Chisinau.",0
"Exactly 1 of the following cities are in China and exactly 3 are in Germany: Xiamen, Sangli, Seongnam-si, Kahriz, Mumbai, and Frankfurt am Main.",0
"Exactly 2 of the following cities are in Russia and exactly 1 are in India: Davao, Taguig, Kryvyy Rih, Astrakhan, Bokaro, and Guarulhos.",0
"Exactly 2 of the following cities are in Russia and exactly 2 are in Indonesia: Siping, Santiago de los Caballeros, Tangerang, Novokuznetsk, Mersin, and Krasnodar.",0
"Exactly 2 of the following cities are in Indonesia and exactly 1 are in South Korea: Asuncion, Bucheon-si, Pekanbaru, San Pedro Sula, Wuwei, and Bishkek.",0
"Exactly 3 of the following cities are in China and exactly 1 are in Mexico: Tlaquepaque, Giza, Qinhuangdao, Fushun, Makati City, and Shenyang.",1
"Exactly 1 of the following cities are in India and exactly 3 are in Indonesia: Contagem, Cuttack, Juiz de Fora, Jos, Mississauga, and Tangerang.",0
"Exactly 1 of the following cities are in India and exactly 1 are in China: Phnom Penh, Hubli, Rohini, Zunyi, Johannesburg, and Khartoum.",0
"Exactly 2 of the following cities are in Benin and exactly 1 are in Myanmar: Zhangzhou, Guatemala City, Xiaogan, Yangon, Cotonou, and Ipoh.",0
"Exactly 1 of the following cities are in Malaysia and exactly 2 are in Ukraine: Konya, Multan, Qinzhou, Petaling Jaya, Zaporizhzhya, and Tlalpan.",0
"Exactly 2 of the following cities are in the Philippines and exactly 1 are in Mexico: Davao, Tijuana, Kermanshah, Las Pinas, Kryvyy Rih, and Saratov.",1
"Exactly 2 of the following cities are in Venezuela and exactly 1 are in Brazil: Barquisimeto, Ghaziabad, Brasilia, Sulaymaniyah, Zhangzhou, and Cape Town.",0
"Exactly 3 of the following cities are in India and exactly 1 are in the Philippines: Deyang, Dombivli, Mysore, Davao, Anqing, and Faridabad.",1
"Exactly 3 of the following cities are in India and exactly 1 are in China: Rizhao, Taiz, Bikaner, Ahmedabad, Yerevan, and Kanayannur.",1
"Exactly 1 of the following cities are in India and exactly 1 are in Myanmar: Bhopal, Lusaka, Sanming, Nyala, Yangon, and Puente Alto.",1
"Exactly 1 of the following cities are in China and exactly 2 are in Jordan: Coimbatore, Ibague, Amman, Ranchi, Culiacan, and Linyi.",0
"Exactly 2 of the following cities are in Pakistan and exactly 1 are in India: Lahore, Florianopolis, Campos dos Goytacazes, Theni, Cotonou, and Battagram.",1
"Exactly 2 of the following cities are in Myanmar and exactly 1 are in China: Giza, Nay Pyi Taw, Nairobi, Handan, Gaziantep, and Santo Domingo Este.",0
"Exactly 2 of the following cities are in the Republic of the Congo and exactly 1 are in China: Kleinzschocher, Shangyu, Zagreb, Hannover, Brazzaville, and Harbin.",0
"Exactly 3 of the following cities are in China and exactly 1 are in the United States: Casablanca, Haiphong, Taicang, New South Memphis, Fushun, and Anqing.",1
"Exactly 1 of the following cities are in China and exactly 2 are in Uzbekistan: Barnaul, Saitama, Huangshi, Cheonan, Niigata, and Namangan.",0
"Exactly 2 of the following cities are in China and exactly 1 are in Brazil: Suining, Koeln, Manaus, Jamshedpur, Barnaul, and Xiamen.",1
"Exactly 1 of the following cities are in the Philippines and exactly 2 are in Egypt: Thuan An, Lanzhou, San Pedro Sula, Giza, Paranaque City, and Anshun.",0
"Exactly 2 of the following cities are in Togo and exactly 2 are in Mexico: Lome, Chennai, Recife, Dandong, Ciudad Nezahualcoyotl, and Jiaozhou.",0
"Exactly 1 of the following cities are in China and exactly 1 are in Kazakhstan: Samarkand, Diyarbakir, Zhangjiakou, Shymkent, Kawaguchi, and Korla.",0
"Exactly 1 of the following cities are in Mexico and exactly 2 are in China: Al Basrah al Qadimah, San Luis Potosi, E'zhou, Fortaleza, Shizuoka, and Ghaziabad.",0
"Exactly 2 of the following cities are in Ghana and exactly 1 are in China: Korla, Daqing, Nagpur, Kumasi, Johor Bahru, and Harare.",0
"Exactly 3 of the following cities are in Turkey and exactly 1 are in Canada: Sanya, Perm, Calgary, Eskisehir, Yerevan, and Dnipro.",0
"Exactly 1 of the following cities are in Brazil and exactly 3 are in Indonesia: Ilorin, Luzhou, Minsk, Tangerang, Uberlandia, and Changchun.",0
"Exactly 3 of the following cities are in China and exactly 1 are in the Philippines: Yangjiang, Bahawalpur, Karaj, Pasig City, Guigang, and Kaifeng.",1
"Exactly 2 of the following cities are in China and exactly 1 are in Malaysia: Krasnoyarsk, Subang Jaya, Kharkiv, Hohhot, Riga, and Shenzhen.",1
"Exactly 2 of the following cities are in the United States and exactly 1 are in Vietnam: Bishkek, Ho Chi Minh City, Belo Horizonte, Xuanzhou, New South Memphis, and Sokoto.",0
"Exactly 1 of the following cities are in China and exactly 2 are in Ukraine: Odesa, Baghdad, Hamhung, Bikaner, Bayannur, and Hannover.",0
"Exactly 2 of the following cities are in China and exactly 2 are in Iran: Linfen, Kermanshah, Rostov-na-Donu, Kahriz, Jiaozuo, and Ipoh.",1
"Exactly 1 of the following cities are in Germany and exactly 2 are in China: Chicago, Xianyang, Grosszschocher, Subang Jaya, Campos dos Goytacazes, and Fushun.",1
"Exactly 1 of the following cities are in Germany and exactly 3 are in China: Navi Mumbai, Asansol, Shenyang, Zhuzhou, Wenzhou, and Frankfurt am Main.",1
"Exactly 1 of the following cities are in Iran and exactly 2 are in Mexico: Tijuana, Aguascalientes, Rourkela, Tabriz, Mersin, and Santiago de Cuba.",1
"Exactly 2 of the following cities are in China and exactly 1 are in Belarus: Wuhan, Asansol, Jaipur, Hangzhou, Nasiriyah, and Minsk.",1
"Exactly 3 of the following cities are in India and exactly 1 are in Iraq: Ghaziabad, Duque de Caxias, Rawalpindi, Basrah, Salta, and Qom.",0
"Exactly 1 of the following cities are in Venezuela and exactly 2 are in India: Nashik, Kolhapur, Al Fayyum, Jiangmen, Baku, and Maracay.",1
"Exactly 1 of the following cities are in Benin and exactly 2 are in China: Jakarta, Karbala, Nanchong, Cotonou, Kayseri, and Jiaxing.",1
"Exactly 1 of the following cities are in Russia and exactly 3 are in South Korea: Denpasar, Bujumbura, Hwaseong-si, Nashik, Tyumen, and Zhangzhou.",0
"Exactly 1 of the following cities are in Brazil and exactly 2 are in Nigeria: Gold Coast, Changchun, Abeokuta, Goiania, Handan, and Onitsha.",1
"Exactly 1 of the following cities are in Ukraine and exactly 2 are in India: Curitiba, Dnipro, Tirunelveli, Irkutsk, Dhanbad, and Zhenjiang.",1
"Exactly 1 of the following cities are in Pakistan and exactly 1 are in India: Liaocheng, Muzaffarabad, Lipetsk, Indore, Maoming, and Kayseri.",1
"Exactly 3 of the following cities are in the United States and exactly 1 are in India: Irbid, Budapest, Wuwei, Cankaya, Pune, and Seattle.",0
"Exactly 1 of the following cities are in Turkey and exactly 2 are in Malaysia: Mosul, Wenzhou, Cimahi, Ankara, Zhangjiakou, and Kampung Baru Subang.",0
"Exactly 2 of the following cities are in China and exactly 1 are in South Africa: Guilin, Harbin, Cape Town, Varanasi, Diyarbakir, and Pasig City.",1
"Exactly 1 of the following cities are in China and exactly 3 are in France: Arequipa, Daejeon, Lyon, Yibin, Lome, and Qujing.",0
"Exactly 2 of the following cities are in Venezuela and exactly 2 are in China: Ordos, Ciudad Guayana, Sokoto, Korla, Lome, and Sarajevo.",0
"Exactly 2 of the following cities are in Indonesia and exactly 2 are in South Korea: Denpasar, Culiacan, Aligarh, Brasilia, Cheongju-si, and Rahim Yar Khan.",0
"Exactly 1 of the following cities are in Brazil and exactly 2 are in India: Varanasi, Ludhiana, Qom, Goiania, Abeokuta, and Bangkok.",1
"Exactly 1 of the following cities are in Mexico and exactly 2 are in Japan: Hiroshima, Tlaquepaque, Nagoya, Yangon, Wuwei, and Meizhou.",1
"Exactly 3 of the following cities are in Malaysia and exactly 1 are in Russia: Kota Kinabalu, Tabriz, Amritsar, Lipetsk, Vilnius, and Weinan.",0
"Exactly 2 of the following cities are in China and exactly 1 are in Russia: Huangshi, Bhayandar, Guntur, Liaocheng, Nizhniy Novgorod, and Dar es Salaam.",1
"Exactly 1 of the following cities are in India and exactly 3 are in Cameroon: Amritsar, Yaounde, Ufa, Torreon, Bursa, and Harbin.",0
"Exactly 1 of the following cities are in Pakistan and exactly 3 are in the United Arab Emirates: Tebessa, Baku, Krakow, Soweto, Islamabad, and Dubai.",0
"Exactly 2 of the following cities are in Japan and exactly 1 are in Ghana: Kyiv, Accra, Barranquilla, Sendai, Ta'if, and Hamamatsu.",1
"Exactly 1 of the following cities are in Afghanistan and exactly 3 are in China: Herat, Qinhuangdao, Dongying, Algiers, Borivli, and Laibin.",1
"Exactly 2 of the following cities are in Brazil and exactly 1 are in Mauritania: Acapulco de Juarez, Yunfu, Nouakchott, Panzhihua, Juiz de Fora, and Gold Coast.",0
"Exactly 1 of the following cities are in Russia and exactly 1 are in Brazil: Abu Ghurayb, Dar es Salaam, Curitiba, Jaboatao, Voronezh, and Jabalpur.",0
"Exactly 1 of the following cities are in South Africa and exactly 2 are in Indonesia: Ankara, Durban, Semarang, Thuan An, Banjarmasin, and Xianyang.",1
"Exactly 1 of the following cities are in China and exactly 4 are in Russia: Omsk, Bhopal, Indore, Zhenjiang, Bagcilar, and Tianshui.",0
"Exactly 1 of the following cities are in Kazakhstan and exactly 2 are in India: Aktobe, Guankou, Nagpur, Sangli, Ecatepec de Morelos, and Shihezi.",1
"Exactly 3 of the following cities are in China and exactly 1 are in Russia: Ryazan', Narela, Dar es Salaam, Nanchong, Bahawalpur, and Nay Pyi Taw.",0
"Exactly 1 of the following cities are in Jordan and exactly 2 are in China: Bujumbura, Xianyang, Ludhiana, Irbid, Semarang, and Huzhou.",1
"Exactly 3 of the following cities are in China and exactly 1 are in Mexico: Kahriz, Liuzhou, Jiaozhou, Jaboatao, Wuzhou, and Coyoacan.",1
"Exactly 2 of the following cities are in Germany and exactly 1 are in Ecuador: Acapulco de Juarez, Quito, Solapur, Koeln, Guangyuan, and Jambi City.",0
"Exactly 1 of the following cities are in India and exactly 2 are in Malaysia: Bokaro, Asyut, Enugu, Guatemala City, Zapopan, and Kota Bharu.",0
"Exactly 1 of the following cities are in Morocco and exactly 2 are in Japan: Oslo, Uberlandia, Uskudar, Tangier, Sendai, and Tokyo.",1
"Exactly 1 of the following cities are in Iran and exactly 4 are in China: Wanning, Xuzhou, Liuzhou, Zhumadian, Isfahan, and Thane.",1
"Exactly 1 of the following cities are in Indonesia and exactly 1 are in China: Borivli, Durban, Guangyuan, Konya, Makassar, and Shenzhen.",0
"Exactly 1 of the following cities are in Malaysia and exactly 2 are in Russia: Baghdad, Baoji, Orumiyeh, Penza, Malacca, and Jeddah.",0
"Exactly 3 of the following cities are in China and exactly 1 are in Russia: Macapa, Luohe, Xiangtan, Lipetsk, Shantou, and Haiphong.",1
"Exactly 1 of the following cities are in Iran and exactly 3 are in China: Bhiwandi, Dakar, Dushanbe, Dar es Salaam, Qom, and Weifang.",0
"Exactly 2 of the following cities are in Bangladesh and exactly 1 are in Morocco: Rajshahi, Mar del Plata, Uskudar, Tangier, Santiago de Cuba, and Aleppo.",0
"Exactly 3 of the following cities are in China and exactly 1 are in India: Tirunelveli, Liuzhou, Qiqihar, Islamabad, Antwerpen, and Zibo.",1
"Exactly 1 of the following cities are in China and exactly 4 are in Turkey: Linyi, Shenyang, Ahvaz, Sao Jose dos Campos, Izmir, and Asyut.",0
"Exactly 3 of the following cities are in India and exactly 1 are in Burundi: Bhavnagar, Jilin, Soweto, Kanayannur, Bujumbura, and Qiqihar.",0
"Exactly 1 of the following cities are in Russia and exactly 3 are in China: Irkutsk, Sulaymaniyah, Yichang, Xiamen, Calgary, and Yiwu.",1
"Exactly 1 of the following cities are in Indonesia and exactly 2 are in South Korea: Makassar, Campos dos Goytacazes, Changwon, Tlaquepaque, Kimhae, and Longyan.",1
"Exactly 1 of the following cities are in China and exactly 3 are in Peru: Guarulhos, Agadir, Jiamusi, Paranaque City, Arequipa, and Ganzhou.",0
"Exactly 1 of the following cities are in India and exactly 2 are in Brazil: E'zhou, Omsk, Florianopolis, Duque de Caxias, Bokaro, and Weihai.",1
"Exactly 1 of the following cities are in Iran and exactly 3 are in China: Kermanshah, Yangquan, Maceio, Chongqing, Dubai, and Xuchang.",1
"Exactly 1 of the following cities are in Kuwait and exactly 2 are in China: Shanghai, Copenhagen, Tangier, Kunshan, Bangkok, and Al Ahmadi.",1
"Exactly 1 of the following cities are in Mexico and exactly 3 are in India: Peshawar, Tiruchirappalli, Banjarmasin, Victoria de Durango, Bhayandar, and Bhavnagar.",1
"Exactly 1 of the following cities are in China and exactly 1 are in Germany: Gwalior, Hannover, Zhumadian, Linyi, Jiangyin, and Zigong.",0
"Exactly 2 of the following cities are in the Philippines and exactly 1 are in India: Belo Horizonte, Ahmedabad, Pasig City, Paranaque City, Kyoto, and Kryvyy Rih.",1
"Exactly 2 of the following cities are in Argentina and exactly 1 are in China: Dongying, Tlaquepaque, Salta, Tiruchirappalli, Kalyan, and Yichang.",0
"Exactly 3 of the following cities are in Turkey and exactly 1 are in Croatia: Zagreb, Pasig City, Adana, Irkutsk, Ziyang, and Tyumen.",0
"Exactly 2 of the following cities are in Germany and exactly 1 are in China: Karachi, Jiamusi, Aracaju, Koeln, Enugu, and Santo Domingo Este.",0
"Exactly 2 of the following cities are in India and exactly 1 are in Turkey: Osaka, Malatya, Aleppo, Warangal, Karol Bagh, and Copenhagen.",1
"Exactly 1 of the following cities are in Iran and exactly 3 are in China: Libreville, Kermanshah, Kaduna, Kaifeng, Putian, and Wuwei.",1
"Exactly 3 of the following cities are in India and exactly 1 are in China: Krasnoyarsk, Caracas, Bucharest, Cochin, Tonghua, and Omdurman.",0
"Exactly 4 of the following cities are in Iraq and exactly 1 are in France: Fuxin, Amravati, Faisalabad, Lodz, Al Basrah al Qadimah, and Marseille.",0
"Exactly 2 of the following cities are in India and exactly 1 are in Kenya: Sarajevo, Mombasa, Theni, Marseille, Cangzhou, and Maturin.",0
"Exactly 3 of the following cities are in Zambia and exactly 1 are in the Philippines: Lusaka, Khabarovsk, Kumasi, Cebu City, Ghaziabad, and Shangrao.",0
"Exactly 2 of the following cities are in the United Arab Emirates and exactly 1 are in China: Kozhikode, Al Ain City, Johannesburg, Accra, Ordos, and Okayama.",0
"Exactly 2 of the following cities are in China and exactly 1 are in Bangladesh: Lome, Shangrao, Changde, Ajmer, Eskisehir, and Rangpur.",1
"Exactly 1 of the following cities are in Germany and exactly 2 are in China: Seongnam-si, Hangzhou, Adana, Hefei, Ciudad Guayana, and Dortmund.",1
"Exactly 1 of the following cities are in Chad and exactly 4 are in India: Tiruchirappalli, Arak, E'zhou, Al Ahmadi, N'Djamena, and Marseille.",0
"Exactly 2 of the following cities are in Rwanda and exactly 1 are in Pakistan: Coyoacan, Jilin, Kigali, Al Basrah al Qadimah, Peshawar, and Heze.",0
"Exactly 3 of the following cities are in China and exactly 1 are in Iran: N'Djamena, Bengbu, Ma'anshan, Tabriz, Zibo, and Kanpur.",1
"Exactly 1 of the following cities are in China and exactly 1 are in Japan: Fukuoka, Changchun, Coimbatore, Queens, Bauchi, and Cangzhou.",0
"Exactly 2 of the following cities are in Russia and exactly 1 are in Ukraine: Kemerovo, Puducherry, Guiyang, Sao Jose dos Campos, Sevastopol, and Ufa.",1
"Exactly 1 of the following cities are in South Korea and exactly 1 are in India: Haiphong, Agadir, Pimpri, New South Memphis, Seongnam-si, and Sangli.",0
"Exactly 1 of the following cities are in Madagascar and exactly 2 are in China: Guiyang, Jingmen, Dushanbe, Antananarivo, Barnaul, and Port Harcourt.",1
"Exactly 2 of the following cities are in Russia and exactly 1 are in Malaysia: Tashkent, Benin City, Coimbatore, Zhangjiagang, Krasnodar, and Kampung Baru Subang.",0
"Exactly 3 of the following cities are in China and exactly 1 are in Cameroon: Jiujiang, Ghaziabad, Seattle, Jilin, Yaounde, and Wenzhou.",1
"Exactly 1 of the following cities are in the United States and exactly 1 are in India: Mianzhu, Deyang, Sichuan, Shenzhen, The Bronx, Hubli, Harbin, and Bursa.",1
"Exactly 3 of the following cities are in Russia and exactly 1 are in India: Kozhikode, Macapa, Ranchi, Dehra Dun, Barnaul, and Muzaffarabad.",0
"Exactly 2 of the following cities are in China and exactly 1 are in Venezuela: Qingdao, Khabarovsk Vtoroy, Barquisimeto, Kolkata, Tyumen, and Riga.",0
"Exactly 3 of the following cities are in China and exactly 1 are in Brazil: Lianyungang, Busan, Maceio, Suez, Zigong, and Luzhou.",1
"Exactly 1 of the following cities are in China and exactly 2 are in Turkey: Maiduguri, Kuala Lumpur, Okayama, Malatya, Beira, and Lianyungang.",0
"Exactly 4 of the following cities are in Iraq and exactly 1 are in Peru: Chenzhou, Hamhung, Erbil, Chiclayo, Penza, and Zhumadian.",0
"Exactly 1 of the following cities are in Russia and exactly 2 are in Morocco: Batam, Tangshan, Jiangyin, Kalininskiy, Kozhikode, and Casablanca.",0
"Exactly 1 of the following cities are in China and exactly 2 are in Brazil: Pontianak, Chisinau, Cixi, Porto Alegre, Nyala, and Duque de Caxias.",1
"Exactly 2 of the following cities are in India and exactly 1 are in Iran: Eskisehir, Asansol, Nairobi, Karaj, Zhangjiagang, and Bhubaneswar.",1
"Exactly 2 of the following cities are in China and exactly 1 are in Vietnam: Longyan, Da Nang, Khulna, Jiaozuo, Nowrangapur, and Bahcelievler.",1
"Exactly 1 of the following cities are in South Korea and exactly 2 are in India: Mumbai, Quebec, Tijuana, Jeonju, Meknes, and Deyang.",0
"Exactly 1 of the following cities are in Iraq and exactly 3 are in China: Kirkuk, Callao, Yinchuan, Bhiwandi, Zhoushan, and Suining.",1
"Exactly 2 of the following cities are in China and exactly 1 are in India: Shiraz, Dehra Dun, Tebessa, Jeddah, Xianyang, and Guangzhou.",1
"Exactly 2 of the following cities are in China and exactly 1 are in Brazil: Aktobe, Yongzhou, Feira de Santana, Baise, Vilnius, and Lubumbashi.",1
"Exactly 1 of the following cities are in Ukraine and exactly 3 are in China: Matola, Poznan, Lviv, Chongqing, Panshan, and Guangzhou.",1
"Exactly 2 of the following cities are in Russia and exactly 1 are in Iraq: Namangan, Nizhniy Novgorod, Al Mahallah al Kubra, Zhabei, Kemerovo, and Abu Ghurayb.",1
"Exactly 1 of the following cities are in India and exactly 4 are in China: Ulan Bator, Tijuana, Siliguri, Liupanshui, Quezon City, and Bhubaneswar.",0
"Exactly 1 of the following cities are in South Africa and exactly 2 are in China: Benxi, Nashik, Bandar Lampung, Cochin, Cape Town, and Mukalla.",0
"Exactly 2 of the following cities are in China and exactly 1 are in Paraguay: Bijie, Multan, Huangshi, Asuncion, Cebu City, and South Tangerang.",1
"Exactly 1 of the following cities are in Russia and exactly 1 are in China: Laibin, Novosibirsk, Vladivostok, Kigali, Cebu City, and Bulawayo.",0
"Exactly 2 of the following cities are in Indonesia and exactly 1 are in Ghana: Baoji, Kumasi, Nasiriyah, Kahriz, Mosul, and Banjarmasin.",0
"Exactly 1 of the following cities are in Malawi and exactly 2 are in India: Kampung Baru Subang, Kozhikode, Lilongwe, Aligarh, Mukalla, and Incheon.",1
"Exactly 3 of the following cities are in India and exactly 3 are in Russia: Ghaziabad, Krasnodar, Coimbatore, Krasnoyarsk, Amritsar, and Omsk.",1
"Exactly 1 of the following cities are in Russia and exactly 1 are in Togo: Tebessa, Guankou, Kemerovo, Yangon, Lome, and Novokuznetsk.",0
"Exactly 3 of the following cities are in China and exactly 1 are in Japan: Orumiyeh, Benxi, Kyoto, Brazzaville, Weihai, and Dalian.",1
"Exactly 1 of the following cities are in Russia and exactly 3 are in India: Daejeon, Liuzhou, Visakhapatnam, Krasnoyarsk, Ar Raqqah, and Dushanbe.",0
"Exactly 2 of the following cities are in Russia and exactly 2 are in China: Santiago de Cuba, Vadodara, Yinchuan, Khabarovsk Vtoroy, Yiwu, and Rostov-na-Donu.",1
"Exactly 3 of the following cities are in China and exactly 1 are in Mexico: Xuanzhou, Odesa, Zhumadian, Tlalpan, Nanning, and Marrakesh.",1
"Exactly 1 of the following cities are in China and exactly 1 are in India: Jiangyin, Kigali, Changshu, Ranchi, Jaipur, and Maceio.",0
"Exactly 1 of the following cities are in Morocco and exactly 4 are in China: Mudanjiang, Ankara, Jingmen, Meknes, Bengbu, and Shenzhen.",1
"Exactly 1 of the following cities are in Nigeria and exactly 2 are in China: Qinhuangdao, Benin City, Phnom Penh, Quezon City, Chizhou, and Ankara.",1
"Exactly 1 of the following cities are in China and exactly 2 are in Finland: Acapulco de Juarez, Luancheng, Khabarovsk Vtoroy, Lilongwe, Hebi, and Helsinki.",0
"Exactly 1 of the following cities are in Zimbabwe and exactly 2 are in the United States: Bulawayo, Tucson, Chandigarh, Salta, Bouake, and New York City.",1
"Exactly 3 of the following cities are in China and exactly 1 are in Mozambique: Zhaoqing, Kotli, Matola, Bengbu, Nay Pyi Taw, and Laibin.",1
"Exactly 1 of the following cities are in Egypt and exactly 3 are in China: Aden, Shihezi, Huaibei, Shanghai, Dortmund, and Al Fayyum.",1
"Exactly 1 of the following cities are in China and exactly 1 are in Iraq: Dnipro, Konya, Shivaji Nagar, Nasiriyah, Binzhou, and Jinan.",0
"Exactly 2 of the following cities are in China and exactly 1 are in Madagascar: Anshan, Tianjin, Vilnius, Ar Raqqah, Antananarivo, and Baku.",1
"Exactly 2 of the following cities are in Pakistan and exactly 1 are in Indonesia: Cimahi, Xiaogan, Gujranwala, Hebi, Hamamatsu, and Shanghai.",0
"Exactly 1 of the following cities are in China and exactly 2 are in India: Gwalior, New South Memphis, Niigata, Orenburg, Huainan, and Almaty.",0
"Exactly 2 of the following cities are in China and exactly 1 are in Bangladesh: Rajshahi, Khabarovsk Vtoroy, Handan, Kano, Rawalpindi, and Liupanshui.",1
"Exactly 3 of the following cities are in India and exactly 1 are in Indonesia: Klang, Sulaymaniyah, Kolhapur, Dehra Dun, Dombivli, and Denpasar.",1
"Exactly 2 of the following cities are in China and exactly 1 are in Pakistan: Aparecida de Goiania, Seattle, Nowrangapur, Tianshui, Orenburg, and Rahim Yar Khan.",0
"Exactly 2 of the following cities are in Mexico and exactly 1 are in China: Tlaquepaque, Cotonou, Kinshasa, Jiaozhou, Amman, and Fortaleza.",0
"Exactly 2 of the following cities are in India and exactly 1 are in South Korea: Puducherry, Hubli, Kagoshima, Lyon, Busan, and Mexicali.",1
"Exactly 1 of the following cities are in Venezuela and exactly 3 are in Iraq: Culiacan, Caracas, The Bronx, Denpasar, Maceio, and Kirkuk.",0
"Exactly 1 of the following cities are in Malaysia and exactly 3 are in China: Sanmenxia, Xianyang, South Tangerang, Bhilai, Ipoh, and Zigong.",1
"Exactly 1 of the following cities are in Russia and exactly 3 are in India: Bhubaneswar, Khabarovsk Vtoroy, Gold Coast, Sambhaji Nagar, Thane, and San Miguel de Tucuman.",1
"Exactly 3 of the following cities are in China and exactly 1 are in Germany: Haiphong, Leipzig, Hanzhong, Xuchang, Zhoushan, and Minsk.",1
"Exactly 1 of the following cities are in Nigeria and exactly 2 are in India: Nanded, Sanaa, E'zhou, Orumiyeh, Oyo, and Santiago de Queretaro.",0
"Exactly 1 of the following cities are in Indonesia and exactly 3 are in China: Belo Horizonte, Budapest, Sao Paulo, Liaocheng, Serang, and Albuquerque.",0
"Exactly 1 of the following cities are in China and exactly 1 are in Brazil: Goiania, Prayagraj, General Santos, Al Mahallah al Kubra, Xinyang, and Yaounde.",1
"Exactly 1 of the following cities are in the Philippines and exactly 3 are in China: Caloocan City, Guilin, Curitiba, Zibo, Shijiazhuang, and Diyarbakir.",1
"Exactly 4 of the following cities are in India and exactly 1 are in Turkey: Madurai, Curitiba, Diyarbakir, Theni, Guntur, and Chennai.",1
"Exactly 1 of the following cities are in Iraq and exactly 2 are in Iran: Huangshi, Qom, Chuzhou, Krasnodar, Krasnoyarsk, and Al Mawsil al Jadidah.",0
"Exactly 2 of the following cities are in Kenya and exactly 1 are in India: Novosibirsk, Amravati, Ulhasnagar, Taiz, Kakamega, and Dortmund.",0
"Exactly 4 of the following cities are in Russia and exactly 1 are in Saudi Arabia: Yekaterinburg, Jeddah, Oslo, Pontianak, Samarkand, and Yangjiang.",0
"Exactly 1 of the following cities are in Turkey and exactly 2 are in India: Faridabad, Qionghai, Nampula, Nova Iguacu, Ulhasnagar, and Bahcelievler.",1
"Exactly 1 of the following cities are in Mexico and exactly 2 are in Turkey: Dehra Dun, Esenler, Prayagraj, Okayama, Bamako, and Tlalpan.",0
"Exactly 1 of the following cities are in Russia and exactly 2 are in Burkina Faso: Zhoushan, Bobo-Dioulasso, Jeddah, Novokuznetsk, Baghdad, and Bengaluru.",0
"Exactly 2 of the following cities are in Pakistan and exactly 3 are in China: Hanzhong, Gujranwala, Zhanjiang, Chiclayo, Indore, and Kashgar.",0
"Exactly 2 of the following cities are in Ghana and exactly 1 are in India: Accra, Cuttack, Okayama, Pingliang, Huizhou, and Laibin.",0
"Exactly 2 of the following cities are in Cameroon and exactly 1 are in Indonesia: Yangon, Sevastopol, Yaounde, Pasig City, Sorocaba, and Serang.",0
"Exactly 2 of the following cities are in Oman and exactly 1 are in India: Leon de los Aldama, Jalandhar, Huaibei, Shenzhen, Muscat, and Jiujiang.",0
"Exactly 1 of the following cities are in Iran and exactly 2 are in China: New Kingston, Isfahan, Guangzhou, Najafgarh, Seongnam-si, and Ningbo.",1
"Exactly 1 of the following cities are in Russia and exactly 4 are in China: Shantou, Qujing, Florianopolis, Saratov, Xiangtan, and Baoji.",1
"Exactly 1 of the following cities are in Venezuela and exactly 2 are in India: Barquisimeto, Comilla, Onitsha, Warri, Cuttack, and Bhubaneswar.",1
"Exactly 2 of the following cities are in China and exactly 1 are in India: Cheongju-si, Shantou, Da Nang, Faridabad, New York City, and Dongying.",1
"Exactly 3 of the following cities are in Argentina and exactly 1 are in India: Kalyan, Tolyatti, Anshan, San Miguel de Tucuman, Solapur, and Asuncion.",0
"Exactly 1 of the following cities are in the United Arab Emirates and exactly 2 are in Mozambique: Tangshan, Al Ain City, Kolkata, Maputo, Dubai, and Diyarbakir.",0
"Exactly 4 of the following cities are in India and exactly 1 are in Nigeria: Weifang, Xuzhou, Enugu, Fort Worth, Ouagadougou, and Prayagraj.",0
"Exactly 3 of the following cities are in China and exactly 1 are in Russia: Kunming, Hezhou, Voronezh, Seoul, Porto Alegre, and Hangzhou.",1
"Exactly 2 of the following cities are in Brazil and exactly 1 are in India: Aparecida de Goiania, Tolyatti, Karbala, Kayseri, Uberlandia, and Bhavnagar.",1
"Exactly 3 of the following cities are in China and exactly 1 are in Brazil: Goiania, Prayagraj, General Santos, Al Mahallah al Kubra, Xinyang, and Yaounde.",0
"Exactly 2 of the following cities are in China and exactly 1 are in India: Zhenjiang, Tyumen, Ranchi, Shihezi, Indore, and Hanzhong.",0
"Exactly 2 of the following cities are in South Korea and exactly 1 are in Kazakhstan: Almaty, Liuzhou, Suwon, Harbin, Jeonju, and Barnaul.",1
"Exactly 1 of the following cities are in Iraq and exactly 2 are in Brazil: Puducherry, Joao Pessoa, Najran, Port Harcourt, Kirkuk, and Giza.",0
"Exactly 1 of the following cities are in India and exactly 4 are in Turkey: Port-au-Prince, Lodz, Detroit, Asansol, Uskudar, and Izmir.",0
"Exactly 1 of the following cities are in China and exactly 1 are in Turkey: Orenburg, Zhaotong, Jiangyin, Zigong, Indore, and Adana.",0
"Exactly 1 of the following cities are in India and exactly 3 are in China: Pasig City, Yunfu, Ludhiana, Quetta, Hefei, and E'zhou.",1
"Exactly 1 of the following cities are in Nigeria and exactly 3 are in India: Jos, Pekanbaru, Rohini, Mumbai, Thiruvananthapuram, and Jinan.",1
"Exactly 1 of the following cities are in South Korea and exactly 2 are in China: Lubumbashi, Wuwei, Bucheon-si, Linyi, Maracaibo, and Tashkent.",1
"Exactly 1 of the following cities are in Canada and exactly 1 are in Japan: Jeonju, Shangluo, Zaporizhzhya, Saitama, Mississauga, and Hiroshima.",0
"Exactly 2 of the following cities are in China and exactly 2 are in India: Jalandhar, Zhoushan, Rajshahi, Bareilly, Luohe, and Lodz.",1
"Exactly 1 of the following cities are in Morocco and exactly 2 are in China: Giza, Dongying, Jiamusi, Marrakesh, Acapulco de Juarez, and Mukalla.",1
"Exactly 3 of the following cities are in China and exactly 1 are in India: Xuchang, San Miguel de Tucuman, Tonghua, Khabarovsk Vtoroy, Jaipur, and Ordos.",1
"Exactly 1 of the following cities are in China and exactly 3 are in Russia: Volgograd, Harbin, Kitakyushu, Pune, Hanoi, and Almaty.",0
"Exactly 2 of the following cities are in India and exactly 1 are in China: Santo Domingo Oeste, Bikaner, Wuzhou, Shizuoka, Faridabad, and Bloemfontein.",1
"Exactly 2 of the following cities are in Indonesia and exactly 2 are in Vietnam: Bien Hoa, Dongying, Orumiyeh, Aktobe, Jambi City, and Yerevan.",0
"Exactly 2 of the following cities are in India and exactly 1 are in Japan: Changde, Chandigarh, Huaibei, E'zhou, Kallakurichi, and Matsuyama.",1
"Exactly 2 of the following cities are in Iran and exactly 1 are in Malaysia: Sao Bernardo do Campo, Bishkek, Liaocheng, Kota Kinabalu, Korla, and Arak.",0
"Exactly 1 of the following cities are in South Africa and exactly 2 are in the Republic of the Congo: Brazzaville, Fushun, Soweto, Yaroslavl, Najafgarh, and Santiago de Queretaro.",0
"Exactly 2 of the following cities are in Myanmar and exactly 2 are in India: Pontianak, Hohhot, Yangon, Mexicali, Thiruvananthapuram, and Hamamatsu.",0
